id_request,cadena,sku_producto,nombre_canasta,nombre_detectado,precio,nombre_local,region,comuna,fecha_carga,timestamp_proceso
7824d8647dbd145b20398cb9618e3a73,jumbo,1,arroz 1kg,Arroz Grado 1 Cuisine & Co Grano Largo y Delgado 1 kg,1890,Online RM,Metropolitana,Santiago,2026-08-08,2026-08-08T00:25:51.314101
8fe0f20fc80ca4776386306b64ed2b91,jumbo,2,arroz 1kg,Arroz Grado 1 Cuisine & Co Grano Largo y Ancho 1 kg,1790,Online RM,Metropolitana,Santiago,2026-08-08,2026-08-08T00:25:51.314130
02393bde1a7bbdccd39f6319aaf130ee,jumbo,3,arroz 1kg,Arroz Grado 1 Banquete Premium Grano Largo y Ancho 1 kg,2530,Online RM,Metropolitana,Santiago,2026-08-08,2026-08-08T00:25:51.314149
846b3137dfd881c6cbdb1634c0d73616,jumbo,4,arroz 1kg,Arroz Pregraneado Cuisine & Co 1 kg,1690,Online RM,Metropolitana,Santiago,2026-08-08,2026-08-08T00:25:51.314166
b96244a40fbbdbc1790f8537dee5826f,jumbo,5,arroz 1kg,Arroz Grado 2 Cuisine & Co Largo y Delgado 1 kg,1390,Online RM,Metropolitana,Santiago,2026-08-08,2026-08-08T00:25:51.314182
efd17114ea9a1d5c1e848b60db99c809,jumbo,6,arroz 1kg,Arroz Grado 2 Cuisine & Co Grano Largo y Ancho 1 kg,1750,Online RM,Metropolitana,Santiago,2026-08-08,2026-08-08T00:25:51.314197
d66af3fe0c68702b180f630eef85cf5e,jumbo,7,arroz 1kg,Arroz Grado 1 Banquete Premium Grano Largo 2 kg,4850,Online RM,Metropolitana,Santiago,2026-08-08,2026-08-08T00:25:51.314212
6be42bda2341be0c7f304e96b16ddbe5,jumbo,8,arroz 1kg,Arroz Pregraneado Miraflores 1 kg,2770,Online RM,Metropolitana,Santiago,2026-08-08,2026-08-08T00:25:51.314227
719da95595ab87e6bcc70d0d975bc126,jumbo,9,arroz 1kg,Arroz Grado 1 Miraflores Grano Largo y Ancho 1 kg,2290,Online RM,Metropolitana,Santiago,2026-08-08,2026-08-08T00:25:51.314242
3f33635957858bed88d1735e49b5f1f8,jumbo,10,arroz 1kg,Arroz Grado 1 Tucapel Gran Selección Grano Largo y Ancho 1 kg,1790,Online RM,Metropolitana,Santiago,2026-08-08,2026-08-08T00:25:51.314258
7eb9f32443d3a4299a2c5334d70021d4,jumbo,11,arroz 1kg,Arroz Grado 1 Tucapel Grano Largo Delgado 1 kg,2480,Online RM,Metropolitana,Santiago,2026-08-08,2026-08-08T00:25:51.314273
78ccfb74af6494408ad9e17d6e0a9383,jumbo,12,arroz 1kg,Arroz Grado 2 Máxima Grano Largo Angosto 1 kg,860,Online RM,Metropolitana,Santiago,2026-08-08,2026-08-08T00:25:51.314288
1ff197769ac17989d18e68ebf10e1e78,jumbo,13,arroz 1kg,Arroz Grado 1 Tucapel Pregraneado Grano Largo 1 kg,2630,Online RM,Metropolitana,Santiago,2026-08-08,2026-08-08T00:25:51.314304
e9c62c4e7e7599e6c5a98f34c7e1eb76,jumbo,14,arroz 1kg,Arroz Grado 1 Banquete Grano Largo Pregraneado 1 kg,1600,Online RM,Metropolitana,Santiago,2026-08-08,2026-08-08T00:25:51.314319
66e0d0a68f8ae961fc872bf3f18de97f,jumbo,15,arroz 1kg,Arroz Grado 2 Banquete Premium Grano Largo y Ancho 1 kg,2300,Online RM,Metropolitana,Santiago,2026-08-08,2026-08-08T00:25:51.314338
7b1dfea3010f084843dbf3f043cbfc94,jumbo,16,arroz 1kg,Arroz Grado 2 Tucapel Blue Grano Largo y Delgado 1 kg,1810,Online RM,Metropolitana,Santiago,2026-08-08,2026-08-08T00:25:51.314354
18a6500afc0cd420e8edd76eba6183f9,jumbo,1,pan marraqueta,Pan Marraqueta Grande Granel,1145,Online RM,Metropolitana,Santiago,2026-08-08,2026-08-08T00:25:51.316608
8056687d3eae9fec250e2dfcbb9a5b31,jumbo,2,pan marraqueta,Pan Marraqueta Cuisine & Co Precocida 8 un.,2690,Online RM,Metropolitana,Santiago,2026-08-08,2026-08-08T00:25:51.316630
c54d5eb0fabf595b404cbdb29180f585,jumbo,3,pan marraqueta,Pan Marraqueta Wholegrain Granel,1645,Online RM,Metropolitana,Santiago,2026-08-08,2026-08-08T00:25:51.316647
166257e710f0b0a3940fd544a33c2c6f,jumbo,4,pan marraqueta,Pan Marraqueta Precocida Congelada 6 un.,4290,Online RM,Metropolitana,Santiago,2026-08-08,2026-08-08T00:25:51.316664
8f2b6619ab4c39dfe0b6a88ed55705ec,jumbo,5,pan marraqueta,Pan Marraqueta Cuisine & Co Sin Gluten 480 g,4989,Online RM,Metropolitana,Santiago,2026-08-08,2026-08-08T00:25:51.316679
7cdbe1c9aac712a115f628720660046d,jumbo,6,pan marraqueta,Pan Marraqueta Sin Gluten 480 g 4 un.,5160,Online RM,Metropolitana,Santiago,2026-08-08,2026-08-08T00:25:51.316695
323a6c5fbb7a13c1b26a9295ba99448f,jumbo,7,pan marraqueta,Pan Marraqueta Dilici Sin Gluten 400 g,4990,Online RM,Metropolitana,Santiago,2026-08-08,2026-08-08T00:25:51.316849
6260f3b3b10b1584cad08397ec9e86e5,jumbo,8,pan marraqueta,Pan Marraqueta Bredenmaster Tradicional 10 un.,5290,Online RM,Metropolitana,Santiago,2026-08-08,2026-08-08T00:25:51.316866
f7d65a7fbc47d7a8f374d0160543e18d,jumbo,1,pan hallulla,Pan Hallulla Granel,1095,Online RM,Metropolitana,Santiago,2026-08-08,2026-08-08T00:25:51.319262
8a973cae92d12c3981e04e819f747102,jumbo,2,pan hallulla,Pan Hallulla Cuisine & Co Precocida 8 un.,2690,Online RM,Metropolitana,Santiago,2026-08-08,2026-08-08T00:25:51.319282
fff39d627f5601748aea422e97cc88c4,jumbo,3,pan hallulla,Pan Hallulla Delgada Granel,1145,Online RM,Metropolitana,Santiago,2026-08-08,2026-08-08T00:25:51.319300
057b96a98e262e99f834ab9bad75cc74,jumbo,4,pan hallulla,Pan Hallullitas Cuisine & Co 12 un.,2490,Online RM,Metropolitana,Santiago,2026-08-08,2026-08-08T00:25:51.319316
0d76157b680445001dadcf3620758d69,jumbo,5,pan hallulla,Pan Hallulla Integral Linaza Granel,1495,Online RM,Metropolitana,Santiago,2026-08-08,2026-08-08T00:25:51.319331
f7e240728937b556ddd970e6493096e3,jumbo,6,pan hallulla,Pan Hallulla Pilmayquen 480 g 10 un.,2990,Online RM,Metropolitana,Santiago,2026-08-08,2026-08-08T00:25:51.319346
e75a75d6216f8c90df90348091b64000,jumbo,7,pan hallulla,Pan Hallulla Integral con Linaza Cuisine & Co 6 un.,1690,Online RM,Metropolitana,Santiago,2026-08-08,2026-08-08T00:25:51.319363
8cf6faf1fa8528a3664f16298dd129ca,jumbo,8,pan hallulla,Pan Hallulla Precocida Congelada 12 un.,4290,Online RM,Metropolitana,Santiago,2026-08-08,2026-08-08T00:25:51.319378
abc4e3a9c028055cd0d36f7028d3cd27,jumbo,9,pan hallulla,Pan Hallulla Cuisine & Co Sin Sal 6 un.,1690,Online RM,Metropolitana,Santiago,2026-08-08,2026-08-08T00:25:51.319393
abbb4790166e7dbc3a4bc4657f1c6e78,jumbo,10,pan hallulla,Pan Hallulla Precocida Sin Gluten 320 g 4 un.,4500,Online RM,Metropolitana,Santiago,2026-08-08,2026-08-08T00:25:51.319408
d1157472bee77b2d6016d0224367e4c0,jumbo,11,pan hallulla,Pan Hallulla Bredenmaster Especial 30 un.,6960,Online RM,Metropolitana,Santiago,2026-08-08,2026-08-08T00:25:51.319423
dd8761ee8602f1a045c0c68b70795df4,jumbo,1,fideos espagueti,Fideos Spaghetti 5 Proteínas Carozzi 350 g,1560,Online RM,Metropolitana,Santiago,2026-08-08,2026-08-08T00:25:51.323327
f9589454c1baf94ed427f74c5f39f561,jumbo,2,fideos espagueti,Spaghetti Cuisine & Co 100% Trigo Duro 400 g,890,Online RM,Metropolitana,Santiago,2026-08-08,2026-08-08T00:25:51.323358
5633ee30108200dd078f171e4f46d8a5,jumbo,3,fideos espagueti,Spaghetti N°5 Lucchetti 400 g,1060,Online RM,Metropolitana,Santiago,2026-08-08,2026-08-08T00:25:51.323384
77b736b3480eb8509f423ac928993d99,jumbo,4,fideos espagueti,Spaghetti Cuisine & Co Vitaminizado 400 g,810,Online RM,Metropolitana,Santiago,2026-08-08,2026-08-08T00:25:51.323420
491bd5538139b763d7cfe360caae7b14,jumbo,5,fideos espagueti,Espirales Vitaminizados 400 g,810,Online RM,Metropolitana,Santiago,2026-08-08,2026-08-08T00:25:51.323443
081eb53d26000293305a5c18eebf9707,jumbo,6,fideos espagueti,Pasta Espiral N°49 Carozzi 400 g,1090,Online RM,Metropolitana,Santiago,2026-08-08,2026-08-08T00:25:51.323466
4dade2f01c8f0bbc0f91ab0824791669,jumbo,7,fideos espagueti,Espirales Talliani Al Huevo 400 g,1340,Online RM,Metropolitana,Santiago,2026-08-08,2026-08-08T00:25:51.323488
c76eee02aa8484a2f062b7775f3f9603,jumbo,8,fideos espagueti,Spaghetti N°5 Talliani Al Huevo 400 g,1340,Online RM,Metropolitana,Santiago,2026-08-08,2026-08-08T00:25:51.323512
c9b05a2e7d31c2a3791dd6e0db8b9f55,jumbo,9,fideos espagueti,Pasta Spaghetti N°5 Carozzi 400 g,1090,Online RM,Metropolitana,Santiago,2026-08-08,2026-08-08T00:25:51.323553
a70de4794340aba373842b47c48f501b,jumbo,10,fideos espagueti,Espirales Lucchetti Proslow 400 g,1100,Online RM,Metropolitana,Santiago,2026-08-08,2026-08-08T00:25:51.323577
3d70428a2c55132f0aeb92c880f807f3,jumbo,11,fideos espagueti,Pack Spaghetti N°5 Carozzi 3 un. 400 g + Salsa de Tomate 1 un. 200 g,2890,Online RM,Metropolitana,Santiago,2026-08-08,2026-08-08T00:25:51.323600
6a599417fcb70b63534c53556de32c53,jumbo,12,fideos espagueti,Pasta Spaghetti N°5 Trattoria 400 g,990,Online RM,Metropolitana,Santiago,2026-08-08,2026-08-08T00:25:51.323623
6cf087770f935fb964d374c9713c86ea,jumbo,13,fideos espagueti,Pasta Spaghetti N°3 Carozzi 400 g,1090,Online RM,Metropolitana,Santiago,2026-08-08,2026-08-08T00:25:51.323647
34fd98d39866fd0450f8567659cc2746,jumbo,14,fideos espagueti,Noodles Vegetales Javara Espinaca 200 g,3490,Online RM,Metropolitana,Santiago,2026-08-08,2026-08-08T00:25:51.323672
306061cf81d46aad77b3a7a632a75eb1,jumbo,15,fideos espagueti,Pasta Espiral N°49 Carozzi 1 kg,2730,Online RM,Metropolitana,Santiago,2026-08-08,2026-08-08T00:25:51.323697
5a344b41f248e29cb912b6c8b6a85244,jumbo,16,fideos espagueti,Spaghetti N°5 Barilla Italiano Caja 500 g,2290,Online RM,Metropolitana,Santiago,2026-08-08,2026-08-08T00:25:51.323722
7ce0955600082dc1529f82e18ce309e7,jumbo,17,fideos espagueti,Pasta Tallarín N°87 Carozzi Espinaca 400 g,1270,Online RM,Metropolitana,Santiago,2026-08-08,2026-08-08T00:25:51.323749
62dea688f4f3c6fde2359c5a628d9928,jumbo,1,galletas dulces,Galletas Tuareg Coco 120 g,770,Online RM,Metropolitana,Santiago,2026-08-08,2026-08-08T00:25:51.333117
5dbcbbcbdd16a5ec819dce9d66ab71b3,jumbo,2,galletas dulces,Galletas Bañada Morocha 50 g,490,Online RM,Metropolitana,Santiago,2026-08-08,2026-08-08T00:25:51.333142
8bdeef4ede17ed97e80d74ec7b29ba1d,jumbo,3,galletas dulces,Galletas Oreo Rollo Sabor Original 108 g,900,Online RM,Metropolitana,Santiago,2026-08-08,2026-08-08T00:25:51.333159
6621dc1e809c2d67549ce2fb08f450a0,jumbo,4,galletas dulces,Galletas Mckay Criollitas 100 g,1000,Online RM,Metropolitana,Santiago,2026-08-08,2026-08-08T00:25:51.333176
618e5289f3a7c158e63741842e084a6b,jumbo,5,galletas dulces,Galletas Nik Bocado 71 g,590,Online RM,Metropolitana,Santiago,2026-08-08,2026-08-08T00:25:51.333193
f843dc79fc4fe92db3bfbce2a6c5fdbd,jumbo,6,galletas dulces,Galletas Donuts Chocolate 100 g,1330,Online RM,Metropolitana,Santiago,2026-08-08,2026-08-08T00:25:51.333209
3f88f679ef54356c928587ca7e3ec5ca,jumbo,7,galletas dulces,Galletas Oreo Dulces Original Mini 40 g,620,Online RM,Metropolitana,Santiago,2026-08-08,2026-08-08T00:25:51.333225
45dccf6fde99a4808266f75fb4277768,jumbo,8,galletas dulces,Pack 2 un. Galleta Tritón Sabor Vainilla 95 g,1000,Online RM,Metropolitana,Santiago,2026-08-08,2026-08-08T00:25:51.333240
a2c453f726c01463b308929317de0edc,jumbo,9,galletas dulces,Galletas Mckay Vino 155 g,1010,Online RM,Metropolitana,Santiago,2026-08-08,2026-08-08T00:25:51.333255
6aae4b9db5751119efa89047c5090b9b,jumbo,10,galletas dulces,Galletas Wafers Cuisine & Co Avellana 150 g,1000,Online RM,Metropolitana,Santiago,2026-08-08,2026-08-08T00:25:51.333271
46ceed868f566eaba87f7340f8bac515,jumbo,11,galletas dulces,Pack 2 un. Galleta Tritón Sabor Chocolate 95 g,1000,Online RM,Metropolitana,Santiago,2026-08-08,2026-08-08T00:25:51.333287
b1cb3ffcee6059704db77a85dc2e4b7d,jumbo,12,galletas dulces,Galleta Rellena Chokita Bañada Chocolate 300 g 10 un.,3590,Online RM,Metropolitana,Santiago,2026-08-08,2026-08-08T00:25:51.333301
36192d7ad76160f3e3f6c9f2cd277e66,jumbo,13,galletas dulces,Galletas Mckay Niza 150 g,1020,Online RM,Metropolitana,Santiago,2026-08-08,2026-08-08T00:25:51.333316
15913aa52a510c1ed8432df5f1a7ca74,jumbo,14,galletas dulces,Galletas Wafers Cuisine & Co Chocolate 150 g,1000,Online RM,Metropolitana,Santiago,2026-08-08,2026-08-08T00:25:51.333335
49b89bd9c0615dc6983817b7e1a8d97b,jumbo,15,galletas dulces,Galletas Obsesión Clásica 85 g,1300,Online RM,Metropolitana,Santiago,2026-08-08,2026-08-08T00:25:51.333349
6122715b4ff37f6054b7825d5b529398,jumbo,16,galletas dulces,Galletas Bocaditos 300 g,2096,Online RM,Metropolitana,Santiago,2026-08-08,2026-08-08T00:25:51.333364
839a2746fb8d8791bbf28dc0b445999b,jumbo,17,galletas dulces,Galletas Mckay Museo Retro 35G,410,Online RM,Metropolitana,Santiago,2026-08-08,2026-08-08T00:25:51.333379
759b29fe05fec5849839066f817d9777,jumbo,18,galletas dulces,Galletas Oreo Rollo Sabor Vainilla 108 g,900,Online RM,Metropolitana,Santiago,2026-08-08,2026-08-08T00:25:51.333394
4c026c5375257a6b18dec43d6371c223,jumbo,19,galletas dulces,Galletas Chips Kuky Clásica 120 g,1330,Online RM,Metropolitana,Santiago,2026-08-08,2026-08-08T00:25:51.333408
b7dff3851635400c0bb3873632ad2c8b,jumbo,20,galletas dulces,Galleta Frac Chocolate 110 g,800,Online RM,Metropolitana,Santiago,2026-08-08,2026-08-08T00:25:51.333423
db2ff4c319b47600124e2f1b2afd65b8,jumbo,21,galletas dulces,Galletas Mini Choco Chips 35 g,340,Online RM,Metropolitana,Santiago,2026-08-08,2026-08-08T00:25:51.333438
be1a7c600fa20d7f39e130cd8b79c765,jumbo,22,galletas dulces,Galletas Mckay Limón 120 g,1020,Online RM,Metropolitana,Santiago,2026-08-08,2026-08-08T00:25:51.333452
d6087f8ac9d1c806caace6f30e49dfc2,jumbo,23,galletas dulces,Galletas Mini Donuts 40 g,450,Online RM,Metropolitana,Santiago,2026-08-08,2026-08-08T00:25:51.333467
513907c1b59416c29ae84306bd56b224,jumbo,24,galletas dulces,Galletas Chips Kuky Mini 40 g,490,Online RM,Metropolitana,Santiago,2026-08-08,2026-08-08T00:25:51.333482
a02c6bc8ab2cbf086870a648fd64a65a,jumbo,25,galletas dulces,Galletas Oreo Rollo Sabor Original 108 g,900,Online RM,Metropolitana,Santiago,2026-08-08,2026-08-08T00:25:51.333496
1469d7af32961fd4583c2412baf0c12a,jumbo,26,galletas dulces,Galletas Limón 140 g,900,Online RM,Metropolitana,Santiago,2026-08-08,2026-08-08T00:25:51.333510
125f2220d61be8eaee11fde704946891,jumbo,27,galletas dulces,Galletas Mckay Mantequilla 140 g,1020,Online RM,Metropolitana,Santiago,2026-08-08,2026-08-08T00:25:51.333525
7d6c338171991728b96fb6689e7f2a82,jumbo,28,galletas dulces,Galletas Oreo Rollo Sabor Cookies & Cream 108 g,900,Online RM,Metropolitana,Santiago,2026-08-08,2026-08-08T00:25:51.333569
f8a5be821be7e2115848d880160d59a3,jumbo,29,galletas dulces,Galletas Mini Conquista 35 g,290,Online RM,Metropolitana,Santiago,2026-08-08,2026-08-08T00:25:51.333587
3db10ec7dde7432b634297e3c8f9c4e4,jumbo,30,galletas dulces,Pack 3 un. Galleta Triton Vainilla 116 g,2730,Online RM,Metropolitana,Santiago,2026-08-08,2026-08-08T00:25:51.333604
7f20710d3f5f1f785cf367b309775ff2,jumbo,31,galletas dulces,Galletas Mini Vino 35 g,340,Online RM,Metropolitana,Santiago,2026-08-08,2026-08-08T00:25:51.333620
fe7499000cfb346e5cec2e517ecfb1a0,jumbo,32,galletas dulces,Galletas Mantequilla 140 g,900,Online RM,Metropolitana,Santiago,2026-08-08,2026-08-08T00:25:51.333635
8ca729cceceaae08d2e3ead0322553cf,jumbo,33,galletas dulces,Galletas Bañadas Super 8 - 232 g,3890,Online RM,Metropolitana,Santiago,2026-08-08,2026-08-08T00:25:51.333649
593d008fff1014decce6835843e075f4,jumbo,34,galletas dulces,Galletas Mini Dulcita 35 g,340,Online RM,Metropolitana,Santiago,2026-08-08,2026-08-08T00:25:51.333664
472fd79eb04dc36df908c8f766b02be2,jumbo,35,galletas dulces,Galletas Mini Nik 30 g,450,Online RM,Metropolitana,Santiago,2026-08-08,2026-08-08T00:25:51.333679
eacfcc8ccab5f96fd6424cc6b416e5ef,jumbo,36,galletas dulces,Galletas Mini Palmerita 35 g,340,Online RM,Metropolitana,Santiago,2026-08-08,2026-08-08T00:25:51.333694
f3fd03c58718afd98a098e31ada7162d,jumbo,37,galletas dulces,Galleta Frac Clásica 110 g,800,Online RM,Metropolitana,Santiago,2026-08-08,2026-08-08T00:25:51.333708
fdbbf9610ad263a49d922ce58bc12e0f,jumbo,38,galletas dulces,Galletas Mckay Limón 120 g,1020,Online RM,Metropolitana,Santiago,2026-08-08,2026-08-08T00:25:51.333722
73a78d7f185bd89159eb25f20ead0970,jumbo,39,galletas dulces,Galletas Gretel Chocolate 85 g,1300,Online RM,Metropolitana,Santiago,2026-08-08,2026-08-08T00:25:51.333738
9c7ebdda28f6107ed56063bd6e7eeed8,jumbo,1,galletas de soda,Galletas de Soda 160 g,1010,Online RM,Metropolitana,Santiago,2026-08-08,2026-08-08T00:25:51.336409
94002446cd43f036368f723aeac26d08,jumbo,2,galletas de soda,Galletas Soda Line 160 g,1010,Online RM,Metropolitana,Santiago,2026-08-08,2026-08-08T00:25:51.336430
43dac813de8eec3d05b854545798f9ee,jumbo,3,galletas de soda,Galletas Soda Vivo 123 g,1130,Online RM,Metropolitana,Santiago,2026-08-08,2026-08-08T00:25:51.336447
b9bdb4c9050aaaf275520091f022a940,jumbo,4,galletas de soda,Galletas Mckay Soda Light 180 g,1290,Online RM,Metropolitana,Santiago,2026-08-08,2026-08-08T00:25:51.336468
420e814fa4f06ab4f2dec6371a5fa384,jumbo,5,galletas de soda,Galletas Soda Selz Bajo en Sodio 180 g,1050,Online RM,Metropolitana,Santiago,2026-08-08,2026-08-08T00:25:51.336484
24e0617b405806ed36e321a6db8ba7f1,jumbo,6,galletas de soda,Galletas Agua Line 175 g,1140,Online RM,Metropolitana,Santiago,2026-08-08,2026-08-08T00:25:51.336499
d37768a664ac7aa34b07cb519a15f34f,jumbo,7,galletas de soda,Galletas Agua Vivo 140 g,1080,Online RM,Metropolitana,Santiago,2026-08-08,2026-08-08T00:25:51.336514
75ffa309035bb4591214c7c6c95bc9d7,jumbo,8,galletas de soda,Galletas Mckay Agua 180 g,1490,Online RM,Metropolitana,Santiago,2026-08-08,2026-08-08T00:25:51.336540
f51674bfc8a4a2be9a6a96f353a3881b,jumbo,9,galletas de soda,Pack Galleta Agua Light Selz Bajo en Sodio 600 g 3 un.,2800,Online RM,Metropolitana,Santiago,2026-08-08,2026-08-08T00:25:51.336555
3c05a2a676d189b96132040ac1fc49b8,jumbo,10,galletas de soda,Galletas de Agua The Fresh Market Orgánica 124 g,4190,Online RM,Metropolitana,Santiago,2026-08-08,2026-08-08T00:25:51.336570
23882f6aae34f656e8052a61e97c9b70,jumbo,11,galletas de soda,Galletas de Agua The Fresh Market Orgánica con Pimienta 124 g,4190,Online RM,Metropolitana,Santiago,2026-08-08,2026-08-08T00:25:51.336585
79c61a6fad918a6816125e2d5c7a260f,jumbo,12,galletas de soda,Galletas Mckay Agua Sin Sal 180 g,1560,Online RM,Metropolitana,Santiago,2026-08-08,2026-08-08T00:25:51.336600
465935c3eb5b55540e72bd8206716736,jumbo,13,galletas de soda,Galletas Mckay Soda Clásica 180 g,1250,Online RM,Metropolitana,Santiago,2026-08-08,2026-08-08T00:25:51.336615
e390b6f7ecf20cb9c981aad94f1d351d,jumbo,14,galletas de soda,Galletas Agua 175 g,1140,Online RM,Metropolitana,Santiago,2026-08-08,2026-08-08T00:25:51.336630
25bde1097f2955ee11e3c29db07d591b,jumbo,1,harina sin polvos 1kg,Harina Cuisine & Co Sin Polvos de Hornear 1 kg,1000,Online RM,Metropolitana,Santiago,2026-08-08,2026-08-08T00:25:51.339511
0c95678a74e6535d81a9265f24343267,jumbo,2,harina sin polvos 1kg,Harina Sin Polvos de Hornear 3 kg,3990,Online RM,Metropolitana,Santiago,2026-08-08,2026-08-08T00:25:51.339550
0212ad12cd0ec6bc16d47523c5a67815,jumbo,3,harina sin polvos 1kg,Harina Sin Polvos de Hornear 5 kg,6490,Online RM,Metropolitana,Santiago,2026-08-08,2026-08-08T00:25:51.339567
4af7c60e958094c989dbaad2d843e607,jumbo,4,harina sin polvos 1kg,Harina Cuisine & Co con Polvos de Hornear 1 kg,1000,Online RM,Metropolitana,Santiago,2026-08-08,2026-08-08T00:25:51.339582
cd6b464597b90eaf28f540671eddbd00,jumbo,5,harina sin polvos 1kg,Harina Sin Polvos de Hornear 10 kg,10990,Online RM,Metropolitana,Santiago,2026-08-08,2026-08-08T00:25:51.339597
2ecac6aaf23ab1ef13e9b91f317c7d89,jumbo,6,harina sin polvos 1kg,Harina Integral 1 kg,1490,Online RM,Metropolitana,Santiago,2026-08-08,2026-08-08T00:25:51.339613
9b50fa37c48a9acda3510693c34f00b0,jumbo,7,harina sin polvos 1kg,Harina Selecta Sin Polvos de Hornear 1 kg,1290,Online RM,Metropolitana,Santiago,2026-08-08,2026-08-08T00:25:51.339628
1387609a17a0b61b8a7760f52442ca45,jumbo,8,harina sin polvos 1kg,Harina Mont Blanc Sin Polvos de Hornear 1 kg,1340,Online RM,Metropolitana,Santiago,2026-08-08,2026-08-08T00:25:51.339643
f87445b10cf0a6d64139ce8b24df7617,jumbo,9,harina sin polvos 1kg,Harina Flor Collico Sin Polvos de Hornear 1 kg,1600,Online RM,Metropolitana,Santiago,2026-08-08,2026-08-08T00:25:51.339659
88d479ab78d33847cd285461feeb22e7,jumbo,10,harina sin polvos 1kg,Harina Máxima Sin Polvos de Hornear 1 kg,890,Online RM,Metropolitana,Santiago,2026-08-08,2026-08-08T00:25:51.339675
96cdd573f12f517913232728af2f712d,jumbo,11,harina sin polvos 1kg,Harina Mont Blanc con Polvos de Hornear 1 kg,1420,Online RM,Metropolitana,Santiago,2026-08-08,2026-08-08T00:25:51.339690
b3ecc3a2e3dbb4087a954d2c9a329930,jumbo,12,harina sin polvos 1kg,Harina Selecta con Polvos de Hornear 1 kg,1290,Online RM,Metropolitana,Santiago,2026-08-08,2026-08-08T00:25:51.339706
ee276374cc1ca97607dda6c3a5ed5321,jumbo,13,harina sin polvos 1kg,Harina Mont Blanc Sin Polvos de Hornear 5 kg,6650,Online RM,Metropolitana,Santiago,2026-08-08,2026-08-08T00:25:51.339721
4f475de6abb167ac81b4a50c352dad59,jumbo,14,harina sin polvos 1kg,Harina Selecta Sin Polvos de Hornear 3 kg,4750,Online RM,Metropolitana,Santiago,2026-08-08,2026-08-08T00:25:51.339735
788b530e5ffcd2b5d0a306bf1e8c31c5,jumbo,15,harina sin polvos 1kg,Harina Máxima con Polvos de Hornear 1 kg,890,Online RM,Metropolitana,Santiago,2026-08-08,2026-08-08T00:25:51.339750
ca62a4e6cf17efbb3a2ea81ff9eabcf3,jumbo,16,harina sin polvos 1kg,Harina Selecta Sin Polvos de Hornear 5 kg,7790,Online RM,Metropolitana,Santiago,2026-08-08,2026-08-08T00:25:51.339766
3e4e4ab4acddb3227daa2711a017bb6c,jumbo,1,avena 500g,Avena Integral La Fuente Natural Bolsa 500 g,1890,Online RM,Metropolitana,Santiago,2026-08-08,2026-08-08T00:25:51.343588
2b3b8be432f2a176e9c3cdf800b32fc7,jumbo,2,avena 500g,Cereal Viola Muesli Proteína 500 g,4290,Online RM,Metropolitana,Santiago,2026-08-08,2026-08-08T00:25:51.343622
7db2f739424883d7af28b3d871412439,jumbo,3,avena 500g,Cereal Máxima Bolitas de Chocolate 500 g,1490,Online RM,Metropolitana,Santiago,2026-08-08,2026-08-08T00:25:51.343651
c624a9054c42de0f4d7a583e175e292f,jumbo,4,avena 500g,Cereal Máxima Aros Frutales 500 g,1460,Online RM,Metropolitana,Santiago,2026-08-08,2026-08-08T00:25:51.343679
14a11f8d6d246f559f38acd748a626bf,jumbo,5,avena 500g,Cereal Máxima Estrellas 500 g,1460,Online RM,Metropolitana,Santiago,2026-08-08,2026-08-08T00:25:51.343707
8c96a58e76e081f059b7f4609ee3dc7e,jumbo,6,avena 500g,Cereal Máxima Hojuelas Chocolatadas 500 g,1480,Online RM,Metropolitana,Santiago,2026-08-08,2026-08-08T00:25:51.343733
0fffaab517082532d54601f35de617c2,jumbo,7,avena 500g,Pan Centeno Mestemacher Orgánico con Avena y Cebada 500 g,3290,Online RM,Metropolitana,Santiago,2026-08-08,2026-08-08T00:25:51.343759
74a5cd2fe4d5236e52cf054ac72d7dfc,jumbo,8,avena 500g,Cereal Máxima Hojuela de Maíz con Azúcar 500 g,1460,Online RM,Metropolitana,Santiago,2026-08-08,2026-08-08T00:25:51.343784
159c6a410a77c633bc451a51cacea8ec,jumbo,9,avena 500g,Cereal Máxima Hojuela Maíz 500 g,1460,Online RM,Metropolitana,Santiago,2026-08-08,2026-08-08T00:25:51.343809
0437d5d85222e82e36337f36be2437b7,jumbo,1,prepizza,Pre Pizza Ideal 1 Metro 750 g 3 un.,3650,Online RM,Metropolitana,Santiago,2026-08-08,2026-08-08T00:25:51.348603
c7388e930835efa9ce40a62ea07eedb5,jumbo,2,prepizza,Pre Pizza Ideal A La Piedra 270 g 2 un.,2950,Online RM,Metropolitana,Santiago,2026-08-08,2026-08-08T00:25:51.348638
875adc176ea5533a090dd07fb85c4236,jumbo,3,prepizza,Pre Pizza Ideal Clásica 500 g 2 un.,2630,Online RM,Metropolitana,Santiago,2026-08-08,2026-08-08T00:25:51.348668
aefce88ac20a43373023578719ba681f,jumbo,4,prepizza,Pre Pizza Castaño Rettangolo 500 g,2890,Online RM,Metropolitana,Santiago,2026-08-08,2026-08-08T00:25:51.348696
715ced08e36c665a76b8e066da21f2f5,jumbo,5,prepizza,Pre Pizza Ideal 20 cm 315 g 2 un.,1690,Online RM,Metropolitana,Santiago,2026-08-08,2026-08-08T00:25:51.348721
ce451710acf27bfa6329016fb637f166,jumbo,6,prepizza,Pre Pizza Castaño Clásica 250 g 1 un.,1790,Online RM,Metropolitana,Santiago,2026-08-08,2026-08-08T00:25:51.348746
50ae1c07a9cd1b600e3967b339db9f22,jumbo,7,prepizza,Pre Pizza Castaño Metro,3890,Online RM,Metropolitana,Santiago,2026-08-08,2026-08-08T00:25:51.348771
995725e2fb9bf0b7c239b74b72bbc631,jumbo,8,prepizza,Pre Pizza A La Piedra 264 g,1990,Online RM,Metropolitana,Santiago,2026-08-08,2026-08-08T00:25:51.348795
1c446c4e8888d5eea29dbe518aca029f,jumbo,9,prepizza,Pre Pizza Ideal Toques de Cebolla 500 g 2 un.,2630,Online RM,Metropolitana,Santiago,2026-08-08,2026-08-08T00:25:51.348820
c35a56da11f97acbdd65974b49c57905,jumbo,10,prepizza,Pre Pizza Ideal 2/3 Metro 500 g 2 un.,2730,Online RM,Metropolitana,Santiago,2026-08-08,2026-08-08T00:25:51.348847
308279da20a0daae33412895f0bbc122,jumbo,11,prepizza,Masa de Pizza Pre Fermentada Congelada 240 g,4990,Online RM,Metropolitana,Santiago,2026-08-08,2026-08-08T00:25:51.348871
ca7a055c766291dd498ccb1355e0d516,jumbo,12,prepizza,Masa Pre Pizza Nutrisa Sin Gluten 275 g,2750,Online RM,Metropolitana,Santiago,2026-08-08,2026-08-08T00:25:51.348896
30d05d3bddb3d5d71b748e39a687bded,jumbo,13,prepizza,Mezcla Lista Pizza Integral 1 kg,7690,Online RM,Metropolitana,Santiago,2026-08-08,2026-08-08T00:25:51.348921
b76336ac9096a293ef7397d7f9e38c5a,jumbo,14,prepizza,Prepizza Spagnolia Pack Fiesta 250 g 6 un.,1990,Online RM,Metropolitana,Santiago,2026-08-08,2026-08-08T00:25:51.348946
71185a258b607b7529fc0153f1fffe7a,jumbo,1,carne molida vacuno,Carne Molida Vacuno 7% Grasa 500 g,6990,Online RM,Metropolitana,Santiago,2026-08-08,2026-08-08T00:25:51.354255
db9c947461a4cef0fd677c17f3816abe,jumbo,2,carne molida vacuno,Carne Molida Vacuno 4% Grasa 500 g,7990,Online RM,Metropolitana,Santiago,2026-08-08,2026-08-08T00:25:51.354294
4e57e3e129cc933374bcc3f1c1451ae8,jumbo,3,carne molida vacuno,Carne Molida Vacuno 10% Grasa 500 g,6690,Online RM,Metropolitana,Santiago,2026-08-08,2026-08-08T00:25:51.354324
abf3e48dc45cc5c6341cb8fbe9861c52,jumbo,4,carne molida vacuno,Carne Molida de Vacuno Congelada 10% Grasa Cuisine & Co 500 g,4490,Online RM,Metropolitana,Santiago,2026-08-08,2026-08-08T00:25:51.354355
ca71e7429cef77553cd52f31ad3fdef9,jumbo,5,carne molida vacuno,Carne Molida de Vacuno Congelada 4% Grasa Cuisine & Co 500 g,7990,Online RM,Metropolitana,Santiago,2026-08-08,2026-08-08T00:25:51.354385
c7ecedb7cba0e98af7245704f843d727,jumbo,6,carne molida vacuno,Tártaro 3% Grasa kg,8445,Online RM,Metropolitana,Santiago,2026-08-08,2026-08-08T00:25:51.354415
89dd0d184f6556bd3988c8417cb3362c,jumbo,7,carne molida vacuno,Carne Tartar de Asiento 200 g,4990,Online RM,Metropolitana,Santiago,2026-08-08,2026-08-08T00:25:51.354444
21279d3a44ac2172a07be27b5b2e3a58,jumbo,8,carne molida vacuno,Albóndiga Cuisine & Co 420 g 12 un.,4890,Online RM,Metropolitana,Santiago,2026-08-08,2026-08-08T00:25:51.354469
5d741b466ece08a9c7d441c0b7898c08,jumbo,9,carne molida vacuno,Hamburguesa Carne Tradicional 2 un.,5180,Online RM,Metropolitana,Santiago,2026-08-08,2026-08-08T00:25:51.354493
aeff2990a3271eb8868699cd6a46450c,jumbo,10,carne molida vacuno,Hamburguesa Cuisine & Co 125 g 2 un.,3190,Online RM,Metropolitana,Santiago,2026-08-08,2026-08-08T00:25:51.354520
b2765f480f7bebb41be8a4c217ec53e2,jumbo,11,carne molida vacuno,Asado de Tira EEUU-V Farmers kg,25188,Online RM,Metropolitana,Santiago,2026-08-08,2026-08-08T00:25:51.354564
f156d10d5e7210ad39663f83fcc0aed3,jumbo,12,carne molida vacuno,Asado de Tira Ventana EEUU-V Farmers kg,39980,Online RM,Metropolitana,Santiago,2026-08-08,2026-08-08T00:25:51.354590
c61840947de64fb4ede51f78cdee919d,jumbo,13,carne molida vacuno,Asado de Tira Bandera EEUU-V Farmers kg,23990,Online RM,Metropolitana,Santiago,2026-08-08,2026-08-08T00:25:51.354616
ccb257d187a4c89606800fa155ca50c4,jumbo,14,carne molida vacuno,Medallón de Filete Mesón kg,52683,Online RM,Metropolitana,Santiago,2026-08-08,2026-08-08T00:25:51.354641
8de7f589fd73161fd198900706724ff6,jumbo,15,carne molida vacuno,Bife de Lomo Vetado Mesón kg,17394,Online RM,Metropolitana,Santiago,2026-08-08,2026-08-08T00:25:51.354666
7e7665c3b910a3279ca2af8297658b2a,jumbo,16,carne molida vacuno,Ojo de Bife Lomo Vetado Al Vacío kg,13046,Online RM,Metropolitana,Santiago,2026-08-08,2026-08-08T00:25:51.354694
00bdd74aade275dcf2f7cffcfb9a1320,jumbo,17,carne molida vacuno,Tapa de Lomo Vetado Al Vacío kg,17394,Online RM,Metropolitana,Santiago,2026-08-08,2026-08-08T00:25:51.354720
f9272d20b17013634b42d3e3000b6351,jumbo,1,asiento vacuno,Asiento Al Vacío kg,18187,Online RM,Metropolitana,Santiago,2026-08-08,2026-08-08T00:25:51.357673
81cc99c87f2baa9e4a80d7e67992d11e,jumbo,2,asiento vacuno,Churrascos de Asiento 720 g,16290,Online RM,Metropolitana,Santiago,2026-08-08,2026-08-08T00:25:51.357815
2451d676edf6f0ef250bdc25a76acb5b,jumbo,3,asiento vacuno,Carne Tartar de Asiento 200 g,4990,Online RM,Metropolitana,Santiago,2026-08-08,2026-08-08T00:25:51.357847
32edf26f8944a38110971a5b3675aec6,jumbo,4,asiento vacuno,Asiento Premium Natural Al Vacío kg,25987,Online RM,Metropolitana,Santiago,2026-08-08,2026-08-08T00:25:51.357873
8910be6dbf5a714731cac7d308687f6d,jumbo,1,chuleta de cerdo,Chuleta Centro Cong Super Cerdo 750 G,4690,Online RM,Metropolitana,Santiago,2026-08-08,2026-08-08T00:25:51.361955
a40a48a2aeb868151c286c560d52daff,jumbo,2,chuleta de cerdo,Chuletitas Cerdo Cuisine & Co 600 g,4790,Online RM,Metropolitana,Santiago,2026-08-08,2026-08-08T00:25:51.361978
f3d4a8de12ea935c7131cba1b600a424,jumbo,3,chuleta de cerdo,Lomo Asado Soler Laminado 250 g,4690,Online RM,Metropolitana,Santiago,2026-08-08,2026-08-08T00:25:51.361996
da5fada0cb80c12c5bef1da7f0dfc3fa,jumbo,4,chuleta de cerdo,Chuletitas Cerdo Super Cerdo 600 g,5590,Online RM,Metropolitana,Santiago,2026-08-08,2026-08-08T00:25:51.362012
6f1cb28ef71f68926a4b5609354c756c,jumbo,5,chuleta de cerdo,Chuleta Centro Super Cerdo 550 g,5190,Online RM,Metropolitana,Santiago,2026-08-08,2026-08-08T00:25:51.362028
8cb86c065d32a142c141c91a3d3baa45,jumbo,6,chuleta de cerdo,Chuleta Centro Super Cerdo Cong 140 g,1590,Online RM,Metropolitana,Santiago,2026-08-08,2026-08-08T00:25:51.362043
2df32a34016c1071dab999075e6485a0,jumbo,7,chuleta de cerdo,Chuleta Kassler Llanquihue 2 un.,6260,Online RM,Metropolitana,Santiago,2026-08-08,2026-08-08T00:25:51.362058
a1e6fd831c0fc438b0e56b767f4c00b7,jumbo,8,chuleta de cerdo,Filete de Cerdo Super Display 900 g,6990,Online RM,Metropolitana,Santiago,2026-08-08,2026-08-08T00:25:51.362074
1424a37dae4d1d9c8be9b2fcaa9b70c5,jumbo,9,chuleta de cerdo,Filete Cerdo Cuisine & Co 500 g,4390,Online RM,Metropolitana,Santiago,2026-08-08,2026-08-08T00:25:51.362088
d68d8040cb059aa0201d2066e3b484d9,jumbo,10,chuleta de cerdo,Milanesa de Cerdo Granel,4827,Online RM,Metropolitana,Santiago,2026-08-08,2026-08-08T00:25:51.362103
01ad758071b7049a4cb09429938758d4,jumbo,11,chuleta de cerdo,Chuleta Parrillera Cordero 600 g,18990,Online RM,Metropolitana,Santiago,2026-08-08,2026-08-08T00:25:51.362118
8c9160164f9963d9faba6846640e1d78,jumbo,12,chuleta de cerdo,Chuleta de Cordero Simunovic 1.5 kg,43990,Online RM,Metropolitana,Santiago,2026-08-08,2026-08-08T00:25:51.362133
4f330bb43b08ec3dfa7760e56891a453,jumbo,13,chuleta de cerdo,Chuleta Francesa de Cordero Agromari Congelado 450 g,21990,Online RM,Metropolitana,Santiago,2026-08-08,2026-08-08T00:25:51.362149
eb35bff4aa7c1f28f004f30b367e5241,jumbo,1,costillar cerdo,Costillar Super Cerdo Tradicional kg,15344,Online RM,Metropolitana,Santiago,2026-08-08,2026-08-08T00:25:51.365220
ec80c440a1613c35bb8c8980d89aae13,jumbo,2,costillar cerdo,Costillar de Cerdo Farmers Congelado kg,9588,Online RM,Metropolitana,Santiago,2026-08-08,2026-08-08T00:25:51.365242
0673773f94455bdd05d03049e71ccd84,jumbo,3,costillar cerdo,Costillar Chimichurri kg,9590,Online RM,Metropolitana,Santiago,2026-08-08,2026-08-08T00:25:51.365260
b1171ff4d56e2ea557d4480d92e24bf5,jumbo,4,costillar cerdo,Costillar Cerdo Cuisine & Co Congelada kg,12233,Online RM,Metropolitana,Santiago,2026-08-08,2026-08-08T00:25:51.365276
1b03964730fb750cfb7eebe24cbc091a,jumbo,5,costillar cerdo,Baby Back Ribs Super Cerdo kg,9793,Online RM,Metropolitana,Santiago,2026-08-08,2026-08-08T00:25:51.365291
1f8cfff941e811ce499da61aabef293f,jumbo,6,costillar cerdo,Costillar Chileno Super Cerdo kg,15344,Online RM,Metropolitana,Santiago,2026-08-08,2026-08-08T00:25:51.365308
c0b7e839772ae1b8917521fe8cf77fb6,jumbo,7,costillar cerdo,Costillar de Cerdo Ahumado Corte Cruz kg,6384,Online RM,Metropolitana,Santiago,2026-08-08,2026-08-08T00:25:51.365324
02d291ba4a3f004b745052bee704b623,jumbo,8,costillar cerdo,Costillar Cerdo Tradicional Cuisine & Co kg,18522,Online RM,Metropolitana,Santiago,2026-08-08,2026-08-08T00:25:51.365339
77a38971c7d130bb1249750eb3fa648b,jumbo,9,costillar cerdo,Costillar Adobado Granel,15960,Online RM,Metropolitana,Santiago,2026-08-08,2026-08-08T00:25:51.365354
c3123bb522b20d9d43b6ddc621a9760a,jumbo,10,costillar cerdo,Baby Back Ribs Cerdo Cuisine & Co Congelada kg,6495,Online RM,Metropolitana,Santiago,2026-08-08,2026-08-08T00:25:51.365370
e59c17cfdb8876ad33182e6f66f57e59,jumbo,11,costillar cerdo,Costillitas Baby Back Super Cerdo Congelado 1 kg,13930,Online RM,Metropolitana,Santiago,2026-08-08,2026-08-08T00:25:51.365386
f2ca1a45ded2a6d94d2c48786170e643,jumbo,12,costillar cerdo,Costillar Cerdo Chileno Cuisine & Co kg,18522,Online RM,Metropolitana,Santiago,2026-08-08,2026-08-08T00:25:51.365401
addd53d733f9cca27e9e11e60c5637ff,jumbo,13,costillar cerdo,Costillitas Cerdo Chilena Super Cerdo 700 g,5390,Online RM,Metropolitana,Santiago,2026-08-08,2026-08-08T00:25:51.365416
3c01ac7162213c50c3232cbcd2d68959,jumbo,14,costillar cerdo,Baby Back Ribs Cuisine & Co kg,11990,Online RM,Metropolitana,Santiago,2026-08-08,2026-08-08T00:25:51.365431
83cd838a4ff3c89a0379171566c34c51,jumbo,15,costillar cerdo,Costillar Ahumado con Aliño Al Vacío 400 g,6384,Online RM,Metropolitana,Santiago,2026-08-08,2026-08-08T00:25:51.365446
4f37b1a18ddedc4ca25569c8b63a8cf4,jumbo,16,costillar cerdo,Baby Back Ribs Acaramelado Super Cerdo kg,12990,Online RM,Metropolitana,Santiago,2026-08-08,2026-08-08T00:25:51.365460
42f1cfaf7da03685a253610abd2570fd,jumbo,1,pulpa de cerdo,Pulpa de Cerdo Super Cerdo 900 g,7190,Online RM,Metropolitana,Santiago,2026-08-08,2026-08-08T00:25:51.370623
cd651196dd91257b916f8aac85fb5403,jumbo,2,pulpa de cerdo,Pulpa de Cerdo Sin Hueso Don Cerdo Granel kg,5990,Online RM,Metropolitana,Santiago,2026-08-08,2026-08-08T00:25:51.370646
7c60181b8b36f785e6f88a4855ee37b4,jumbo,3,pulpa de cerdo,Lomo Centro Medallon Cerdo Super Cerdo 800 g,7990,Online RM,Metropolitana,Santiago,2026-08-08,2026-08-08T00:25:51.370662
ffadbb90398ea4f82d56167bc574a80c,jumbo,4,pulpa de cerdo,Medallones Filete de Cerdo 400 g,3190,Online RM,Metropolitana,Santiago,2026-08-08,2026-08-08T00:25:51.370679
54fe2f9e5ca4a85bc2a83df34b8bfef5,jumbo,5,pulpa de cerdo,Pulpa Pierna Cerdo Cuisine & Co 700 g,4990,Online RM,Metropolitana,Santiago,2026-08-08,2026-08-08T00:25:51.370711
57836ea5135600216cc59375f17e2918,jumbo,6,pulpa de cerdo,Lomo Centro de Cerdo Super Cerdo 800 g,6390,Online RM,Metropolitana,Santiago,2026-08-08,2026-08-08T00:25:51.370738
03c64f8f39c9c43c36465d125117eb0e,jumbo,7,pulpa de cerdo,Pulpa Chilena Cerdo Super Cerdo 900 g,5990,Online RM,Metropolitana,Santiago,2026-08-08,2026-08-08T00:25:51.370765
3c26a1ecbf5a9ba95ae4cf3788cd27a7,jumbo,8,pulpa de cerdo,Pulpa Pierna Cerdo Chilena Cuisine & Co 700 g,5290,Online RM,Metropolitana,Santiago,2026-08-08,2026-08-08T00:25:51.370794
d65a5d80a3c3bf28ebd38407b60726b7,jumbo,9,pulpa de cerdo,Lomo Medallones Cerdo Super Cerdo 750 g,4990,Online RM,Metropolitana,Santiago,2026-08-08,2026-08-08T00:25:51.370820
5911e944b8e6d9c4722785ad4eb58206,jumbo,10,pulpa de cerdo,Medallon Lomo Cerdo Super Cerdo Cong 120 g,1590,Online RM,Metropolitana,Santiago,2026-08-08,2026-08-08T00:25:51.370849
35e43d2a157b50a52ffb939121b74db0,jumbo,11,pulpa de cerdo,Lomo Centro Cerdo Cuisine & Co 800 g,6990,Online RM,Metropolitana,Santiago,2026-08-08,2026-08-08T00:25:51.370875
1ce39f47ca2825a830a23e24d2ef6e95,jumbo,12,pulpa de cerdo,Lomo Centro Medallon Cerdo Cuisine & Co 700 g,6490,Online RM,Metropolitana,Santiago,2026-08-08,2026-08-08T00:25:51.370901
4e02e2c4ee82a6d13d863ae91d48534d,jumbo,13,pulpa de cerdo,Medio Lomo de Cerdo Farmers Congelado kg,13980,Online RM,Metropolitana,Santiago,2026-08-08,2026-08-08T00:25:51.370929
e489a199113d75cd3130e1016d1b9a39,jumbo,14,pulpa de cerdo,Tiritas de Cerdo Pulpa Congelada Súper Cerdo 400 g,3390,Online RM,Metropolitana,Santiago,2026-08-08,2026-08-08T00:25:51.370949
628a29ad3a5e3484dd417de34cd72f16,jumbo,15,pulpa de cerdo,Bistec de Pulpa de Cerdo Super Cerdo Congelado 500 g,4190,Online RM,Metropolitana,Santiago,2026-08-08,2026-08-08T00:25:51.370965
6739c29bb571701498a988054d059dcf,jumbo,16,pulpa de cerdo,Carne Molida Cerdo Super Cerdo 300 g,2890,Online RM,Metropolitana,Santiago,2026-08-08,2026-08-08T00:25:51.370981
f861d918ee17aafcf2a4cf24c98c57f4,jumbo,17,pulpa de cerdo,Malaya Cerdo Super Cerdo 400 g,5590,Online RM,Metropolitana,Santiago,2026-08-08,2026-08-08T00:25:51.370997
22818b3f0da0cd35777477b2a396e835,jumbo,18,pulpa de cerdo,Cubos de Cerdo Pulpa Congelada Súper Cerdo 400 g,3390,Online RM,Metropolitana,Santiago,2026-08-08,2026-08-08T00:25:51.371013
fd2ba30c7b94895e72095d3cb6ee01b2,jumbo,19,pulpa de cerdo,Lomito de Cerdo Cuisine & Co 960 g,10990,Online RM,Metropolitana,Santiago,2026-08-08,2026-08-08T00:25:51.371028
8e15333fdd11414a14f5300402defaf0,jumbo,20,pulpa de cerdo,Lomito de Cerdo Pampaverde 450 g,6790,Online RM,Metropolitana,Santiago,2026-08-08,2026-08-08T00:25:51.371043
8261fe99e2e00c01f50b04634049bc2a,jumbo,21,pulpa de cerdo,Asado Carnicero Super Cerdo 400 g,3650,Online RM,Metropolitana,Santiago,2026-08-08,2026-08-08T00:25:51.371059
8c2a7e0031b74aa73c83ba8e1928c155,jumbo,22,pulpa de cerdo,Pulpa Chimichurri Cerdo Super Cerdo 400 g,4090,Online RM,Metropolitana,Santiago,2026-08-08,2026-08-08T00:25:51.371074
41bfb1e2fd8146c5eb2db8dacf65cea2,jumbo,23,pulpa de cerdo,Cubitos Pulpa Cerdo Cong Super Cerdo 500 g,5050,Online RM,Metropolitana,Santiago,2026-08-08,2026-08-08T00:25:51.371089
f1d5a533746007e28d334f7f66d5e7e1,jumbo,1,pechuga de pollo,Pechuga Deshuesada de Pollo 850 g,6690,Online RM,Metropolitana,Santiago,2026-08-08,2026-08-08T00:25:51.378186
24f396e4fd31f1a6705751b62a75d60b,jumbo,2,pechuga de pollo,Pechuga de Pollo Entera kg,4851,Online RM,Metropolitana,Santiago,2026-08-08,2026-08-08T00:25:51.378218
090f8dcf8bfee62477d11d78d3da5cd4,jumbo,3,pechuga de pollo,Filetitos de Pollo Deshuesados y Sin Piel 530 g,4390,Online RM,Metropolitana,Santiago,2026-08-08,2026-08-08T00:25:51.378246
7f721b78d7cf1b79e656b339eac525a1,jumbo,4,pechuga de pollo,Bistec de Pechuga Deshuesada 530 g,4390,Online RM,Metropolitana,Santiago,2026-08-08,2026-08-08T00:25:51.378273
195ac52de3d3c8dd107945fa9a4d4dd7,jumbo,5,pechuga de pollo,Pechuga de Pollo Entera kg,5211,Online RM,Metropolitana,Santiago,2026-08-08,2026-08-08T00:25:51.378299
bdebd10a3687742db76a5eeb7278f236,jumbo,6,pechuga de pollo,Pechuga de Pollo Deshuesada 750 g,6030,Online RM,Metropolitana,Santiago,2026-08-08,2026-08-08T00:25:51.378324
33b4364849064da84f93257bda77daee,jumbo,7,pechuga de pollo,Pollo Tuto Deshuesado Congelado 750 g,5890,Online RM,Metropolitana,Santiago,2026-08-08,2026-08-08T00:25:51.378349
8c2b0077eeb7d01eefd3f8341ee1bad5,jumbo,8,pechuga de pollo,Alitas Super Pollo Mix 700 g,5490,Online RM,Metropolitana,Santiago,2026-08-08,2026-08-08T00:25:51.378374
dd86ca11b8e039a60ecf4e653e439c74,jumbo,9,pechuga de pollo,Pechuga Deshuesada de Pollo Super Pollo Granel,6890,Online RM,Metropolitana,Santiago,2026-08-08,2026-08-08T00:25:51.378400
422eb89769841542ac05bdf461eeebe2,jumbo,10,pechuga de pollo,Pechuga de Pollo Deshuesada Canto del Gallo Sin Marinar 550 g,6590,Online RM,Metropolitana,Santiago,2026-08-08,2026-08-08T00:25:51.378425
72e38c5f4c24d47027677bf51e1ae64f,jumbo,11,pechuga de pollo,Tiritas de Pollo Congeladas Sabor Pizza Super Pollo 500 g,4690,Online RM,Metropolitana,Santiago,2026-08-08,2026-08-08T00:25:51.378450
32c6c76b4bb3ab923cd13dc22e638370,jumbo,12,pechuga de pollo,Tiritas de Pollo Congeladas Choclo y Mantequilla Super Pollo 500 g,4690,Online RM,Metropolitana,Santiago,2026-08-08,2026-08-08T00:25:51.378476
bd9bfa72cfafa34c09918072781a1633,jumbo,13,pechuga de pollo,Pechuga de Pollo Deshuesada Ariztía Sin Piel 850 g,6490,Online RM,Metropolitana,Santiago,2026-08-08,2026-08-08T00:25:51.378502
64892a865124b2b37007818a2307a795,jumbo,14,pechuga de pollo,Pechuga de Pollo Deshuesada Sin Marinar 800 g,9290,Online RM,Metropolitana,Santiago,2026-08-08,2026-08-08T00:25:51.378527
e1240db88f7932183eacf52f7ac2b986,jumbo,15,pechuga de pollo,Pechuga Deshuesada de Pollo Don Pollo kg,6021,Online RM,Metropolitana,Santiago,2026-08-08,2026-08-08T00:25:51.378572
0136b2c756a4109c9935404faf26f143,jumbo,16,pechuga de pollo,Pechuga de Pollo Deshuesada Sin Piel Al Natural Super Pollo 780 g,7990,Online RM,Metropolitana,Santiago,2026-08-08,2026-08-08T00:25:51.378598
9875cfacdecd58f3880b564fee4ea051,jumbo,17,pechuga de pollo,Pechuga de Pollo Entera Ariztía kg,4632,Online RM,Metropolitana,Santiago,2026-08-08,2026-08-08T00:25:51.378624
018b9b7f98dfe64263109f5a7351370e,jumbo,18,pechuga de pollo,Pechuga Deshuesada de Pollo kg (6 a 7 un. Aprox),17225,Online RM,Metropolitana,Santiago,2026-08-08,2026-08-08T00:25:51.378651
54a25cddc88b7e58fc98abdae3817fd3,jumbo,19,pechuga de pollo,Pechuga de Pollo Receta del Abuelo Apanada 120 g,1240,Online RM,Metropolitana,Santiago,2026-08-08,2026-08-08T00:25:51.378678
90748430991b372d28141fe65f925e1c,jumbo,20,pechuga de pollo,Filetitos de Pechuga Congelado 700 g,6190,Online RM,Metropolitana,Santiago,2026-08-08,2026-08-08T00:25:51.378705
1b9b7e454a58a7118e70cef26bc05f87,jumbo,21,pechuga de pollo,Pechuga de Pollo Deshuesada Ariztía 700 g,5990,Online RM,Metropolitana,Santiago,2026-08-08,2026-08-08T00:25:51.378740
8f5fa3fb3ceceb9399a6729121ea30d2,jumbo,22,pechuga de pollo,Pechuga Deshuesada de Pollo Natural 700 g,7790,Online RM,Metropolitana,Santiago,2026-08-08,2026-08-08T00:25:51.378767
7f064e7edf1022ebc031e3b13838bc27,jumbo,23,pechuga de pollo,Trutro Entero de Pollo kg,3990,Online RM,Metropolitana,Santiago,2026-08-08,2026-08-08T00:25:51.378794
1295083839976b75b2f0d03869f8aba5,jumbo,24,pechuga de pollo,Pechuga Deshuesada de Pollo 500 g,4890,Online RM,Metropolitana,Santiago,2026-08-08,2026-08-08T00:25:51.378821
385f54d01e4eb98578bcfb5b6032d2bb,jumbo,25,pechuga de pollo,Pechuga Deshuesada de Pollo Congelada 1.5 kg,11990,Online RM,Metropolitana,Santiago,2026-08-08,2026-08-08T00:25:51.378848
3687dc242abf28253a4a1f57980e7f69,jumbo,26,pechuga de pollo,Pechuga Deshuesada de Pollo Sadia 1 kg,6990,Online RM,Metropolitana,Santiago,2026-08-08,2026-08-08T00:25:51.378877
8731dcc34dd1b81b7035d59b67df816a,jumbo,27,pechuga de pollo,Pechuga de Pollo Asada Super Pollo Granel,1116,Online RM,Metropolitana,Santiago,2026-08-08,2026-08-08T00:25:51.378906
420b67bcd7f9782e7ba4dea1a28d9bbb,jumbo,28,pechuga de pollo,Filetitos de Pollo 830 g,6690,Online RM,Metropolitana,Santiago,2026-08-08,2026-08-08T00:25:51.378935
61644e58ff38a60be4b06b672cbf078e,jumbo,29,pechuga de pollo,Cubitos de Pechuga de Pollo Ariztía 300 g,2990,Online RM,Metropolitana,Santiago,2026-08-08,2026-08-08T00:25:51.378963
3b9b72d32c045d00cfea932f1bc119ed,jumbo,30,pechuga de pollo,Pechuga Entera de Pollo Don Pollo kg,5031,Online RM,Metropolitana,Santiago,2026-08-08,2026-08-08T00:25:51.378991
12aa455c20a3f76f8569f7588304ea7d,jumbo,31,pechuga de pollo,Pechuga de Pollo PF Cocida Granel,1159,Online RM,Metropolitana,Santiago,2026-08-08,2026-08-08T00:25:51.379021
9127cd61f8c07f512f908b68297f6a58,jumbo,32,pechuga de pollo,Filetillos de Pollo Canto del Gallo Sin Marinar 580 g,6590,Online RM,Metropolitana,Santiago,2026-08-08,2026-08-08T00:25:51.379050
c8fd5e6477c86841df74c710814c1c08,jumbo,33,pechuga de pollo,Pechuga Deshuesada de Pollo Farmers Congelado kg,10990,Online RM,Metropolitana,Santiago,2026-08-08,2026-08-08T00:25:51.379078
5377891c32d8a9b1bdd807bce712d53c,jumbo,34,pechuga de pollo,Filete de Pollo Natural 700 g,7060,Online RM,Metropolitana,Santiago,2026-08-08,2026-08-08T00:25:51.379108
abb77ef5f2ed68f50f17614fa81194b3,jumbo,35,pechuga de pollo,Tiritas Pollo Frescas 350 g,3490,Online RM,Metropolitana,Santiago,2026-08-08,2026-08-08T00:25:51.379139
2761f67dbad2f895c06eedd01e02b9f5,jumbo,36,pechuga de pollo,Filete de Pollo Asado 800 g,8890,Online RM,Metropolitana,Santiago,2026-08-08,2026-08-08T00:25:51.379167
9fc5b78fc8cd7b1b9ac0fdc01f315496,jumbo,37,pechuga de pollo,Filetillos de Pechuga de Pollo Ariztía 830 g,6490,Online RM,Metropolitana,Santiago,2026-08-08,2026-08-08T00:25:51.379197
7ebd3fe59d279eb22b45fa18f3d46430,jumbo,38,pechuga de pollo,Pechuga de Pollo Asada Receta del Abuelo Granel,1556,Online RM,Metropolitana,Santiago,2026-08-08,2026-08-08T00:25:51.379226
e273db116d94742973a61f94c77a7708,jumbo,39,pechuga de pollo,Filetitos de Pechuga Congelados 1.5 kg,11990,Online RM,Metropolitana,Santiago,2026-08-08,2026-08-08T00:25:51.379258
dc2b7b0905589e5ccb828cdb6d2fd140,jumbo,1,pollo entero,Pollo Entero Ariztía kg,7180,Online RM,Metropolitana,Santiago,2026-08-08,2026-08-08T00:25:51.383631
9c70ea1bc2fbcff4b6ebcbbe4485290e,jumbo,2,pollo entero,Pollo Entero Sin Marinar kg,8985,Online RM,Metropolitana,Santiago,2026-08-08,2026-08-08T00:25:51.383654
0bac13e18c168cf1590d2293d6343e38,jumbo,3,pollo entero,Pollo Entero con Menudencias Don Pollo Envasado,7180,Online RM,Metropolitana,Santiago,2026-08-08,2026-08-08T00:25:51.383671
e85589ce23ed1289840b602d4d06289b,jumbo,4,pollo entero,Trutro Entero de Pollo kg,3990,Online RM,Metropolitana,Santiago,2026-08-08,2026-08-08T00:25:51.383686
dc4652d0789ec87f14223cd404fdb519,jumbo,5,pollo entero,Pana de Pollo Ariztía 600 g,2190,Online RM,Metropolitana,Santiago,2026-08-08,2026-08-08T00:25:51.383701
9bcf726910c63cfe54ce0a478bc782e0,jumbo,6,pollo entero,Trutro Largo de Pollo Ariztía Canto del Gallo kg,6690,Online RM,Metropolitana,Santiago,2026-08-08,2026-08-08T00:25:51.383716
d6e8ef8b1d8980da8ec9b016cad369da,jumbo,7,pollo entero,Pechuga Deshuesada de Pollo Congelada 1.5 kg,11990,Online RM,Metropolitana,Santiago,2026-08-08,2026-08-08T00:25:51.383731
7621798821557bbe44a1c872970467ad,jumbo,8,pollo entero,Pechuga de Pollo Entera kg,5211,Online RM,Metropolitana,Santiago,2026-08-08,2026-08-08T00:25:51.383746
f3ca68c447b06509d8ad6e5fcea0398a,jumbo,9,pollo entero,Pechuga de Pollo Entera kg,4851,Online RM,Metropolitana,Santiago,2026-08-08,2026-08-08T00:25:51.383760
d4692d0eb710db7dd124126383dd34ff,jumbo,10,pollo entero,Trutro Entero 850 g Aprox.,4242,Online RM,Metropolitana,Santiago,2026-08-08,2026-08-08T00:25:51.383775
d8aedf5fee6f39a4f98957f845365c8a,jumbo,11,pollo entero,Corazón de Pollo Ariztía 500 g,2630,Online RM,Metropolitana,Santiago,2026-08-08,2026-08-08T00:25:51.383790
48aa61c0857954a7bbc5eb6a4f5c431b,jumbo,12,pollo entero,Trutro Entero de Pollo kg (5 un. Aprox),7380,Online RM,Metropolitana,Santiago,2026-08-08,2026-08-08T00:25:51.383805
d8670cb288eb8d052fd05fa3212f6364,jumbo,13,pollo entero,Contre de Pollo Ariztía 480 g,2290,Online RM,Metropolitana,Santiago,2026-08-08,2026-08-08T00:25:51.383820
2e35c9495e8fb650e55e8726956613d1,jumbo,14,pollo entero,Patas de Pollo Ariztía 350 g,2390,Online RM,Metropolitana,Santiago,2026-08-08,2026-08-08T00:25:51.383835
962276656722d760462c9b55b7316524,jumbo,15,pollo entero,Trutro Corto de Pollo Sadia 1 kg,4990,Online RM,Metropolitana,Santiago,2026-08-08,2026-08-08T00:25:51.383851
0798804e5f9df071689311aa4811c69d,jumbo,16,pollo entero,Corazón Super Pollo 500 g,2390,Online RM,Metropolitana,Santiago,2026-08-08,2026-08-08T00:25:51.383866
c20c90996ae668042a2ad99774444b24,jumbo,17,pollo entero,Pechuga de Pollo Entera Ariztía kg,4632,Online RM,Metropolitana,Santiago,2026-08-08,2026-08-08T00:25:51.383881
b916097b93c55321540703a8c1719ec8,jumbo,18,pollo entero,Pechuga Deshuesada de Pollo Sadia 1 kg,6990,Online RM,Metropolitana,Santiago,2026-08-08,2026-08-08T00:25:51.383896
7868bd315070871e61f3341767627a3f,jumbo,19,pollo entero,Albóndigas de Pollo Super Pollo Congeladas 300 g,2740,Online RM,Metropolitana,Santiago,2026-08-08,2026-08-08T00:25:51.383914
304abca307176cf7528e2a860f3373fc,jumbo,20,pollo entero,Trutro Largo de Pollo Sadia 1 kg,4990,Online RM,Metropolitana,Santiago,2026-08-08,2026-08-08T00:25:51.383931
d70302f40c1a2a2d041d57b805efe2d1,jumbo,21,pollo entero,Filetitos de Pollo Sadia 1 kg,6990,Online RM,Metropolitana,Santiago,2026-08-08,2026-08-08T00:25:51.383948
58785526c3e6f6916160eb7cb608ac1b,jumbo,22,pollo entero,Pechuga Entera de Pollo Don Pollo kg,5031,Online RM,Metropolitana,Santiago,2026-08-08,2026-08-08T00:25:51.383963
70bd888f8c35b56bc33841b2e77c3192,jumbo,23,pollo entero,Pollo Entero Asado Cuisine & Co 1.1 kg,10990,Online RM,Metropolitana,Santiago,2026-08-08,2026-08-08T00:25:51.383977
0af23d8c83d407f074052b5cfbd14147,jumbo,24,pollo entero,Pollo Entero Asado Refrigerado 1 un.,9990,Online RM,Metropolitana,Santiago,2026-08-08,2026-08-08T00:25:51.383992
34297a5bd6c7833726ec581618bf8f9c,jumbo,1,trutro de pollo,Trutro Entero de Pollo kg,3990,Online RM,Metropolitana,Santiago,2026-08-08,2026-08-08T00:25:51.390808
19ed3fb08ef260316f422af771deb20f,jumbo,2,trutro de pollo,Tuto Corto Super Pollo 800 g Aprox,2486,Online RM,Metropolitana,Santiago,2026-08-08,2026-08-08T00:25:51.390830
807ca497d147b82db1d9a7953a81c6e5,jumbo,3,trutro de pollo,Tuto Deshuesado Super Pollo Clásico 750 g,3927,Online RM,Metropolitana,Santiago,2026-08-08,2026-08-08T00:25:51.390847
a42e10fa1f7ad1e35987e6c9ecec4a93,jumbo,4,trutro de pollo,Pollo Tuto Deshuesado Congelado 750 g,5890,Online RM,Metropolitana,Santiago,2026-08-08,2026-08-08T00:25:51.390862
603fe04d85d54777ce8bd79d0ff102ac,jumbo,5,trutro de pollo,Tuto Combinado Super Pollo 1 kg Aprox,3493,Online RM,Metropolitana,Santiago,2026-08-08,2026-08-08T00:25:51.390877
1c68e328c9477206d8a9dde3da62aa23,jumbo,6,trutro de pollo,Trutro Corto de Pollo kg,6690,Online RM,Metropolitana,Santiago,2026-08-08,2026-08-08T00:25:51.390893
29496f782f08d4d02bbd3f43f46f1964,jumbo,7,trutro de pollo,Ala Pollo Tuto Sabor Jalapeño 750 g,5500,Online RM,Metropolitana,Santiago,2026-08-08,2026-08-08T00:25:51.390908
a5efb27d2ae3ba4004f322a039aa5b92,jumbo,8,trutro de pollo,Trutro Corto de Pollo Sin Marinar 1 kg,6890,Online RM,Metropolitana,Santiago,2026-08-08,2026-08-08T00:25:51.390923
858889f8c6a7c0a613ea4b1502f4d12f,jumbo,9,trutro de pollo,Tuto Largo kg,2794,Online RM,Metropolitana,Santiago,2026-08-08,2026-08-08T00:25:51.390938
7e8fd5732cd6d290cf5336def8777837,jumbo,10,trutro de pollo,Tuto Corto Super Pollo Iqf 800 g,3990,Online RM,Metropolitana,Santiago,2026-08-08,2026-08-08T00:25:51.390953
e92574e55810043005f1b460ae11d349,jumbo,11,trutro de pollo,Trutro Corto Don Pollo kg,3951,Online RM,Metropolitana,Santiago,2026-08-08,2026-08-08T00:25:51.390969
0fc1c3f2072990222e102d2e2a861d29,jumbo,12,trutro de pollo,Trutro Largo y Corto de Pollo Ariztía kg,4290,Online RM,Metropolitana,Santiago,2026-08-08,2026-08-08T00:25:51.391009
e3e09fa0bc59f65e677dacfb0fc53c4d,jumbo,13,trutro de pollo,Trutro Entero de Pollo kg (5 un. Aprox),7380,Online RM,Metropolitana,Santiago,2026-08-08,2026-08-08T00:25:51.391034
aac6fdf1253824fe310e940808d52404,jumbo,14,trutro de pollo,Trutro Corto de Pollo Farmers Congelado kg,5490,Online RM,Metropolitana,Santiago,2026-08-08,2026-08-08T00:25:51.391049
c781a85e888ddb44ac489f0c17dcc37b,jumbo,15,trutro de pollo,Trutro Entero 850 g Aprox.,4242,Online RM,Metropolitana,Santiago,2026-08-08,2026-08-08T00:25:51.391064
4251d21d00e25a06bd354bbdee812b98,jumbo,16,trutro de pollo,Trutro Corto de Pollo Asado 1 kg,8390,Online RM,Metropolitana,Santiago,2026-08-08,2026-08-08T00:25:51.391079
b54ab119ceae8bfa2ddf7501a56a7f5c,jumbo,17,trutro de pollo,Pechuga de Pollo Entera kg,4851,Online RM,Metropolitana,Santiago,2026-08-08,2026-08-08T00:25:51.391094
ea9704a43504398c786fae5cf0dd76b5,jumbo,18,trutro de pollo,Trutos de Pollo Asado kg,8490,Online RM,Metropolitana,Santiago,2026-08-08,2026-08-08T00:25:51.391110
b7a9a14374f2b3da87911de3966c20cb,jumbo,19,trutro de pollo,Pechuga Deshuesada de Pollo Super Pollo Granel,6890,Online RM,Metropolitana,Santiago,2026-08-08,2026-08-08T00:25:51.391215
bfe76b51bef317a2bd60120de8a2347e,jumbo,20,trutro de pollo,Trutro Largo de Pollo Ariztía Canto del Gallo kg,6690,Online RM,Metropolitana,Santiago,2026-08-08,2026-08-08T00:25:51.391232
bf4a8567d73447205b29aad8e7aa94b6,jumbo,21,trutro de pollo,Trutro Largo de Pollo Farmers Congelado kg,5490,Online RM,Metropolitana,Santiago,2026-08-08,2026-08-08T00:25:51.391247
fdc1b29e38cd5a0b56adf4d5ee998057,jumbo,22,trutro de pollo,Pollo Deshuesado Ahumado Midlegs Ariztía 750 g,5690,Online RM,Metropolitana,Santiago,2026-08-08,2026-08-08T00:25:51.391261
e3cf24cd7d2e3ef558536c3440151cf3,jumbo,23,trutro de pollo,Trutro Corto Pollo 700 g,4790,Online RM,Metropolitana,Santiago,2026-08-08,2026-08-08T00:25:51.391277
a74468da2b2f0ab6e719b5fdf78f0385,jumbo,24,trutro de pollo,Trutro Corto de Pollo Farmers Congelado kg,12456,Online RM,Metropolitana,Santiago,2026-08-08,2026-08-08T00:25:51.391293
4f89c2e615e60e38bd8717920df2e40e,jumbo,25,trutro de pollo,Trutro Corto de Pollo Sadia 1 kg,4990,Online RM,Metropolitana,Santiago,2026-08-08,2026-08-08T00:25:51.391309
d15d45a62f936256b93f96ed1e491733,jumbo,26,trutro de pollo,Trutro Largo de Pollo Sadia 1 kg,4990,Online RM,Metropolitana,Santiago,2026-08-08,2026-08-08T00:25:51.391324
5f1d1e48a7f60de1ba7016612ec17647,jumbo,27,trutro de pollo,Trutro Largo de Pollo Farmers Congelado kg,12456,Online RM,Metropolitana,Santiago,2026-08-08,2026-08-08T00:25:51.391339
fc73937ce6546e285833551cf0a2f71c,jumbo,28,trutro de pollo,Truto de Ala de Pollo 500 g,2513,Online RM,Metropolitana,Santiago,2026-08-08,2026-08-08T00:25:51.391354
7a15ca912d5a22df5ca52677a8056eaf,jumbo,29,trutro de pollo,Trutro Largo de Pollo Sin Marinar 1 kg,6890,Online RM,Metropolitana,Santiago,2026-08-08,2026-08-08T00:25:51.391368
8fefeeebac4f65447a3b3220d23521ed,jumbo,30,trutro de pollo,Pollo Deshuesado Ariztía MidLegs Original 750 g,5690,Online RM,Metropolitana,Santiago,2026-08-08,2026-08-08T00:25:51.391383
24d4e4924d01651faa0ace2eade4d96e,jumbo,31,trutro de pollo,Midwings de Pollo Ariztía 750 g,4790,Online RM,Metropolitana,Santiago,2026-08-08,2026-08-08T00:25:51.391398
4c68e40720a18579b7733b0fbf79fb03,jumbo,32,trutro de pollo,Pechuga Deshuesada de Pollo kg (6 a 7 un. Aprox),17225,Online RM,Metropolitana,Santiago,2026-08-08,2026-08-08T00:25:51.391413
978a5cd3a7efe73635e3b5d0037c899a,jumbo,33,trutro de pollo,Trutro Largo Pollo 730 g,4790,Online RM,Metropolitana,Santiago,2026-08-08,2026-08-08T00:25:51.391428
dff529e9f31627bce96de5cfa71dd266,jumbo,34,trutro de pollo,Trutro Largo con Piel Super Pollo 800 g,3990,Online RM,Metropolitana,Santiago,2026-08-08,2026-08-08T00:25:51.391443
f71351fead223d70fbb318af2032253f,jumbo,35,trutro de pollo,Trutro Largo de Pollo Ariztía Envasado,4290,Online RM,Metropolitana,Santiago,2026-08-08,2026-08-08T00:25:51.391458
3d72db6a9648a5e2dc81c5c623c74140,jumbo,36,trutro de pollo,Trutro Combinado Don Pollo kg,3951,Online RM,Metropolitana,Santiago,2026-08-08,2026-08-08T00:25:51.391472
450bfe947b9210ce812b54c8e72a89c6,jumbo,37,trutro de pollo,Alitas Sabor Barbecue Super Pollo 750 g,4053,Online RM,Metropolitana,Santiago,2026-08-08,2026-08-08T00:25:51.391487
3aea056df4724610311c2bc2356ff68c,jumbo,38,trutro de pollo,Ala de Trutro de Pollo Ariztía Chileno 750 g,5590,Online RM,Metropolitana,Santiago,2026-08-08,2026-08-08T00:25:51.391502
1ef37fdb354663729d5e91779fd70a19,jumbo,39,trutro de pollo,Alitas Sabor Chileno 750 g,4053,Online RM,Metropolitana,Santiago,2026-08-08,2026-08-08T00:25:51.391516
79b9f59c76176ed78b75589ad387fa2f,jumbo,40,trutro de pollo,Tutitos de Ala Ariztía Barbecue 750 g,4190,Online RM,Metropolitana,Santiago,2026-08-08,2026-08-08T00:25:51.391544
68c03a961becd185b40e406d7ea3f215,jumbo,1,salchichas vienesas,Salchicha Sureña La Preferida Reducción de Sodio 500 g,4950,Online RM,Metropolitana,Santiago,2026-08-08,2026-08-08T00:25:51.396694
61ab73e4e6505fe2ba0d75b2e3e0f92f,jumbo,2,salchichas vienesas,Salchicha Pavo PF 250 g 5 un.,1420,Online RM,Metropolitana,Santiago,2026-08-08,2026-08-08T00:25:51.396716
108e2bdde3f37d58d70c0fd160cb5ec6,jumbo,3,salchichas vienesas,Salchicha Sureña San Jorge 1 kg 20 un.,3890,Online RM,Metropolitana,Santiago,2026-08-08,2026-08-08T00:25:51.396739
e959d11cdbc1d67f1812895630032550,jumbo,4,salchichas vienesas,Salchicha Llanquihue Tradicional 10 un.,6600,Online RM,Metropolitana,Santiago,2026-08-08,2026-08-08T00:25:51.396766
1929b2159e01b709ed802e2c91298465,jumbo,5,salchichas vienesas,Vienesas Emporio Alemán 250 g,2950,Online RM,Metropolitana,Santiago,2026-08-08,2026-08-08T00:25:51.396792
81ea1410e2651f86083c42c815144609,jumbo,6,salchichas vienesas,Salchicha Premium Schwencke 500 g,5490,Online RM,Metropolitana,Santiago,2026-08-08,2026-08-08T00:25:51.396817
270a3a08ffbc499d41a134b6a036cc5e,jumbo,7,salchichas vienesas,Salchicha Sureña Llanquihue Orígenes 250 g,3590,Online RM,Metropolitana,Santiago,2026-08-08,2026-08-08T00:25:51.396843
23473d474e58a6f39624359960d2b0a0,jumbo,8,salchichas vienesas,Salchicha Sureñas PF 250 g 5 un.,1290,Online RM,Metropolitana,Santiago,2026-08-08,2026-08-08T00:25:51.396869
d03a1ffee597f8a7aca0d5c28c6d53f9,jumbo,9,salchichas vienesas,Salchicha Sureña PF 1 kg,5490,Online RM,Metropolitana,Santiago,2026-08-08,2026-08-08T00:25:51.396895
b94353542474115fc63c8eb3681285bb,jumbo,10,salchichas vienesas,Salchicha Sureña PF 500 g 10 un.,2850,Online RM,Metropolitana,Santiago,2026-08-08,2026-08-08T00:25:51.396921
db54d5576e358a8a818f13308bba9630,jumbo,11,salchichas vienesas,Salchicha Tradicional PF 1 kg,5190,Online RM,Metropolitana,Santiago,2026-08-08,2026-08-08T00:25:51.396946
0f5c3cd15efe9cf43c20d4e7c5b0c814,jumbo,12,salchichas vienesas,Salchicha Pollo La Montina Campestre Artesanal 250 g,1970,Online RM,Metropolitana,Santiago,2026-08-08,2026-08-08T00:25:51.396974
ff2381aeb761e74fd4c1cb1dada886e1,jumbo,13,salchichas vienesas,Vienesa Tradicional Al Vacío 250 g,2490,Online RM,Metropolitana,Santiago,2026-08-08,2026-08-08T00:25:51.397003
cce506f3b6ff70b0d65b4686d4370946,jumbo,14,salchichas vienesas,Salchicha Llanquihue Tradicional 5 un.,3940,Online RM,Metropolitana,Santiago,2026-08-08,2026-08-08T00:25:51.397021
eb4ec77b35cb10330d6736e01d5cb6cf,jumbo,15,salchichas vienesas,Salchicha Llanquihue Tradicional 20 un.,13300,Online RM,Metropolitana,Santiago,2026-08-08,2026-08-08T00:25:51.397036
15d1bbc1ec8f93be2957880761ed0015,jumbo,16,salchichas vienesas,Salchicha de Pollo Montina 1 kg,4290,Online RM,Metropolitana,Santiago,2026-08-08,2026-08-08T00:25:51.397051
3e0f1d5bc89feb17ef3612eb8082da4d,jumbo,17,salchichas vienesas,Salchicha Sureña La Preferida 750 g,6650,Online RM,Metropolitana,Santiago,2026-08-08,2026-08-08T00:25:51.397066
dbbd77402ac6f1012860452988c3abd0,jumbo,18,salchichas vienesas,Salchicha Tradicional Montina 1 kg,4990,Online RM,Metropolitana,Santiago,2026-08-08,2026-08-08T00:25:51.397081
dbac479ee18e5f7a0c0713d83465ee19,jumbo,19,salchichas vienesas,Salchicha de Pavo 250 g,2490,Online RM,Metropolitana,Santiago,2026-08-08,2026-08-08T00:25:51.397096
8762b0ef450871a206eeb924e3ab9f9c,jumbo,20,salchichas vienesas,Salchicha Pollo La Montina Criolla Artesanal 250 g,1970,Online RM,Metropolitana,Santiago,2026-08-08,2026-08-08T00:25:51.397112
0d446d75c71b9e38e1ac07ab5eca2ce4,jumbo,21,salchichas vienesas,Salchicha Pollo Montina Sureña 1 kg,4590,Online RM,Metropolitana,Santiago,2026-08-08,2026-08-08T00:25:51.397127
95658251fb0f94261acabaa3b5205b38,jumbo,22,salchichas vienesas,Salchicha Winter Tradicional 1 kg,3990,Online RM,Metropolitana,Santiago,2026-08-08,2026-08-08T00:25:51.397143
07113a4f737c9f8fd14cbf8e57d9a01c,jumbo,23,salchichas vienesas,Salchicha Pavo Montina 1 kg 20 un.,4290,Online RM,Metropolitana,Santiago,2026-08-08,2026-08-08T00:25:51.397158
d8a36aa3fecd765587f198202407923f,jumbo,24,salchichas vienesas,Salchicha Sureña San Jorge 250 g,1650,Online RM,Metropolitana,Santiago,2026-08-08,2026-08-08T00:25:51.397173
7f35a3de6e6dbac1e6973a02570106df,jumbo,25,salchichas vienesas,Salchicha Sureña Receta del Abuelo 500 g 10 un.,3590,Online RM,Metropolitana,Santiago,2026-08-08,2026-08-08T00:25:51.397188
c0d47b96304e914ff45e706131a90ba1,jumbo,26,salchichas vienesas,Salchicha Pollo Montina Sureña 800 g,4990,Online RM,Metropolitana,Santiago,2026-08-08,2026-08-08T00:25:51.397202
a5d4503fa5130e10e1ebc1f2ae132454,jumbo,27,salchichas vienesas,Salchicha San Jorge Bronto 475 g,2690,Online RM,Metropolitana,Santiago,2026-08-08,2026-08-08T00:25:51.397218
395cfc66332c2f8d431a9106b92805cf,jumbo,28,salchichas vienesas,Salchicha Sureña Llanquihue Orígenes 750 g,7390,Online RM,Metropolitana,Santiago,2026-08-08,2026-08-08T00:25:51.397232
b0841fc5883e08c1fbcc7a6f8654a108,jumbo,29,salchichas vienesas,Salchicha Sureña Receta del Abuelo 250 g,2990,Online RM,Metropolitana,Santiago,2026-08-08,2026-08-08T00:25:51.397247
78edc78003f12c0204784bf88db8e7a2,jumbo,30,salchichas vienesas,Salchicha Gorda Al Vacío 400 g,3984,Online RM,Metropolitana,Santiago,2026-08-08,2026-08-08T00:25:51.397262
bf8831d636d5587075d6242c12e01347,jumbo,31,salchichas vienesas,Vienesas La Preferida Sin Piel 380 g 7 un.,4190,Online RM,Metropolitana,Santiago,2026-08-08,2026-08-08T00:25:51.397277
5b7877687f8b11166498b1e1c10b3002,jumbo,32,salchichas vienesas,Vienesas La Preferida Sin Piel 760 g 14 un.,7490,Online RM,Metropolitana,Santiago,2026-08-08,2026-08-08T00:25:51.397292
2748f2151435f4aacefb1495d999ef56,jumbo,33,salchichas vienesas,Salchichas Receta del Abuelo Premium 500 g 10 un.,3590,Online RM,Metropolitana,Santiago,2026-08-08,2026-08-08T00:25:51.397308
c724a097f85506f88284a35fb145e016,jumbo,34,salchichas vienesas,Salchichas Receta del Abuelo Premium 750 g 15 un.,5290,Online RM,Metropolitana,Santiago,2026-08-08,2026-08-08T00:25:51.397323
f941a59d37c31f8c999faa84886bcd29,jumbo,35,salchichas vienesas,Salchichas San Jorge 1 kg 20 un.,3690,Online RM,Metropolitana,Santiago,2026-08-08,2026-08-08T00:25:51.397338
b93f825043851f7ac97859d112e14d9b,jumbo,36,salchichas vienesas,Salchichas Receta del Abuelo Premium 250 g 5 un.,2670,Online RM,Metropolitana,Santiago,2026-08-08,2026-08-08T00:25:51.397353
7b41d5a6afb101301455f256493a7966,jumbo,37,salchichas vienesas,Salchichas Campesinas Al Vacío 250 g,2490,Online RM,Metropolitana,Santiago,2026-08-08,2026-08-08T00:25:51.397368
c41fb87096995f91411ceb1a5dab3459,jumbo,38,salchichas vienesas,Salchichas Húngaras Al Vacío 250 g,2490,Online RM,Metropolitana,Santiago,2026-08-08,2026-08-08T00:25:51.397383
1094f509e1ada796dd91888793970c31,jumbo,39,salchichas vienesas,Salchichas San Jorge 250 g,1370,Online RM,Metropolitana,Santiago,2026-08-08,2026-08-08T00:25:51.397397
2c05362207e6a3bf10b756670ba175a3,jumbo,40,salchichas vienesas,Salchichas Pacel 500 g,5690,Online RM,Metropolitana,Santiago,2026-08-08,2026-08-08T00:25:51.397413
41ed157ad2d6424ecbe24fd3c2d26f8d,jumbo,1,longaniza,Longaniza Ahumada Cecinas Chillán Tradicional kg,3175,Online RM,Metropolitana,Santiago,2026-08-08,2026-08-08T00:25:51.405102
1b885d7ae0ecd4e5a214b0777f39a167,jumbo,2,longaniza,Longaniza Schwencke 1 kg,11590,Online RM,Metropolitana,Santiago,2026-08-08,2026-08-08T00:25:51.405126
141e9963e88f19c0bbbd40900795a8af,jumbo,3,longaniza,Longaniza Schwencke 500 g,7910,Online RM,Metropolitana,Santiago,2026-08-08,2026-08-08T00:25:51.405143
a89cc5a54381994b9e502d73dc288808,jumbo,4,longaniza,Longaniza Choripán Al Vacío 500 g,5490,Online RM,Metropolitana,Santiago,2026-08-08,2026-08-08T00:25:51.405158
a1f1751fb0e0702e0e6a92435da4b0a8,jumbo,5,longaniza,Longaniza Llanquihue 500 g 4 un.,7060,Online RM,Metropolitana,Santiago,2026-08-08,2026-08-08T00:25:51.405174
d364366e0105eb73638129daecc9e533,jumbo,6,longaniza,Longaniza Schwencke 250 g,3730,Online RM,Metropolitana,Santiago,2026-08-08,2026-08-08T00:25:51.405189
ef0b4b2a7ae89aaaa56a39d704ff564d,jumbo,7,longaniza,Longaniza Llanquihue 250 g,4280,Online RM,Metropolitana,Santiago,2026-08-08,2026-08-08T00:25:51.405205
ea22efe556916e316afda559190cf3cc,jumbo,8,longaniza,Longaniza Tradicional Al Vacío 250 g,4290,Online RM,Metropolitana,Santiago,2026-08-08,2026-08-08T00:25:51.405220
6c58340fb57c1f02924a470fc68cc382,jumbo,9,longaniza,Longaniza Angus La Preferida 500 g,4990,Online RM,Metropolitana,Santiago,2026-08-08,2026-08-08T00:25:51.405236
02f7d0ea6bc5983a45951dcfe55ebeac,jumbo,10,longaniza,Longaniza Bratwurst Al Vacío 500 g,5490,Online RM,Metropolitana,Santiago,2026-08-08,2026-08-08T00:25:51.405253
70a3a3b4c579fa2e59ef377df9973ce7,jumbo,11,longaniza,Longaniza Bratwurst Al Vacío 250 g,4290,Online RM,Metropolitana,Santiago,2026-08-08,2026-08-08T00:25:51.405268
af9b48606a21d9bfe5dead960a33a10a,jumbo,12,longaniza,Longaniza Artesanal Centenario La Preferida 400 g,3990,Online RM,Metropolitana,Santiago,2026-08-08,2026-08-08T00:25:51.405283
4dd30e56b2c5363b974ea7e26cc3ace4,jumbo,13,longaniza,Longaniza Ahumada Chillán Tradicional 500 g,6990,Online RM,Metropolitana,Santiago,2026-08-08,2026-08-08T00:25:51.405298
54937fffb872e5cbf285ca706f89d736,jumbo,14,longaniza,Longaniza Parrillera Chillán Al Vacío 500 g,6990,Online RM,Metropolitana,Santiago,2026-08-08,2026-08-08T00:25:51.405312
dfdaf7643f91542067d92497abe05308,jumbo,15,longaniza,Longaniza Rústica Tradicional Al Vacío 250 g,4290,Online RM,Metropolitana,Santiago,2026-08-08,2026-08-08T00:25:51.405327
9bae0e1281e50fee2525d12901f5d594,jumbo,16,longaniza,Longaniza Ahumada Cecinas Chillán Parrillera Tradicional kg,3175,Online RM,Metropolitana,Santiago,2026-08-08,2026-08-08T00:25:51.405342
70b1257d0b15ab292f4072b9b62008df,jumbo,17,longaniza,Longaniza Alemana Schwencke Ahumada 500 g,7910,Online RM,Metropolitana,Santiago,2026-08-08,2026-08-08T00:25:51.405357
471a6bbaad5bb6c5e89fd1a8cf3d8c56,jumbo,18,longaniza,Longaniza Llanquihue 1 kg 8 un.,14490,Online RM,Metropolitana,Santiago,2026-08-08,2026-08-08T00:25:51.405372
268e2a94247d34f3baa4d89b1d0169bf,jumbo,19,longaniza,Longaniza Choripán Al Vacío 250 g,4290,Online RM,Metropolitana,Santiago,2026-08-08,2026-08-08T00:25:51.405387
637ac4d7fd1cddd5151083cc98273b96,jumbo,20,longaniza,Longaniza Rústica Campo Al Vacío 250 g,4290,Online RM,Metropolitana,Santiago,2026-08-08,2026-08-08T00:25:51.405401
04553557df486aeae5b6cd948433a9f0,jumbo,21,longaniza,Longaniza Parrillera Soler 500 g,5650,Online RM,Metropolitana,Santiago,2026-08-08,2026-08-08T00:25:51.405416
ceb9ef646e135942051ad899de70e9a5,jumbo,22,longaniza,Longaniza Parrillera Alejandro 250 g,4550,Online RM,Metropolitana,Santiago,2026-08-08,2026-08-08T00:25:51.405430
4aa55249df922b51f07b03245a79f3ee,jumbo,23,longaniza,Longaniza Bratwurst Parmesano Al Vacío 250 g,4290,Online RM,Metropolitana,Santiago,2026-08-08,2026-08-08T00:25:51.405445
f37f214e88e7340349441382016c57cd,jumbo,24,longaniza,Longaniza Parrillera PF 1 kg,6190,Online RM,Metropolitana,Santiago,2026-08-08,2026-08-08T00:25:51.405459
b28dc8f8b4293b15ad651d4e2ee2c352,jumbo,25,longaniza,Longaniza Schwencke Orígenes 500 g,7690,Online RM,Metropolitana,Santiago,2026-08-08,2026-08-08T00:25:51.405474
1d3af2861d452db9ffce16df4773ae58,jumbo,26,longaniza,Longaniza Bratwurst Boletus 1 un.,4290,Online RM,Metropolitana,Santiago,2026-08-08,2026-08-08T00:25:51.405489
b76441a352cb0ca262a65dd26495e86b,jumbo,27,longaniza,Longaniza Patagónica JJ 500 g,6390,Online RM,Metropolitana,Santiago,2026-08-08,2026-08-08T00:25:51.405504
dfb0b2df7253b59289a724d64ac3dc43,jumbo,28,longaniza,Mix Parrillero Receta del Abuelo 400 g,4830,Online RM,Metropolitana,Santiago,2026-08-08,2026-08-08T00:25:51.405518
f4dfd54828a484769154dd298dd63438,jumbo,29,longaniza,Longaniza Pacel 500 g,5990,Online RM,Metropolitana,Santiago,2026-08-08,2026-08-08T00:25:51.405559
62b04737803d53ba12fdf0a32d3f078d,jumbo,30,longaniza,Chorizo Grill House Receta del Abuelo 400 g,4490,Online RM,Metropolitana,Santiago,2026-08-08,2026-08-08T00:25:51.405575
2176d101909d29c9d09ed5341b95453b,jumbo,31,longaniza,Chorizo Tipo Argentino Al Vacío 500 g,5490,Online RM,Metropolitana,Santiago,2026-08-08,2026-08-08T00:25:51.405590
015b8c36f650c0f1f7489a6f17f52fcd,jumbo,32,longaniza,Mix Parrillero Schwencke 500 g,6650,Online RM,Metropolitana,Santiago,2026-08-08,2026-08-08T00:25:51.405604
83f84ccad52c3b8e0d945b6dec7a0a4b,jumbo,33,longaniza,Longaniza Barbacoa Alejandro 250 g,4550,Online RM,Metropolitana,Santiago,2026-08-08,2026-08-08T00:25:51.405619
8316aa5a64f369a98bca407e447edfa8,jumbo,34,longaniza,Chorizo Parrillero Schwencke 250 g,3950,Online RM,Metropolitana,Santiago,2026-08-08,2026-08-08T00:25:51.405634
9cc44616f28d3509e064b10472f4e3e3,jumbo,35,longaniza,Chorizo Tradicional Al Vacío 500 g,5490,Online RM,Metropolitana,Santiago,2026-08-08,2026-08-08T00:25:51.405649
5f59e88545efca0f4e20723a36b82c8b,jumbo,36,longaniza,Longaniza Texmex Ají Verde Al Vacío 250 g,4290,Online RM,Metropolitana,Santiago,2026-08-08,2026-08-08T00:25:51.405664
65a38051577e21fad3e43532ee6a6219,jumbo,37,longaniza,Chorizo Angus La Preferida 500 g 8 un.,4990,Online RM,Metropolitana,Santiago,2026-08-08,2026-08-08T00:25:51.405678
bb058f99ff1312c9f69ce298df8b7e30,jumbo,38,longaniza,Chorizo Parrillero Llanquihue 1 kg,11490,Online RM,Metropolitana,Santiago,2026-08-08,2026-08-08T00:25:51.405692
4e3b495602aeb0cdd577ecdb15f137dd,jumbo,39,longaniza,Chorizo Tipo Argentino Al Vacío 250 g,4290,Online RM,Metropolitana,Santiago,2026-08-08,2026-08-08T00:25:51.405707
455289c10084e525de63ea991c925ca6,jumbo,40,longaniza,Chorizo Tradicional Al Vacío 250 g,4290,Online RM,Metropolitana,Santiago,2026-08-08,2026-08-08T00:25:51.405724
55fa4b3d2d56baed4f842cd93ddf7f60,jumbo,1,jamon acaramelado,Jamón Acaramelado Receta del Abuelo Granel,1435,Online RM,Metropolitana,Santiago,2026-08-08,2026-08-08T00:25:51.408700
94dba34d10ae0a2ceecde41e3514c8d3,jumbo,2,jamon acaramelado,Jamón Acaramelado San Jorge Granel,1236,Online RM,Metropolitana,Santiago,2026-08-08,2026-08-08T00:25:51.408720
42a42584484df7b1dff4528ea03d9fff,jumbo,3,jamon acaramelado,Jamón Pierna Acaramelado Granel 100 g,1596,Online RM,Metropolitana,Santiago,2026-08-08,2026-08-08T00:25:51.408737
b2ead00568eb436a5f845d9570ba536a,jumbo,4,jamon acaramelado,Jamón Artesanal Llanquihue Acaramelado Granel,1876,Online RM,Metropolitana,Santiago,2026-08-08,2026-08-08T00:25:51.408752
c37ed55e14fe69d47645b0491c0a4874,jumbo,5,jamon acaramelado,Jamón Acaramelado Receta del Abuelo Corte Pluma 125 g,2330,Online RM,Metropolitana,Santiago,2026-08-08,2026-08-08T00:25:51.408767
21b31c99a4ae9c01797bb1138ebda1e4,jumbo,6,jamon acaramelado,Jamón Pierna PF Acaramelado Granel,1276,Online RM,Metropolitana,Santiago,2026-08-08,2026-08-08T00:25:51.408782
eabc3fe13cdf3753149527efdd3fddc4,jumbo,7,jamon acaramelado,Jamón Pierna Acaramelado Al Vacío 250 g,3990,Online RM,Metropolitana,Santiago,2026-08-08,2026-08-08T00:25:51.408797
9042f840235819e372f6fdde2052e7c7,jumbo,8,jamon acaramelado,Jamón Acaramelado de Pavo Sopraval Granel,1276,Online RM,Metropolitana,Santiago,2026-08-08,2026-08-08T00:25:51.408813
bb8015a7fa9984a2b002aed47ec3dda9,jumbo,9,jamon acaramelado,Jamón de Pavo Acaramelado Receta del Abuelo 125 g,3050,Online RM,Metropolitana,Santiago,2026-08-08,2026-08-08T00:25:51.408828
092f5cc120e3c612c476f4df920d0b3e,jumbo,10,jamon acaramelado,Jamón Centenario La Preferida Acaramelado 125 g,2440,Online RM,Metropolitana,Santiago,2026-08-08,2026-08-08T00:25:51.408844
4feebccc4869faeecc5113fb4dd1eb62,jumbo,11,jamon acaramelado,Jamón Pierna Cerdo La Crianza Acaramelado Corte Pluma 120 g,2150,Online RM,Metropolitana,Santiago,2026-08-08,2026-08-08T00:25:51.408860
8bb124e53a337f779ceb84a579275075,jumbo,12,jamon acaramelado,Jamón Acaramelado San Jorge 200 g,2990,Online RM,Metropolitana,Santiago,2026-08-08,2026-08-08T00:25:51.408875
e13104f3d6440ace5c2d328666b324c3,jumbo,13,jamon acaramelado,Jamón Acaramelado PF 200 g,2990,Online RM,Metropolitana,Santiago,2026-08-08,2026-08-08T00:25:51.408890
17865d958413e1dc2a3c081dd8cc5c2d,jumbo,14,jamon acaramelado,Jamón Pierna PF Acaramelado 125 g,2260,Online RM,Metropolitana,Santiago,2026-08-08,2026-08-08T00:25:51.408905
8ac43788ed29fde200b18b71317c1006,jumbo,15,jamon acaramelado,Jamón Acaramelado Super Cerdo Granel,796,Online RM,Metropolitana,Santiago,2026-08-08,2026-08-08T00:25:51.408920
cf0e972c464bcee82ca012b03090b7cc,jumbo,16,jamon acaramelado,Jamón Acaramelado Super Cerdo 150 g,2330,Online RM,Metropolitana,Santiago,2026-08-08,2026-08-08T00:25:51.408935
176c1add544d348723048cc74bdf3454,jumbo,17,jamon acaramelado,Jamón Pierna de Cerdo La Crianza Acaramelado kg,1260,Online RM,Metropolitana,Santiago,2026-08-08,2026-08-08T00:25:51.408950
e4d4bdd48c3241a9abd23fd994ba3f89,jumbo,1,pate,Paté de Ternera La Preferida 160 g,1570,Online RM,Metropolitana,Santiago,2026-08-08,2026-08-08T00:25:51.414861
454fe3ce9eae330149a7e400184e2170,jumbo,2,pate,Paté de Campo Llanquihue 125 g,1600,Online RM,Metropolitana,Santiago,2026-08-08,2026-08-08T00:25:51.414894
8154029a21cb405a992c62e5a654cd85,jumbo,3,pate,Paté Teewurst Llanquihue 125 g,2280,Online RM,Metropolitana,Santiago,2026-08-08,2026-08-08T00:25:51.414923
dfefc6ad6a2e1e035accf7c055d09f96,jumbo,4,pate,Paté Sabor Ternera Receta del Abuelo 125 g,1270,Online RM,Metropolitana,Santiago,2026-08-08,2026-08-08T00:25:51.414950
580a12dedcf3f47d2a3243eea5a6697f,jumbo,5,pate,Paté Ternera PF 125 g,830,Online RM,Metropolitana,Santiago,2026-08-08,2026-08-08T00:25:51.414976
f4e8869113fcb0da5d4319cbf3a5e2c2,jumbo,6,pate,Paté de Jamón Receta del Abuelo 125 g,1270,Online RM,Metropolitana,Santiago,2026-08-08,2026-08-08T00:25:51.415002
3da95e40e81690e165707208694498dd,jumbo,7,pate,Paté Teewurst Receta del Abuelo 125 g,1190,Online RM,Metropolitana,Santiago,2026-08-08,2026-08-08T00:25:51.415030
3ad597735f011a4b42f394b55279c08c,jumbo,8,pate,Paté de Jamón PF 125 g,830,Online RM,Metropolitana,Santiago,2026-08-08,2026-08-08T00:25:51.415058
33a4866e694af5aced937a494d4e3fd5,jumbo,9,pate,Paté de Ternera San Jorge 125 g,810,Online RM,Metropolitana,Santiago,2026-08-08,2026-08-08T00:25:51.415085
91c78ad1ab526218a45f321c0d8772ca,jumbo,10,pate,Paté de Pollo Finas Hierbas Receta del Abuelo 125 g,1750,Online RM,Metropolitana,Santiago,2026-08-08,2026-08-08T00:25:51.415111
4f0ce8344867d90d2f6bd298f2c6a304,jumbo,11,pate,Paté de Ternera Castillo 100 g,1750,Online RM,Metropolitana,Santiago,2026-08-08,2026-08-08T00:25:51.415136
2f97d1008e018055e009e660629da88f,jumbo,12,pate,Paté de Cerdo Llanquihue 125 g,1600,Online RM,Metropolitana,Santiago,2026-08-08,2026-08-08T00:25:51.415161
1f153f09227c65dff3c11b39f8cea87e,jumbo,13,pate,Paté Teewurst La Preferida 125 g,1890,Online RM,Metropolitana,Santiago,2026-08-08,2026-08-08T00:25:51.415187
84dece5b8eb9f17db6e46001c7be3ce2,jumbo,14,pate,Pasta Salame Receta del Abuelo 125 g,1250,Online RM,Metropolitana,Santiago,2026-08-08,2026-08-08T00:25:51.415212
1c9d785165dc3c8c72eea13a16646189,jumbo,15,pate,Paté de Campo Receta del Abuelo 125 g,1270,Online RM,Metropolitana,Santiago,2026-08-08,2026-08-08T00:25:51.415239
fe6ffd43082a3230688030bc8071c0cd,jumbo,16,pate,Paté de Ternera La Piara 125 g,2070,Online RM,Metropolitana,Santiago,2026-08-08,2026-08-08T00:25:51.415265
9a8841c0330045a6a5113dd568d076f3,jumbo,17,pate,Paté de Ternera Emporio Alemán 125 g,1770,Online RM,Metropolitana,Santiago,2026-08-08,2026-08-08T00:25:51.415290
720ae98b048f1de3f3b29df8c4f630d5,jumbo,18,pate,Paté de Cerdo Emporio Alemán 125 g,1770,Online RM,Metropolitana,Santiago,2026-08-08,2026-08-08T00:25:51.415316
60a276807778b34d6bb86883cc4f85d9,jumbo,19,pate,Pasta Ave Mayo Receta del Abuelo 125 g,1750,Online RM,Metropolitana,Santiago,2026-08-08,2026-08-08T00:25:51.415343
64fe7a8333847ff085396f35a185b94d,jumbo,20,pate,Paté Foie Perello 100 g,1450,Online RM,Metropolitana,Santiago,2026-08-08,2026-08-08T00:25:51.415370
fd00e5562972e6210475c8496c928be4,jumbo,21,pate,Pasta Sabor Jamón Serrano Recetas del Abuelo 125 g,1250,Online RM,Metropolitana,Santiago,2026-08-08,2026-08-08T00:25:51.415396
8ffac6ab0f9dc5f95dfe3eaffbf85e9c,jumbo,22,pate,Paté Pavo Al Cognac 100 g,3050,Online RM,Metropolitana,Santiago,2026-08-08,2026-08-08T00:25:51.415422
379df5dbbb0b1c7abdc23a757c04223a,jumbo,23,pate,Paté Finas Hierbas 100 g,3050,Online RM,Metropolitana,Santiago,2026-08-08,2026-08-08T00:25:51.415448
9224dcd2b93c21b55a40d7d847e08f10,jumbo,24,pate,Paté Foie Henaff 130 g,3740,Online RM,Metropolitana,Santiago,2026-08-08,2026-08-08T00:25:51.415473
556f8c7b2839b2be0d8b70e4fd2ccabb,jumbo,25,pate,Paté Ternera Perello 100 g,1450,Online RM,Metropolitana,Santiago,2026-08-08,2026-08-08T00:25:51.415500
09cb56c39f5a44e168d47260c9ee6643,jumbo,26,pate,Pasta de Pechuga de Pollo La Piara 115 g,2890,Online RM,Metropolitana,Santiago,2026-08-08,2026-08-08T00:25:51.415525
f5af925e7a76e74662d19fe98fff1f2d,jumbo,27,pate,Paté de Cerdo Villa Baviera 130 g,1550,Online RM,Metropolitana,Santiago,2026-08-08,2026-08-08T00:25:51.415569
4626582c39ecf0a61014644a03752be6,jumbo,28,pate,Teewurst Villa Baviera 130 g,2090,Online RM,Metropolitana,Santiago,2026-08-08,2026-08-08T00:25:51.415595
66378ab1be79f29353d16da6f1bb3aa8,jumbo,29,pate,Paté Perro Champion Dog Carne 315 g,1990,Online RM,Metropolitana,Santiago,2026-08-08,2026-08-08T00:25:51.415620
07deb664f03e26553eccf9f927640238,jumbo,30,pate,Paté Perro Master Dog Pollo 250 g,2230,Online RM,Metropolitana,Santiago,2026-08-08,2026-08-08T00:25:51.415646
1fefcb39be4ee7bf6ade388eaa55362b,jumbo,31,pate,Paté Perro Master Dog Carne 250 g,2230,Online RM,Metropolitana,Santiago,2026-08-08,2026-08-08T00:25:51.415672
80bb45ee20474f2c97ed1d6ad1b6e63b,jumbo,32,pate,Paté Perro Champion Dog Pollo 315 g,1990,Online RM,Metropolitana,Santiago,2026-08-08,2026-08-08T00:25:51.415687
a1be9d87064ecece56f6256a18c5b3c6,jumbo,33,pate,Sucedáneo Paté Vegan Deli French 150 g,4290,Online RM,Metropolitana,Santiago,2026-08-08,2026-08-08T00:25:51.415703
95d46211420d33140395322d28dc9ed3,jumbo,34,pate,Sucedáneo Paté Vegan Deli Natural 150 g,4290,Online RM,Metropolitana,Santiago,2026-08-08,2026-08-08T00:25:51.415718
33f9e644c4827df66d30480145583756,jumbo,35,pate,"Paté Creamy Pollo, Atún y Camarón Gato 70 g",1590,Online RM,Metropolitana,Santiago,2026-08-08,2026-08-08T00:25:51.415734
12b88ffc7bc743d8b955da2dd44ebdb7,jumbo,36,pate,Paté Creamy de Pollo Perro 70 g,1590,Online RM,Metropolitana,Santiago,2026-08-08,2026-08-08T00:25:51.415837
1825effa4e8715d11d591ebc0e6d8711,jumbo,37,pate,Paté Doña Rosita Vegano 150 g,2690,Online RM,Metropolitana,Santiago,2026-08-08,2026-08-08T00:25:51.415854
d9fcb52aa6a27e02a636430239c7abd2,jumbo,1,merluza congelada,Merluza Filete Congelado 500 g,4990,Online RM,Metropolitana,Santiago,2026-08-08,2026-08-08T00:25:51.417973
456b008cd291e74505b76e0dcfa62b7a,jumbo,2,merluza congelada,Merluza Filete Congelada 500 g,5990,Online RM,Metropolitana,Santiago,2026-08-08,2026-08-08T00:25:51.417994
f627877a1b2fbdb60c7d9deb4da97fa8,jumbo,3,merluza congelada,Merluza Premium Al Vacío Congelada 400 g,6890,Online RM,Metropolitana,Santiago,2026-08-08,2026-08-08T00:25:51.418010
fa7aa55e44371d6f1e22952ba66b0459,jumbo,4,merluza congelada,Croquetas de Merluza Congelado 100 g,1112,Online RM,Metropolitana,Santiago,2026-08-08,2026-08-08T00:25:51.418026
c31055173f0eb582269c1cb5bb830c37,jumbo,5,merluza congelada,Milanesa de Soya Mister Veggie 80 g,790,Online RM,Metropolitana,Santiago,2026-08-08,2026-08-08T00:25:51.418041
612cfd8722d15fc312ee4f1cac0a8165,jumbo,6,merluza congelada,Merluza Austral con Piel 500 g,7990,Online RM,Metropolitana,Santiago,2026-08-08,2026-08-08T00:25:51.418057
e75b43b536c8ddce1c3f5d7d09d3262c,jumbo,7,merluza congelada,Merluza Filete Congelada 500 g,3990,Online RM,Metropolitana,Santiago,2026-08-08,2026-08-08T00:25:51.418072
3f4c8c913eed16c718219e7b794b2d79,jumbo,1,jurel en conserva,Lomos de Jurel Natural San José 104 g drenado,1530,Online RM,Metropolitana,Santiago,2026-08-08,2026-08-08T00:25:51.420688
a98e9f17a87501506346fc7135738bda,jumbo,2,jurel en conserva,Lomos de Jurel Ahumado San José 104 g drenado,1530,Online RM,Metropolitana,Santiago,2026-08-08,2026-08-08T00:25:51.420712
c38b6d41cd2f58f33487315e07d912f2,jumbo,3,jurel en conserva,Lomos de Jurel en Aceite San José 104 g drenado,1530,Online RM,Metropolitana,Santiago,2026-08-08,2026-08-08T00:25:51.420728
77a62b3f475875d5be1b532074f30e79,jumbo,4,jurel en conserva,Jurel Al Natural San José Lata 300 g drenado,2350,Online RM,Metropolitana,Santiago,2026-08-08,2026-08-08T00:25:51.420743
6ded2fd96cc25d170dfe8b0a05bfce70,jumbo,5,jurel en conserva,Jurel Al Natural San José Reducido en Sodio 300 g drenado,2850,Online RM,Metropolitana,Santiago,2026-08-08,2026-08-08T00:25:51.420758
45bbd75befff238c315cbef70f12fa37,jumbo,6,jurel en conserva,Jurel Al Natural Cuisine & Co 300 g drenado,1890,Online RM,Metropolitana,Santiago,2026-08-08,2026-08-08T00:25:51.420773
7b8feda219499fc6035a219c8cb999df,jumbo,7,jurel en conserva,Jurel en Salsa de Tomate 130 g drenado,1330,Online RM,Metropolitana,Santiago,2026-08-08,2026-08-08T00:25:51.420788
01aa56bcb199cdea2f4999b5693018ea,jumbo,8,jurel en conserva,Jurel en Salsa de Tomate 300 g drenado,2230,Online RM,Metropolitana,Santiago,2026-08-08,2026-08-08T00:25:51.420804
49b2e69a41c881aa34e5a67223e0a7c1,jumbo,9,jurel en conserva,Jurel Natural Bajo en Sodio 300 g drenado,2230,Online RM,Metropolitana,Santiago,2026-08-08,2026-08-08T00:25:51.420819
e94cf953146777a452e40a7192d9f4a3,jumbo,10,jurel en conserva,Jurel Natural 130 g drenado,1390,Online RM,Metropolitana,Santiago,2026-08-08,2026-08-08T00:25:51.420834
143a9c100f0f55551862ae1e1be384c0,jumbo,11,jurel en conserva,Jurel San José 260 g,1990,Online RM,Metropolitana,Santiago,2026-08-08,2026-08-08T00:25:51.420850
1435d38a33a52767bb9f22df1c63ac26,jumbo,1,choritos en conserva,Choritos Al Natural Bajo en Sodio 100 g drenado,2320,Online RM,Metropolitana,Santiago,2026-08-08,2026-08-08T00:25:51.425686
d85babf9bb9f2b5cd7779d5512becdbd,jumbo,2,choritos en conserva,Choritos Al Natural Angelmo 100 g drenado,1090,Online RM,Metropolitana,Santiago,2026-08-08,2026-08-08T00:25:51.425708
6b03df30bfca4718bfd640ce414a641f,jumbo,3,choritos en conserva,"Choritos Lata 200 g drenado, 425 g neto",3790,Online RM,Metropolitana,Santiago,2026-08-08,2026-08-08T00:25:51.425725
bd9568f836701ce6bc99f58550187cd5,jumbo,4,choritos en conserva,Choritos Al Natural 213 g drenado,3690,Online RM,Metropolitana,Santiago,2026-08-08,2026-08-08T00:25:51.425741
dcfb7558f14ff49ee7375ed615945548,jumbo,5,choritos en conserva,Choritos en Aceite 213 g drenado,3690,Online RM,Metropolitana,Santiago,2026-08-08,2026-08-08T00:25:51.425756
0bda9c557793b6786a5c79f06b8f859c,jumbo,6,choritos en conserva,Choritos Salsa Picante 100 g drenado,1000,Online RM,Metropolitana,Santiago,2026-08-08,2026-08-08T00:25:51.425771
19a9e036e249e274585e2323349de342,jumbo,7,choritos en conserva,Choritos Al Natural Cuisine & Co 100 g drenado 190 g neto,1000,Online RM,Metropolitana,Santiago,2026-08-08,2026-08-08T00:25:51.425786
96b8f2421fe96e6eb990373d21c29e4b,jumbo,8,choritos en conserva,Choritos Ahumados Cuisine & Co 100 g drenado 190 g neto,1000,Online RM,Metropolitana,Santiago,2026-08-08,2026-08-08T00:25:51.425801
fcee3215a80c0671fc5216f2039c15b5,jumbo,9,choritos en conserva,"Choritos en Aceite 200 g drenado, 425 g neto",3790,Online RM,Metropolitana,Santiago,2026-08-08,2026-08-08T00:25:51.425818
2454d110cb0a71ba21b1589f43f02e38,jumbo,10,choritos en conserva,"Choritos en Aceite 100 g drenado, 190 g neto",1890,Online RM,Metropolitana,Santiago,2026-08-08,2026-08-08T00:25:51.425835
250a7c181b4215172f3d034bce8f7f6e,jumbo,11,choritos en conserva,Choritos en Salsa Picante 100 g drenado,1890,Online RM,Metropolitana,Santiago,2026-08-08,2026-08-08T00:25:51.425850
8aacf12abdf47390a483a162198cfdd3,jumbo,12,choritos en conserva,Choritos Al Natural Máxima 100 g drenado,1090,Online RM,Metropolitana,Santiago,2026-08-08,2026-08-08T00:25:51.425865
5ec3349aec613e524bcfb86bb2d0f2c8,jumbo,13,choritos en conserva,Choritos en Aceite Cuisine & Co 100 g drenado 190 g neto,1000,Online RM,Metropolitana,Santiago,2026-08-08,2026-08-08T00:25:51.425880
0ee18f9702708e1710f27519923aacc0,jumbo,14,choritos en conserva,Choritos Al Natural San José 100 g drenado 190 g neto,1970,Online RM,Metropolitana,Santiago,2026-08-08,2026-08-08T00:25:51.425895
41d0014dcc3f10a838ab08b83fef06c1,jumbo,15,choritos en conserva,"Choritos en Aceite 100 g drenado, 190 g neto",2320,Online RM,Metropolitana,Santiago,2026-08-08,2026-08-08T00:25:51.425910
10cd924384f0cde96f7a091d379c1aa5,jumbo,16,choritos en conserva,Choritos Al Natural Angelmo 213 g drenado,2190,Online RM,Metropolitana,Santiago,2026-08-08,2026-08-08T00:25:51.425925
a170c6422635b30e314a7482ef572afe,jumbo,17,choritos en conserva,Choritos en Aceite 100 g drenado,2190,Online RM,Metropolitana,Santiago,2026-08-08,2026-08-08T00:25:51.425940
acbc32d3f8d2fd178b72a3889aea656f,jumbo,18,choritos en conserva,Choritos en Aceite Angelmo 104 g drenado,1090,Online RM,Metropolitana,Santiago,2026-08-08,2026-08-08T00:25:51.425955
ae979bddf31625c3cba6d541b3a72495,jumbo,19,choritos en conserva,Choritos en Agua 100 g drenado,2190,Online RM,Metropolitana,Santiago,2026-08-08,2026-08-08T00:25:51.425970
a67903f8b164c0b2414d1e9cf5d7a392,jumbo,20,choritos en conserva,Choritos Robinson Crusoe Finas Hierbas 100 g drenado,2320,Online RM,Metropolitana,Santiago,2026-08-08,2026-08-08T00:25:51.425985
76397373bb1b531da0f513ec6c5ae7c5,jumbo,21,choritos en conserva,Choritos en Aceite San José 110 g drenado 190 g neto,1970,Online RM,Metropolitana,Santiago,2026-08-08,2026-08-08T00:25:51.426000
dab2d9c2b6825358d7d7363e51e52477,jumbo,22,choritos en conserva,Choritos en Aceite Máxima 100 g drenado,1090,Online RM,Metropolitana,Santiago,2026-08-08,2026-08-08T00:25:51.426015
46357ed50569e10377b1842b039a9b55,jumbo,23,choritos en conserva,Choritos en Aceite San José Lata 200 g drenado,3650,Online RM,Metropolitana,Santiago,2026-08-08,2026-08-08T00:25:51.426030
81db92eee66b055a3b19630eb20c6b31,jumbo,24,choritos en conserva,Chorito Al Natural San José Bajo en Sodio 190 g neto,2080,Online RM,Metropolitana,Santiago,2026-08-08,2026-08-08T00:25:51.426045
834cf5fc5361ad52c5dcab10dad99899,jumbo,25,choritos en conserva,Choritos Al Natural San José 200 g drenado,3730,Online RM,Metropolitana,Santiago,2026-08-08,2026-08-08T00:25:51.426060
9e4e1324d66c0f539dae528f7fddafd0,jumbo,1,surtido mariscos,Surtido de Mariscos 200 g drenado,4990,Online RM,Metropolitana,Santiago,2026-08-08,2026-08-08T00:25:51.428619
86c4cc3bc85de55a723ae1b187101cf1,jumbo,2,surtido mariscos,Surtido de Mariscos Cuisine & Co 500 g,4990,Online RM,Metropolitana,Santiago,2026-08-08,2026-08-08T00:25:51.428640
6e95bf02bbe246b399c857c7a52ca6b2,jumbo,3,surtido mariscos,Surtido de Mariscos 500 g,3990,Online RM,Metropolitana,Santiago,2026-08-08,2026-08-08T00:25:51.428656
4420eaf883ef9d21c805a2b74c94ce52,jumbo,4,surtido mariscos,Surtido de Mariscos Cuisine & Co en Agua 100 g drenado,2090,Online RM,Metropolitana,Santiago,2026-08-08,2026-08-08T00:25:51.428672
d3478da3b850cecbc569d38f1c8926d8,jumbo,5,surtido mariscos,Surtido de Mariscos en Aceite 200 g drenado,4990,Online RM,Metropolitana,Santiago,2026-08-08,2026-08-08T00:25:51.428687
c46e903eb02c86a13b05974d470b880f,jumbo,6,surtido mariscos,Surtido de Mariscos Al Agua 100 g drenado,2190,Online RM,Metropolitana,Santiago,2026-08-08,2026-08-08T00:25:51.428702
4358bb12423a7cb20fe2f8b910841334,jumbo,7,surtido mariscos,Surtido de Mariscos Cuisine & Co en Aceite 100 g drenado,2090,Online RM,Metropolitana,Santiago,2026-08-08,2026-08-08T00:25:51.428717
e5c2dde4171ef5871a4ebe49ef65ac5b,jumbo,8,surtido mariscos,"Surtido de Mariscos Natural Máxima, 100 g drenado",1590,Online RM,Metropolitana,Santiago,2026-08-08,2026-08-08T00:25:51.428732
cf8302b245bddfc1055f1aa95adebbd8,jumbo,9,surtido mariscos,Surtido de Mariscos Al Aceite Máxima 100 g drenado,1590,Online RM,Metropolitana,Santiago,2026-08-08,2026-08-08T00:25:51.428747
bb397d2a51d829a3ce93e7f2a288ac8e,jumbo,10,surtido mariscos,Tabla del Mar un.,19990,Online RM,Metropolitana,Santiago,2026-08-08,2026-08-08T00:25:51.428763
36c11c44c55b97bc21dd8de61453905b,jumbo,11,surtido mariscos,Surtido de Mariscos Cuisine & Co en Agua 213 g drenado,3890,Online RM,Metropolitana,Santiago,2026-08-08,2026-08-08T00:25:51.428777
c711304c044da7da25bf55b9f7a85bee,jumbo,12,surtido mariscos,Surtido de Mariscos Cuisine & Co en Aceite 213 g drenado,3890,Online RM,Metropolitana,Santiago,2026-08-08,2026-08-08T00:25:51.428793
90bab36f91cb2a159c98de8df59b5800,jumbo,1,leche entera 1l,Leche Cuisine & Co Entera 1 L,1250,Online RM,Metropolitana,Santiago,2026-08-08,2026-08-08T00:25:51.433381
1bab36a2312936b71d64e551f62f42b2,jumbo,2,leche entera 1l,Leche Soprole Entera Natural 1 L,1150,Online RM,Metropolitana,Santiago,2026-08-08,2026-08-08T00:25:51.433418
d64c1f188f05bd50c7548fe96836ac1a,jumbo,3,leche entera 1l,Leche Colun Entera 1 L,1300,Online RM,Metropolitana,Santiago,2026-08-08,2026-08-08T00:25:51.433449
e42a58d77e0e1bc5ebee226a71978039,jumbo,4,leche entera 1l,Leche Loncoleche Entera 1 L,1250,Online RM,Metropolitana,Santiago,2026-08-08,2026-08-08T00:25:51.433480
b3ae47d1a4a03b0e76370a4f6deddd25,jumbo,5,leche entera 1l,Leche Soprole Entera Cremosa 1 L,1150,Online RM,Metropolitana,Santiago,2026-08-08,2026-08-08T00:25:51.433510
03a4da5903e7c69e3a84f70b231852d8,jumbo,6,leche entera 1l,Pack 12 un. Leche Loncoleche Entera 1 L,15000,Online RM,Metropolitana,Santiago,2026-08-08,2026-08-08T00:25:51.433560
112352e67c92ddba232e592a845ee9f0,jumbo,7,leche entera 1l,Leche Loncoleche Extra Proteína 1 L,2530,Online RM,Metropolitana,Santiago,2026-08-08,2026-08-08T00:25:51.433590
8689723247a1f936ff39857628ab1f92,jumbo,8,leche entera 1l,Pack 12 un. Leche Cuisine & Co Entera 1 L,15000,Online RM,Metropolitana,Santiago,2026-08-08,2026-08-08T00:25:51.433620
2287f92dc4b959715dc8e17cdd98e725,jumbo,9,leche entera 1l,Leche Loncoleche Entera Sin Lactosa 1 L,1450,Online RM,Metropolitana,Santiago,2026-08-08,2026-08-08T00:25:51.433649
442376acbb4bb5419721ab95833dcb81,jumbo,10,leche entera 1l,Leche Colun Entera Sin Lactosa 1 L,1450,Online RM,Metropolitana,Santiago,2026-08-08,2026-08-08T00:25:51.433679
a76043c3bc99826626200f14a9fc07a3,jumbo,11,leche entera 1l,Leche Soprole Proteína Natural 1 L,2920,Online RM,Metropolitana,Santiago,2026-08-08,2026-08-08T00:25:51.433707
6e3472313e43ab0a8d2aa9c1882f0c64,jumbo,12,leche entera 1l,Pack 12 un. Leche Soprole Entera Natural 1 L,13200,Online RM,Metropolitana,Santiago,2026-08-08,2026-08-08T00:25:51.433732
932ddeb0a8f750961fd5edb548dc86a5,jumbo,13,leche entera 1l,Leche Colun A2 Entera Sin Lactosa 1 L,3090,Online RM,Metropolitana,Santiago,2026-08-08,2026-08-08T00:25:51.433760
2f6e013af84cd35823cbe06c2efe9128,jumbo,14,leche entera 1l,Pack 12 un. Leche Colun Entera Sin Tapa 1 L,15600,Online RM,Metropolitana,Santiago,2026-08-08,2026-08-08T00:25:51.433787
455ffff918164f9871004b099adda9da,jumbo,15,leche entera 1l,Leche Surlat Entera Sin Lactosa 1 L,1420,Online RM,Metropolitana,Santiago,2026-08-08,2026-08-08T00:25:51.433813
be17c6cb2af2b9af76e2d99c447750f2,jumbo,16,leche entera 1l,Pack 12 un. Leche Colun Entera Sin Lactosa 1 L,16800,Online RM,Metropolitana,Santiago,2026-08-08,2026-08-08T00:25:51.433839
a793b3bcbb98845b4ebdafd21654a830,jumbo,17,leche entera 1l,Leche de Cabra Las Hualtatas Entera 1 L,3840,Online RM,Metropolitana,Santiago,2026-08-08,2026-08-08T00:25:51.433864
d9e8fdb4f421deb88724ec698d724cd2,jumbo,18,leche entera 1l,Pack 6 un. Leche Surlat Entera Sin Lactosa 1 L,8520,Online RM,Metropolitana,Santiago,2026-08-08,2026-08-08T00:25:51.433888
095d4c63e429ff950ccb5908abf9814c,jumbo,19,leche entera 1l,Leche Ecoterra Entera Vacas Libre Pastoreo 1 L,3510,Online RM,Metropolitana,Santiago,2026-08-08,2026-08-08T00:25:51.433913
7dfb139ac1b8312eda973349a2a608c6,jumbo,20,leche entera 1l,Leche Entera +20% Proteína Surlat 1 L,1490,Online RM,Metropolitana,Santiago,2026-08-08,2026-08-08T00:25:51.433938
cadff9667fb7ef575f3086823719c179,jumbo,21,leche entera 1l,Leche Entera Orgánica Ecoterra 1 L,3990,Online RM,Metropolitana,Santiago,2026-08-08,2026-08-08T00:25:51.433965
68c0b868b6f51094ac90224a5e11628e,jumbo,22,leche entera 1l,Leche San Ignacio Entera Fresca 1 L,3190,Online RM,Metropolitana,Santiago,2026-08-08,2026-08-08T00:25:51.433992
b34d3c6a1ce5b2b3d1d79df4d4705552,jumbo,23,leche entera 1l,Leche Ecoterra A2 Entera 1 L,3890,Online RM,Metropolitana,Santiago,2026-08-08,2026-08-08T00:25:51.434018
ef09e26cebbd26ea26c84bb882c8ad38,jumbo,24,leche entera 1l,Leche Soprole Sin Lactosa Entera 1 L,1420,Online RM,Metropolitana,Santiago,2026-08-08,2026-08-08T00:25:51.434044
8c9a5ca53e82a0b9453be8d0498c5a84,jumbo,25,leche entera 1l,Pack 12 un. Leche Surlat Entera 1 L,13200,Online RM,Metropolitana,Santiago,2026-08-08,2026-08-08T00:25:51.434071
073f447fb9387bcc78fcd8b424d599e7,jumbo,26,leche entera 1l,Leche Surlat Entera 1 L,1090,Online RM,Metropolitana,Santiago,2026-08-08,2026-08-08T00:25:51.434099
697ea8341a7e7d00bae36618a30f68d3,jumbo,1,leche en polvo,Leche en Polvo Colun Entera 900 g,8690,Online RM,Metropolitana,Santiago,2026-08-08,2026-08-08T00:25:51.440217
8a53bd86992a5e14a0cca809d9f88206,jumbo,2,leche en polvo,Leche en Polvo Loncoleche Semidescremada 760 g,7250,Online RM,Metropolitana,Santiago,2026-08-08,2026-08-08T00:25:51.440239
84e1ba7712cdbe753c95ec1a036359cf,jumbo,3,leche en polvo,Saborizante para Leche Milo Chocolate Polvo 380 g,5190,Online RM,Metropolitana,Santiago,2026-08-08,2026-08-08T00:25:51.440255
0b0ead33f070d3b8dc75910de1740852,jumbo,4,leche en polvo,Leche en Polvo Calo Entera 850 g,7030,Online RM,Metropolitana,Santiago,2026-08-08,2026-08-08T00:25:51.440271
d2d7b1297de8759a2fba270e2616020c,jumbo,5,leche en polvo,Leche en Polvo Loncoleche Descremada 760 g,5690,Online RM,Metropolitana,Santiago,2026-08-08,2026-08-08T00:25:51.440287
8afb1033c24179df7bf91adeca65431c,jumbo,6,leche en polvo,Leche en Polvo Svelty Move+ Descremada 800 g,6328,Online RM,Metropolitana,Santiago,2026-08-08,2026-08-08T00:25:51.440303
b0882b46c980fec9084803e4baf99b6b,jumbo,7,leche en polvo,Leche en Polvo Loncoleche Entera Instantánea 760 g,7910,Online RM,Metropolitana,Santiago,2026-08-08,2026-08-08T00:25:51.440318
eec637ac6098ffbf5b1f1a9fd182e97c,jumbo,8,leche en polvo,Leche en Polvo Nido Buen Día Semidescremada 700 g,6440,Online RM,Metropolitana,Santiago,2026-08-08,2026-08-08T00:25:51.440334
9a5822b8d94ed586ea9f0fc17d1a853b,jumbo,9,leche en polvo,Leche en Polvo Colun Descremada 350 g,4130,Online RM,Metropolitana,Santiago,2026-08-08,2026-08-08T00:25:51.440349
015fd696539d18b8d6e779db0aaaf6fc,jumbo,10,leche en polvo,Leche en Polvo Nido Entera 1350 g,11990,Online RM,Metropolitana,Santiago,2026-08-08,2026-08-08T00:25:51.440364
8617e2162a3acd4a37388e245b9b0e70,jumbo,11,leche en polvo,Leche en Polvo Colun Descremada 800 g,7990,Online RM,Metropolitana,Santiago,2026-08-08,2026-08-08T00:25:51.440379
1421a077c5ae1d35f18bb9223bacf052,jumbo,12,leche en polvo,Leche en Polvo Nido Entera 300 g,4550,Online RM,Metropolitana,Santiago,2026-08-08,2026-08-08T00:25:51.440394
b2e1418bd94d1009775ede5ab9a72f15,jumbo,13,leche en polvo,Leche en Polvo Svelty Sin Lactosa Descremada 300 g,4390,Online RM,Metropolitana,Santiago,2026-08-08,2026-08-08T00:25:51.440409
520adc427008ef3fd57700242c5e4b46,jumbo,14,leche en polvo,Leche en Polvo Loncoleche Sin Lactosa 800 g,12090,Online RM,Metropolitana,Santiago,2026-08-08,2026-08-08T00:25:51.440424
0c9ab631dd885d7351f68e58f0cb46ee,jumbo,15,leche en polvo,Leche en Polvo Colun Semidescremada 900 g,9340,Online RM,Metropolitana,Santiago,2026-08-08,2026-08-08T00:25:51.440439
06cfd0028747ca5ac837be4ff97333bf,jumbo,16,leche en polvo,Leche en Polvo Colun Entera 1440 g,14070,Online RM,Metropolitana,Santiago,2026-08-08,2026-08-08T00:25:51.440453
1ae8f8f28fd57050b8fb935dd697db88,jumbo,17,leche en polvo,Leche en Polvo Soprole Entera 800 g,7580,Online RM,Metropolitana,Santiago,2026-08-08,2026-08-08T00:25:51.440468
c3198f34228510cd88c5a1e4855989d2,jumbo,18,leche en polvo,Leche en Polvo Svelty Sin lactosa Descremada 800 g,10024,Online RM,Metropolitana,Santiago,2026-08-08,2026-08-08T00:25:51.440483
b1b676206a10e9512951f583507f0d24,jumbo,19,leche en polvo,Leche en Polvo Loncoleche Proteína Semidescremada 550 g,12640,Online RM,Metropolitana,Santiago,2026-08-08,2026-08-08T00:25:51.440498
3d285033322e22c4c7622e5bcdfb398b,jumbo,20,leche en polvo,Leche en Polvo Loncoleche Extra Calcio 800 g,7790,Online RM,Metropolitana,Santiago,2026-08-08,2026-08-08T00:25:51.440512
e5bd739e5bdea4ed9f2e1ccef45c35bd,jumbo,21,leche en polvo,Leche en Polvo Calo Crecer 1+ 800 g,6190,Online RM,Metropolitana,Santiago,2026-08-08,2026-08-08T00:25:51.440527
c609e1b9d4adc542451cf615901ab1d3,jumbo,22,leche en polvo,Leche en Polvo Svelty CalciLock Extra Calcio 800 g,7992,Online RM,Metropolitana,Santiago,2026-08-08,2026-08-08T00:25:51.440559
0918d4bb8e5ad931cedd13c23ae1fdf6,jumbo,23,leche en polvo,Leche en Polvo Nido Semidescremada Sin Lactosa 700 g,10890,Online RM,Metropolitana,Santiago,2026-08-08,2026-08-08T00:25:51.440573
cb259298fa64e131f015dcc3239fe66b,jumbo,24,leche en polvo,Leche en Polvo Soprole Semidescremada 700 g,7030,Online RM,Metropolitana,Santiago,2026-08-08,2026-08-08T00:25:51.440588
e9c0f16da37cdd186daf362c990158c2,jumbo,25,leche en polvo,Leche en Polvo Svelty Move+ con Colágeno Sin Lactosa 500 g,11980,Online RM,Metropolitana,Santiago,2026-08-08,2026-08-08T00:25:51.440603
0070da1f14fb1c89c4e997ec186987c1,jumbo,26,leche en polvo,Leche en Polvo Nido Entera 800 g,10550,Online RM,Metropolitana,Santiago,2026-08-08,2026-08-08T00:25:51.440619
c740954177efdeb050fac8bc430fa2f1,jumbo,27,leche en polvo,Leche en Polvo Svelty Descremada 300 g,4190,Online RM,Metropolitana,Santiago,2026-08-08,2026-08-08T00:25:51.440634
40b4d86dfb9f2d06ea036319d8a21e73,jumbo,28,leche en polvo,Leche en Polvo Nido Etapa 5+ 700 g,7790,Online RM,Metropolitana,Santiago,2026-08-08,2026-08-08T00:25:51.440649
02c242b6b855ea37ef7eeba491e13bb3,jumbo,29,leche en polvo,Leche en Polvo Nido Semidescremada 700 g,10890,Online RM,Metropolitana,Santiago,2026-08-08,2026-08-08T00:25:51.440664
19d9e0590ec8371cc2f133b15082982e,jumbo,30,leche en polvo,Leche en Polvo Calo Crecer 4+ 800 g,6190,Online RM,Metropolitana,Santiago,2026-08-08,2026-08-08T00:25:51.440678
004600e56f2a7cc7ab4c0b7c35090dae,jumbo,31,leche en polvo,Leche en Polvo Nido 3+ 700 g,7790,Online RM,Metropolitana,Santiago,2026-08-08,2026-08-08T00:25:51.440693
6d4584235c39d97af45eb4a44fdddb78,jumbo,32,leche en polvo,Leche en Polvo Nido 3+ 800 g,10990,Online RM,Metropolitana,Santiago,2026-08-08,2026-08-08T00:25:51.440712
7ebc8d1c953aa6d3e1a4dc90f2fa35fa,jumbo,33,leche en polvo,Saborizante para Leche Milo Chocolate Alto en Proteína Polvo 380 g,5550,Online RM,Metropolitana,Santiago,2026-08-08,2026-08-08T00:25:51.440727
f47bf24fbb93ef257fdf7242a14b9350,jumbo,34,leche en polvo,Saborizante para Leche Milo Polvo Chocolate 620 g,7490,Online RM,Metropolitana,Santiago,2026-08-08,2026-08-08T00:25:51.440742
996dc6820144c7dcf48acb90c82ffe1b,jumbo,35,leche en polvo,Fórmula Láctea Nido 1+ 300 g,3990,Online RM,Metropolitana,Santiago,2026-08-08,2026-08-08T00:25:51.440757
857873fa0778fc0662448663a693a97a,jumbo,36,leche en polvo,Leche en Polvo Nido 5+ 800 g,10990,Online RM,Metropolitana,Santiago,2026-08-08,2026-08-08T00:25:51.440773
bfd28d07492b1dc50f7e62be650b5259,jumbo,37,leche en polvo,Alimento en Polvo Senior Neutro 740 g,28990,Online RM,Metropolitana,Santiago,2026-08-08,2026-08-08T00:25:51.440788
6dedb6572b2fe3413b348f709451773f,jumbo,38,leche en polvo,Alimento en Polvo Senior Vainilla 740 g,28990,Online RM,Metropolitana,Santiago,2026-08-08,2026-08-08T00:25:51.440803
caa38b070a9dd1bd5a81f497da23612e,jumbo,39,leche en polvo,Alimento Nutricional Ensure Advance Frutilla 850 g,32980,Online RM,Metropolitana,Santiago,2026-08-08,2026-08-08T00:25:51.440819
12fe3575b085e5563c9f26a9df6e222d,jumbo,40,leche en polvo,Leche de Burra Polvo Asinolat Liofilizada 180 g,37990,Online RM,Metropolitana,Santiago,2026-08-08,2026-08-08T00:25:51.440834
84c334245c9ee21c3407a91d01bad958,jumbo,1,yogurt natural,Yogurt Colun Origen Natural 120 g,380,Online RM,Metropolitana,Santiago,2026-08-08,2026-08-08T00:25:51.447869
84699c7fe6bbaf4b8ed3c266374f73c2,jumbo,2,yogurt natural,Yogurt Natural Soprole Aflanado 155 g,500,Online RM,Metropolitana,Santiago,2026-08-08,2026-08-08T00:25:51.447901
662e64a9040af3e64da23b94fdfb4af3,jumbo,3,yogurt natural,Yogurt Nestlé Goodnes Protein Natural Endulzado 140 g,670,Online RM,Metropolitana,Santiago,2026-08-08,2026-08-08T00:25:51.447926
8a1b95f9540fa56bf34646f6b0839ad5,jumbo,4,yogurt natural,Yogurt Griego Danone Oikos Natural Sin Endulzar 150 g,590,Online RM,Metropolitana,Santiago,2026-08-08,2026-08-08T00:25:51.447954
01c0931c13640a292aee1dea11769aae,jumbo,5,yogurt natural,Yogurt Batido Soprole Natural En Simple 3 Ingredientes 120 g,400,Online RM,Metropolitana,Santiago,2026-08-08,2026-08-08T00:25:51.447981
13664c7d31d8915c9c41ecda9660517b,jumbo,6,yogurt natural,Yogurt Natural Colun 0% Grasa Sin Lactosa 150 g,580,Online RM,Metropolitana,Santiago,2026-08-08,2026-08-08T00:25:51.448008
6fd94a4b01639eefa7009598851df5d7,jumbo,7,yogurt natural,Yogurt Soprole Proteína Natural 155 g,720,Online RM,Metropolitana,Santiago,2026-08-08,2026-08-08T00:25:51.448037
b1a2545c61537c12d92054005c294fb3,jumbo,8,yogurt natural,Yogurt Griego Danone Oikos Natural Endulzado 110 g,400,Online RM,Metropolitana,Santiago,2026-08-08,2026-08-08T00:25:51.448065
2ed881f9c3c476584ae37eaad03a36b3,jumbo,9,yogurt natural,Yogurt Loncoleche Proteína Natural Endulzado 140 g,750,Online RM,Metropolitana,Santiago,2026-08-08,2026-08-08T00:25:51.448094
b5d3b6bd2de1eaef2c24e54875625840,jumbo,10,yogurt natural,Yogurt Loncoleche Proteína Natural 140 g,740,Online RM,Metropolitana,Santiago,2026-08-08,2026-08-08T00:25:51.448135
51ebc4a54d39a0d384ba775f3f884e9b,jumbo,11,yogurt natural,Yogurt Natural Colun Origen 150 g,500,Online RM,Metropolitana,Santiago,2026-08-08,2026-08-08T00:25:51.448163
07d59162096e8b73c03dd5cdd5e37614,jumbo,12,yogurt natural,Yogurt Batido Colun Natural 1 kg,1990,Online RM,Metropolitana,Santiago,2026-08-08,2026-08-08T00:25:51.448192
72605c10dba027b5942a13be0171bc62,jumbo,13,yogurt natural,Yogurt Griego Nestlé Natural 120 g,500,Online RM,Metropolitana,Santiago,2026-08-08,2026-08-08T00:25:51.448221
2d128e9f0673deaba33c21dcf365a2d5,jumbo,14,yogurt natural,Yogurt Colun Light Natural 120 g,380,Online RM,Metropolitana,Santiago,2026-08-08,2026-08-08T00:25:51.448250
69b82512351ac572c270fd39ca56278d,jumbo,15,yogurt natural,Yogurt Kéfir Colun Natural 120 g,480,Online RM,Metropolitana,Santiago,2026-08-08,2026-08-08T00:25:51.448279
408d2498bf8c338b6fea79be8988a972,jumbo,16,yogurt natural,Yogurt Colun Origen Natural 900 ml,2370,Online RM,Metropolitana,Santiago,2026-08-08,2026-08-08T00:25:51.448432
8cfa5a80216a5ef16807de70c671da46,jumbo,17,yogurt natural,Yogurt Natural 0% Quillayes Pote 800 g,4450,Online RM,Metropolitana,Santiago,2026-08-08,2026-08-08T00:25:51.448462
1ad7277158c776fa86e0c25259e7445b,jumbo,18,yogurt natural,Yogurt Batido Soprole Simple Natural 5 Ingredientes Frutilla 120 g,400,Online RM,Metropolitana,Santiago,2026-08-08,2026-08-08T00:25:51.448488
9984aa37270a41a0dd55c4d9d8b3c653,jumbo,19,yogurt natural,Yogurt Griego Quillayes Proteína Natural 800 g,5140,Online RM,Metropolitana,Santiago,2026-08-08,2026-08-08T00:25:51.448518
3050f3bf8c2632f94ea366141ec9cde7,jumbo,20,yogurt natural,Yogurt Natural Quillayes Pote 800 g,4450,Online RM,Metropolitana,Santiago,2026-08-08,2026-08-08T00:25:51.448565
09a7d5c8a6ed9cfd3f35b50e1745ab59,jumbo,21,yogurt natural,Yogurt Natural Oikos Balde Sin Endulzar 800 g,3336,Online RM,Metropolitana,Santiago,2026-08-08,2026-08-08T00:25:51.448597
5b57d1c3ebf6048481ed409c23ebc166,jumbo,22,yogurt natural,Yogurt Batido Danone Light & Free Natural Endulzado 115 g,410,Online RM,Metropolitana,Santiago,2026-08-08,2026-08-08T00:25:51.448624
41cdc29c5852a1847695c0d8e59a5d64,jumbo,23,yogurt natural,Yogurt Soprole Proteína Power Natural 155 g,900,Online RM,Metropolitana,Santiago,2026-08-08,2026-08-08T00:25:51.448652
89cbefe876c636c2ca417e123fa75a6c,jumbo,24,yogurt natural,Yogurt Natural Pucará 210 g,1690,Online RM,Metropolitana,Santiago,2026-08-08,2026-08-08T00:25:51.448680
33dfb22ef949f68911c1c19b747019bb,jumbo,25,yogurt natural,Yogurt Kéfir Soprole Batido Natural 120 g,360,Online RM,Metropolitana,Santiago,2026-08-08,2026-08-08T00:25:51.448710
71662f7e8172c88d4adbeb77afcf901b,jumbo,26,yogurt natural,Yogurt Batido Soprole Simple Natural 5 Ingredientes Vainilla 120 g,400,Online RM,Metropolitana,Santiago,2026-08-08,2026-08-08T00:25:51.448739
23b1a5fe319b22cc45c827b18ca1629d,jumbo,27,yogurt natural,Yogurt Danone Light & Free Natural Endulzado 900 g,1990,Online RM,Metropolitana,Santiago,2026-08-08,2026-08-08T00:25:51.448766
a3fc0a6e655c104bf526e5785c110413,jumbo,28,yogurt natural,Yogurt Loncoleche Natural Sin Endulzar Proteína 800 g,4590,Online RM,Metropolitana,Santiago,2026-08-08,2026-08-08T00:25:51.448795
128863b3e9bf380ff9a93530c4688b87,jumbo,29,yogurt natural,Yogurt Skyr San Benito Natural 150 g,1080,Online RM,Metropolitana,Santiago,2026-08-08,2026-08-08T00:25:51.448823
4183b07824dc3c1287bab7b6d131087e,jumbo,30,yogurt natural,Yogurt Loncoleche Full Pro Proteína Natural 150 g,1310,Online RM,Metropolitana,Santiago,2026-08-08,2026-08-08T00:25:51.448852
7d729ba98e85af1aac91ffd03618d2d9,jumbo,31,yogurt natural,Yogurt Griego Artisan Natural 360 g,2890,Online RM,Metropolitana,Santiago,2026-08-08,2026-08-08T00:25:51.448881
86e6f8eb9081e8e0b05f3610edb74888,jumbo,32,yogurt natural,Yogurt Cuisine & Co Natural 200 g,1590,Online RM,Metropolitana,Santiago,2026-08-08,2026-08-08T00:25:51.448910
1d122183e3e25afd13de1ff043b9deb6,jumbo,33,yogurt natural,Yogurt Loncoleche Natural Endulzado Pote 800 g,4940,Online RM,Metropolitana,Santiago,2026-08-08,2026-08-08T00:25:51.448939
1dd90a2c34481ec5c122c8715c934620,jumbo,34,yogurt natural,Yogurt de Pajarito Ghali Sabor Natural 400 g,3990,Online RM,Metropolitana,Santiago,2026-08-08,2026-08-08T00:25:51.448970
c5ce3b9465e27044ab3eab6cc6190229,jumbo,35,yogurt natural,Yogurt Colun Protein Plus Sin Azúcar Natural 150 g,760,Online RM,Metropolitana,Santiago,2026-08-08,2026-08-08T00:25:51.448999
0e82e8adcca7ba3cb675ae06d035ba0d,jumbo,36,yogurt natural,Yogurt Colun Light Natural 900 g,2050,Online RM,Metropolitana,Santiago,2026-08-08,2026-08-08T00:25:51.449029
25948c76c74513c53db80185120697e5,jumbo,37,yogurt natural,Yogurt Activia Natural Endulzado 140 g,490,Online RM,Metropolitana,Santiago,2026-08-08,2026-08-08T00:25:51.449057
30703dec9b9880fb3f232ece3f10d6a3,jumbo,38,yogurt natural,Yogurt Nestlé Goodnes Probióticos Natural Endulzado 140 g,590,Online RM,Metropolitana,Santiago,2026-08-08,2026-08-08T00:25:51.449086
a140f00e85911944af09b7102ff8497e,jumbo,39,yogurt natural,Yogurt Natural Quillayes 0% Azúcar Pote 400 g,2420,Online RM,Metropolitana,Santiago,2026-08-08,2026-08-08T00:25:51.449115
7122c3cfac999891c819c15c7171f2c9,jumbo,40,yogurt natural,Yogurt Griego Natural Endulzado Pote 800 g,4990,Online RM,Metropolitana,Santiago,2026-08-08,2026-08-08T00:25:51.449143
f91e63aa3c5471e557971c4162814a09,jumbo,1,queso gouda,Queso Gouda Cuisine & Co Laminado Sin Lactosa 400 g,5350,Online RM,Metropolitana,Santiago,2026-08-08,2026-08-08T00:25:51.451074
81ef66e6a4f7c59627e1c04f49b92c36,jumbo,2,queso gouda,Queso Gouda Cuisine & Co Laminado Sin Lactosa 200 g,3190,Online RM,Metropolitana,Santiago,2026-08-08,2026-08-08T00:25:51.451096
7b6b30ec0e16e1d72b494da6b7a59e6c,jumbo,3,queso gouda,Queso Gouda Surlat Sin Lactosa Laminado 200 g,3730,Online RM,Metropolitana,Santiago,2026-08-08,2026-08-08T00:25:51.451114
768329c4ce1baaff918b06788c778aae,jumbo,4,queso gouda,Queso Gouda Laminado Sin Lactosa Surlat 400 g,6590,Online RM,Metropolitana,Santiago,2026-08-08,2026-08-08T00:25:51.451129
209187bb41bd48af33facd91350bbc13,jumbo,1,quesillo,Quesillo Pote 320 g,2700,Online RM,Metropolitana,Santiago,2026-08-08,2026-08-08T00:25:51.456972
3cb07d7445a6e25f5f6119fac0fee49d,jumbo,2,quesillo,Quesillo Soprole Envasado Trozo 300 g,2490,Online RM,Metropolitana,Santiago,2026-08-08,2026-08-08T00:25:51.457008
131a42f8cf74f6d2be3b5fb4b6e758c3,jumbo,3,quesillo,Quesillo Sin Lactosa Colun 320 g,3190,Online RM,Metropolitana,Santiago,2026-08-08,2026-08-08T00:25:51.457034
1e1063ca8c5acf218bf2c1d423250c33,jumbo,4,quesillo,Quesillo Sin Lactosa Soprole 300 g,2830,Online RM,Metropolitana,Santiago,2026-08-08,2026-08-08T00:25:51.457060
0d81639190a94bba8ed7f97cc0981ae6,jumbo,5,quesillo,Quesillo Sin Lactosa 150 g,1530,Online RM,Metropolitana,Santiago,2026-08-08,2026-08-08T00:25:51.457086
1b2ddd9f4fd2dc518a8ba7b7a9a643fb,jumbo,6,quesillo,Quesillo Quillayes 150 g,1420,Online RM,Metropolitana,Santiago,2026-08-08,2026-08-08T00:25:51.457111
b06bfaf68c599d4cd80ad2529152d40d,jumbo,7,quesillo,Queso Chacra Quillayes Envasado Trozo 400 g,3090,Online RM,Metropolitana,Santiago,2026-08-08,2026-08-08T00:25:51.457138
c3d21441a580785ab78c516c88059cf3,jumbo,8,quesillo,Queso Fresco Light Sin Lactosa 400 g,2690,Online RM,Metropolitana,Santiago,2026-08-08,2026-08-08T00:25:51.457164
f9e4bab306c2a8e82f5beabb651cef99,jumbo,9,quesillo,Queso Fresco Light Los Tilos Envasado Trozo 350 g,3470,Online RM,Metropolitana,Santiago,2026-08-08,2026-08-08T00:25:51.457191
55311da6c41253c72c86e5abcdd5a94e,jumbo,10,quesillo,Queso Fresco Los Tilos Envasado Trozo 350 g,3380,Online RM,Metropolitana,Santiago,2026-08-08,2026-08-08T00:25:51.457217
4f076e37e1bc592e45dfd12cac540af0,jumbo,11,quesillo,Queso Fresco La Vaquita Envasado Trozo 400 g,3690,Online RM,Metropolitana,Santiago,2026-08-08,2026-08-08T00:25:51.457243
508ba34f5515b9827ec8fc9826f90a42,jumbo,12,quesillo,Queso Chacra 350 g,2690,Online RM,Metropolitana,Santiago,2026-08-08,2026-08-08T00:25:51.457269
6bcbc008f40177eb680a6121419d1b7d,jumbo,13,quesillo,Queso Fresco Colun 450 g,2690,Online RM,Metropolitana,Santiago,2026-08-08,2026-08-08T00:25:51.457296
761d764c5d3f5fbfe936e83d447181c9,jumbo,14,quesillo,Queso Chacra Río Bueno 400 g,2490,Online RM,Metropolitana,Santiago,2026-08-08,2026-08-08T00:25:51.457321
3e1f2f49cfaacf1fa3679bca8e434a68,jumbo,15,quesillo,Queso Fresco Pote 320 g,2990,Online RM,Metropolitana,Santiago,2026-08-08,2026-08-08T00:25:51.457347
286b27ba85b5bc9c549eca08076e120d,jumbo,16,quesillo,Queso Chacra San Ignacio Envasado Trozo 450 g,3490,Online RM,Metropolitana,Santiago,2026-08-08,2026-08-08T00:25:51.457374
d46bedaeb71ae2366d0fdd7132eea234,jumbo,17,quesillo,Queso Fresco Las Aguilas Envasado Trozo 400 g,3150,Online RM,Metropolitana,Santiago,2026-08-08,2026-08-08T00:25:51.457400
6f095ad25e9a7cca3a76f8c20e1f4488,jumbo,18,quesillo,Queso Chacra 200 g,1860,Online RM,Metropolitana,Santiago,2026-08-08,2026-08-08T00:25:51.457427
4342515af000ef1ca33fd3cc261dd09b,jumbo,19,quesillo,Queso Fresco Quillayes Envasado Trozo 270 g,2790,Online RM,Metropolitana,Santiago,2026-08-08,2026-08-08T00:25:51.457454
3c232bdb372c164ce0dbb5152db5045e,jumbo,20,quesillo,Queso Fresco Sin Lactosa La Vaquita Envasado Trozo 400 g,2890,Online RM,Metropolitana,Santiago,2026-08-08,2026-08-08T00:25:51.457485
93d407aa1fbcc0a5676250674eaac9c1,jumbo,21,quesillo,Queso Chacra Sin Lactosa El Roble Envasado Trozo 350 g,3490,Online RM,Metropolitana,Santiago,2026-08-08,2026-08-08T00:25:51.457512
1d2582ac2021379a566839a40a37e236,jumbo,22,quesillo,Mozzarella Fresca Quillayes Ovoline 125 g,2090,Online RM,Metropolitana,Santiago,2026-08-08,2026-08-08T00:25:51.457561
77bddec2c6ea17edfaec3e4662ff4b91,jumbo,23,quesillo,Queso Mozzarella Los Tilos Envasado Trozo 150 g,6440,Online RM,Metropolitana,Santiago,2026-08-08,2026-08-08T00:25:51.457589
ff4ae3053cec94f250206bb2b0a97083,jumbo,24,quesillo,Queso Mozzarella Los Tilos Envasado Trozo 250 g,10440,Online RM,Metropolitana,Santiago,2026-08-08,2026-08-08T00:25:51.457618
97518ca1f5037f4bc121a4cbafa7acb8,jumbo,25,quesillo,Queso Fresco Kosher Las Aguilas Envasado Trozo 400 g,3150,Online RM,Metropolitana,Santiago,2026-08-08,2026-08-08T00:25:51.457647
decc0ea816d9cebab0a8e44399be8935,jumbo,26,quesillo,Queso Ricotta Quillayes Envasado Pote 200 g,3690,Online RM,Metropolitana,Santiago,2026-08-08,2026-08-08T00:25:51.457674
c23f912dfeb9f9d3b377502cceff7ce5,jumbo,27,quesillo,Mozzarella Ciliegini Cuisine & Co 200 g,5990,Online RM,Metropolitana,Santiago,2026-08-08,2026-08-08T00:25:51.457703
f6cecdd2c3da72a51d1d5343829919f0,jumbo,28,quesillo,Queso Fresco El Roble Envasado Trozo 450 g,4290,Online RM,Metropolitana,Santiago,2026-08-08,2026-08-08T00:25:51.457732
7b9e9b2d144213f6b05a6fdf8d7f9be2,jumbo,29,quesillo,Queso Cottage Quillayes Envasado 200 g,4350,Online RM,Metropolitana,Santiago,2026-08-08,2026-08-08T00:25:51.457762
9f502b235a447a73e0adc44a7a32b435,jumbo,30,quesillo,Mozzarella Fresca Quillayes Bocconcini 150 g,2890,Online RM,Metropolitana,Santiago,2026-08-08,2026-08-08T00:25:51.457791
1c2a1433149e3f65b16e67104df7c352,jumbo,31,quesillo,Queso Mozzarella Granarolo Envasado Trozo 125 g,2390,Online RM,Metropolitana,Santiago,2026-08-08,2026-08-08T00:25:51.457821
bf5e21acd9c93e69471c103194423d4c,jumbo,32,quesillo,Queso Fresco Sin Lactosa Las Aguilas Envasado Trozo 400 g,3150,Online RM,Metropolitana,Santiago,2026-08-08,2026-08-08T00:25:51.457851
422a2a45ee0110237d5c8c4decb59e44,jumbo,33,quesillo,Queso Mozzarella Margherita Envasado Esferas 240 g,5670,Online RM,Metropolitana,Santiago,2026-08-08,2026-08-08T00:25:51.457881
58de8e9961726fdf8d461598832a7ba0,jumbo,34,quesillo,Queso Fresco Pucará Trozo Granel,5700,Online RM,Metropolitana,Santiago,2026-08-08,2026-08-08T00:25:51.457909
55356e9e6d0e8b39230831ea9ec4f211,jumbo,35,quesillo,Queso Ricotta Quillayes Light Envasado Pote 200 g,4990,Online RM,Metropolitana,Santiago,2026-08-08,2026-08-08T00:25:51.457938
b365581a291f372a425ed16cdae58f0d,jumbo,36,quesillo,Queso Chacra San Benito Envasado Trozo 450 g,4350,Online RM,Metropolitana,Santiago,2026-08-08,2026-08-08T00:25:51.457966
245cc390a88e1f76e58d8365229a9fa0,jumbo,37,quesillo,Queso Cottage Artisan Envasado Trozo 250 g,4450,Online RM,Metropolitana,Santiago,2026-08-08,2026-08-08T00:25:51.457995
fe813c9b1658f28779afadda62fe48a1,jumbo,38,quesillo,Queso Ricotta Villa Baviera Envasado Pote 200 g,3350,Online RM,Metropolitana,Santiago,2026-08-08,2026-08-08T00:25:51.458024
43494d338cc0f14df08b1a44bb30e050,jumbo,39,quesillo,Queso Ricotta Quillayes Envasado Pote 500 g,7990,Online RM,Metropolitana,Santiago,2026-08-08,2026-08-08T00:25:51.458054
b5564c53111ac82e60b045eed4012e9d,jumbo,40,quesillo,Queso Mozzarella Di Bufala Envasado Pote 125 g,6190,Online RM,Metropolitana,Santiago,2026-08-08,2026-08-08T00:25:51.458083
5af4175ca3a1795c87e9ebf632858606,jumbo,1,queso crema,Queso Crema Cuisine & Co 67 Calorías 227 g,2590,Online RM,Metropolitana,Santiago,2026-08-08,2026-08-08T00:25:51.464009
3101e2d8bd2444f0857375cf69d090fe,jumbo,2,queso crema,Queso Crema Cuisine & Co Envasado 226 g,3190,Online RM,Metropolitana,Santiago,2026-08-08,2026-08-08T00:25:51.464031
925ccd044c97399859d0baddd03291af,jumbo,3,queso crema,Queso Crema Philadelphia Envasado 150 g,2860,Online RM,Metropolitana,Santiago,2026-08-08,2026-08-08T00:25:51.464048
a654cfbb85b9203888057b818cdabe20,jumbo,4,queso crema,Queso Crema Philadelphia Envasado 180 g,4590,Online RM,Metropolitana,Santiago,2026-08-08,2026-08-08T00:25:51.464064
5f5381c0cc97c8a7f813317d352c2aea,jumbo,5,queso crema,Queso Crema Colun Envasado 200 g,1450,Online RM,Metropolitana,Santiago,2026-08-08,2026-08-08T00:25:51.464079
1f65392242a921a3bdf5a4676b99e87c,jumbo,6,queso crema,Queso Crema Colun Envasado 100 g,990,Online RM,Metropolitana,Santiago,2026-08-08,2026-08-08T00:25:51.464095
ecc4493475e9d2e45b75bd8a9e1785cd,jumbo,7,queso crema,Cream Cheese Santa Rosa 200 g,3910,Online RM,Metropolitana,Santiago,2026-08-08,2026-08-08T00:25:51.464110
1973914b19e4bd316e785ae087877d21,jumbo,8,queso crema,Queso Crema Santa Rosa Reducido en Calorías Pote 150 g,3250,Online RM,Metropolitana,Santiago,2026-08-08,2026-08-08T00:25:51.464126
c2e3ab771edba7489b4d89d87425da41,jumbo,9,queso crema,Queso Crema Cuisine & Co Ají 230 g,4590,Online RM,Metropolitana,Santiago,2026-08-08,2026-08-08T00:25:51.464141
5d3a4af2937e9ae45c956854181d8e9b,jumbo,10,queso crema,Cream Cheese Santa Rosa Light 200 g,3990,Online RM,Metropolitana,Santiago,2026-08-08,2026-08-08T00:25:51.464157
72517a1b7edff5708d2cf12ac5c3a94a,jumbo,11,queso crema,Queso Crema Colun Salame y Morrón 200 g,1450,Online RM,Metropolitana,Santiago,2026-08-08,2026-08-08T00:25:51.464172
f32cb1339884c14ba2163850c6007b46,jumbo,12,queso crema,Queso Crema Untable Ajo y Albahaca Colun 100 g,2110,Online RM,Metropolitana,Santiago,2026-08-08,2026-08-08T00:25:51.464187
c0de707734371221f7c143d30c50f0b6,jumbo,13,queso crema,Queso Crema Untable Natural Colun 100 g,2110,Online RM,Metropolitana,Santiago,2026-08-08,2026-08-08T00:25:51.464202
19333cbf8e4f3761a66d45fa90f8c733,jumbo,14,queso crema,Queso Crema Santa Rosa Envasado Pote 150 g,2920,Online RM,Metropolitana,Santiago,2026-08-08,2026-08-08T00:25:51.464217
90bcdb9d25d008f404fc96c4a110798d,jumbo,15,queso crema,Queso Crema Soprole Sabor Natural 200 g,1750,Online RM,Metropolitana,Santiago,2026-08-08,2026-08-08T00:25:51.464231
5428153ce46e91b441f85fcb1840d008,jumbo,16,queso crema,Queso Crema Colun Ciboulette 200 g,1830,Online RM,Metropolitana,Santiago,2026-08-08,2026-08-08T00:25:51.464246
a15a2f1490902a10968b8c9869c2a02b,jumbo,17,queso crema,Queso Crema Soprole Sabor Tomate Albahaca 100 g,890,Online RM,Metropolitana,Santiago,2026-08-08,2026-08-08T00:25:51.464261
0e8c29e1a46b5ec536ea32ce1bc389f9,jumbo,18,queso crema,Queso Crema Cebolla Arla Envasado Pote 200 g,3460,Online RM,Metropolitana,Santiago,2026-08-08,2026-08-08T00:25:51.464276
945152098b03b48db41f5c5e29a4a574,jumbo,19,queso crema,Crema de Queso Calzetti Parmesano Truffa 125 g,7990,Online RM,Metropolitana,Santiago,2026-08-08,2026-08-08T00:25:51.464291
0c34ff4e6fddc2c74843e8cbe2b1b36e,jumbo,20,queso crema,Crema de Queso Calzetti Pecorino 125 g,7990,Online RM,Metropolitana,Santiago,2026-08-08,2026-08-08T00:25:51.464306
3d728bb7d219bbc9897b0e5cccc0c2a0,jumbo,21,queso crema,Queso Crema Soprole Sabor Natural 100 g,990,Online RM,Metropolitana,Santiago,2026-08-08,2026-08-08T00:25:51.464323
e121dd68a0a5d27ebcf13c9f03c28ec1,jumbo,22,queso crema,Crema de Queso Calzetti Gorgonzola 125 g,7990,Online RM,Metropolitana,Santiago,2026-08-08,2026-08-08T00:25:51.464339
913d4ee4057f8ee5e0c7ca730204fc92,jumbo,23,queso crema,Queso Cheddar Kraft Untable 200 g,3450,Online RM,Metropolitana,Santiago,2026-08-08,2026-08-08T00:25:51.464355
057386439f2a974a8ecf30af5969ad9a,jumbo,24,queso crema,Queso Cabra Untable Callaqui Ciboulette Envasado Pote 150 g,4390,Online RM,Metropolitana,Santiago,2026-08-08,2026-08-08T00:25:51.464370
3ed808b7a152fb8b398414851a005e39,jumbo,25,queso crema,Pasta de Yogurt San Benito Yogourmet 200 g,2790,Online RM,Metropolitana,Santiago,2026-08-08,2026-08-08T00:25:51.464387
d26024278882500b0514d4cc552578d3,jumbo,26,queso crema,Queso Cabra Untable Callaqui Envasado Pote 150 g,4990,Online RM,Metropolitana,Santiago,2026-08-08,2026-08-08T00:25:51.464404
56b0ed1521138054bdba3aa0bc61695e,jumbo,27,queso crema,Queso Crema Kastanon Kochkäse 420 g,7690,Online RM,Metropolitana,Santiago,2026-08-08,2026-08-08T00:25:51.464419
5fcdfa05c49f45a9cf5fd517b971a678,jumbo,28,queso crema,Sucedáneo de Queso Crema Cheddar & Cebolla 100% Vegetal The Other Cheese 200 g,4890,Online RM,Metropolitana,Santiago,2026-08-08,2026-08-08T00:25:51.464434
1d80bdceb876b7547beb198f28e67938,jumbo,29,queso crema,Queso Untable Cheddar Jalapeño Kraft 200 g,3510,Online RM,Metropolitana,Santiago,2026-08-08,2026-08-08T00:25:51.464449
f3ec86c52184102980eedce188e25f7a,jumbo,30,queso crema,Queso Cabra Untable Callaqui Albahaca Envasado Pote 150 g,4390,Online RM,Metropolitana,Santiago,2026-08-08,2026-08-08T00:25:51.464480
0eb6b3c68d621570e5ba908df2da9f20,jumbo,31,queso crema,Queso Cabra Untable Callaqui Merkén Envasado Pote 150 g,4390,Online RM,Metropolitana,Santiago,2026-08-08,2026-08-08T00:25:51.464506
4eb28d52af9ff0bceabce3062173e1ac,jumbo,32,queso crema,Pasta de Yogurt San Benito Yogourmet 500 g,6150,Online RM,Metropolitana,Santiago,2026-08-08,2026-08-08T00:25:51.464544
d252c65f2b0439d8f592848415eb6058,jumbo,33,queso crema,Queso Crema Santa Rosa Envasado Pote 150 g,4190,Online RM,Metropolitana,Santiago,2026-08-08,2026-08-08T00:25:51.464571
48e06ef90810afb6a510e52a70e96d4a,jumbo,34,queso crema,Queso Crema Sin Lactosa Santa Rosa Envasado Pote 150 g,2590,Online RM,Metropolitana,Santiago,2026-08-08,2026-08-08T00:25:51.464599
0b793c4bfb32fa2641d206cc2a98f1ea,jumbo,35,queso crema,Queso Crema Arla Envasado Pote 200 g,3460,Online RM,Metropolitana,Santiago,2026-08-08,2026-08-08T00:25:51.464626
cd8c0e29a593d8d5b3988e7b677c246b,jumbo,36,queso crema,Queso Crema Light Arla Envasado Pote 200 g,3460,Online RM,Metropolitana,Santiago,2026-08-08,2026-08-08T00:25:51.464652
31b32865a8a757cdeef63ce032af54a8,jumbo,37,queso crema,Queso Crema Milkaut Envasado Pote 285 g,3890,Online RM,Metropolitana,Santiago,2026-08-08,2026-08-08T00:25:51.464679
c453d5624095e644bc8f85193696cfcd,jumbo,38,queso crema,Queso Crema Cuisine & Co Sin Lactosa 200 g,2890,Online RM,Metropolitana,Santiago,2026-08-08,2026-08-08T00:25:51.464705
93e6739841dbd8666c9affc482edab17,jumbo,39,queso crema,Queso Crema Cuisine & Co Reducido en Calorías 200 g,2690,Online RM,Metropolitana,Santiago,2026-08-08,2026-08-08T00:25:51.464731
6f7e52743ece644a5365a43f0a89c7a3,jumbo,40,queso crema,Queso Crema Cuisine & Co Pote 200 g,2690,Online RM,Metropolitana,Santiago,2026-08-08,2026-08-08T00:25:51.464758
cb8e41d2e0187975c1c08791a48b56ba,jumbo,1,huevos docena,Huevos Cuisine & Co Grandes Blancos 12 un.,3890,Online RM,Metropolitana,Santiago,2026-08-08,2026-08-08T00:25:51.469012
7677af54f6559b153f8944c409b5686f,jumbo,2,huevos docena,Huevos Cuisine & Co Grandes Color 12 un.,3990,Online RM,Metropolitana,Santiago,2026-08-08,2026-08-08T00:25:51.469034
3f9cbaaacb0466e6d59a58b5fdeee947,jumbo,3,huevos docena,Huevos Cuisine & Co Extra Grandes Color 12 un.,4999,Online RM,Metropolitana,Santiago,2026-08-08,2026-08-08T00:25:51.469050
62e044795d5b0dbaf3ec07f44699a8e4,jumbo,4,huevos docena,Huevos Cuisine & Co Extra Grandes Color 12 un.,4190,Online RM,Metropolitana,Santiago,2026-08-08,2026-08-08T00:25:51.469065
5389b48c2e3976bcefa9aed6b64c04c6,jumbo,5,huevos docena,Huevos Cuisine & Co Extra Grandes Color 20 un.,6290,Online RM,Metropolitana,Santiago,2026-08-08,2026-08-08T00:25:51.469080
30a6d7a56600b3b33ef46ebd92e0bc72,jumbo,6,huevos docena,Huevos Cuisine & Co Gallinas Libres Extra Color 20 un.,8270,Online RM,Metropolitana,Santiago,2026-08-08,2026-08-08T00:25:51.469095
9fac7be61b13738cd31823301a514239,jumbo,7,huevos docena,Huevos Cuisine & Co Extra Grandes Blancos 12 un.,4090,Online RM,Metropolitana,Santiago,2026-08-08,2026-08-08T00:25:51.469111
70e3ecbfbefc7ac66e86d95964867755,jumbo,8,huevos docena,Huevos Cuisine & Co Extra Grandes Blanco 20 un.,6890,Online RM,Metropolitana,Santiago,2026-08-08,2026-08-08T00:25:51.469126
6d2f5a3e1dc4eae65a101f30ba32f0e8,jumbo,9,huevos docena,Huevo Cuisine & Co Extra Grande Blanco Gallina Libre 12 un.,4990,Online RM,Metropolitana,Santiago,2026-08-08,2026-08-08T00:25:51.469142
37e34460a32b07cc2cefdaa8015005bd,jumbo,10,huevos docena,Huevos Cuisine & Co Gallinas Libres Grandes Color 30 un.,11690,Online RM,Metropolitana,Santiago,2026-08-08,2026-08-08T00:25:51.469158
4af34017618287906ef4c34b03464a2a,jumbo,11,huevos docena,Huevo Sorpresa Peppa Pig,1590,Online RM,Metropolitana,Santiago,2026-08-08,2026-08-08T00:25:51.469173
fe3d88b4766e434ba6253612017ebca5,jumbo,12,huevos docena,Huevos del Granero Gallinas Libres Extra Color 20 un.,9670,Online RM,Metropolitana,Santiago,2026-08-08,2026-08-08T00:25:51.469189
ff9e4fe4d3f42fe80b65b91c40ad7bd1,jumbo,13,huevos docena,Huevos La Granja Medianos Gallina Libre 18 un.,5890,Online RM,Metropolitana,Santiago,2026-08-08,2026-08-08T00:25:51.469206
afe45108b5ad7a51874ea52b52c49ee9,jumbo,14,huevos docena,Huevos Gallina Feliz Extra Grandes 12 un.,6590,Online RM,Metropolitana,Santiago,2026-08-08,2026-08-08T00:25:51.469222
db772e22d0d2dac7d2710b0b4997f865,jumbo,15,huevos docena,Huevos Santa Marta Extra Color 12 un.,4720,Online RM,Metropolitana,Santiago,2026-08-08,2026-08-08T00:25:51.469237
482a3d3c7789bed2747baaea252450ed,jumbo,16,huevos docena,Huevos Cintazul Gallinas Libres Grandes 12 un.,4190,Online RM,Metropolitana,Santiago,2026-08-08,2026-08-08T00:25:51.469252
2eda1148fbbae2e87f8186435fc7fec4,jumbo,17,huevos docena,Huevos La Granja Grandes Color 12 un.,4390,Online RM,Metropolitana,Santiago,2026-08-08,2026-08-08T00:25:51.469267
66ca11ebde1375953d04a3d8a0433105,jumbo,18,huevos docena,Huevos Cintazul Gallinas Libre Pastoreo Grandes Color 12 un.,5320,Online RM,Metropolitana,Santiago,2026-08-08,2026-08-08T00:25:51.469283
99969dba8b5866804f008b6db848402b,jumbo,19,huevos docena,Set Bloques en Huevo,4893,Online RM,Metropolitana,Santiago,2026-08-08,2026-08-08T00:25:51.469298
93301795d0078688d9c48c2cb7beecee,jumbo,1,mantequilla 250g,Mantequilla Soprole con Sal 250 g,2790,Online RM,Metropolitana,Santiago,2026-08-08,2026-08-08T00:25:51.473546
3b32e7b7f750ea83a8b46afd7d0455f3,jumbo,2,mantequilla 250g,Mantequilla Soprole Quilque 250 g,3620,Online RM,Metropolitana,Santiago,2026-08-08,2026-08-08T00:25:51.473581
0bd525f7fa660628344e97bd48d3e5c1,jumbo,3,mantequilla 250g,Mantequilla Futaleufú Artesanal 250 g,3730,Online RM,Metropolitana,Santiago,2026-08-08,2026-08-08T00:25:51.473611
2279c6f589034f56e8a689efd0c77606,jumbo,4,mantequilla 250g,Mantequilla Kumey de Campo 250 g,3590,Online RM,Metropolitana,Santiago,2026-08-08,2026-08-08T00:25:51.473648
d6039a9ffafb6b95307c6f75e71b8aae,jumbo,5,mantequilla 250g,Mantequilla Soprole con Sal de Mar 250 g,4240,Online RM,Metropolitana,Santiago,2026-08-08,2026-08-08T00:25:51.473675
f043fb3ddb4ecd2b5bd7056ca24af29c,jumbo,6,mantequilla 250g,Mantequilla Loncoleche con Aceite de Canola 250 g,4720,Online RM,Metropolitana,Santiago,2026-08-08,2026-08-08T00:25:51.473704
ca003dd53615da113ce44f89561bcdd2,jumbo,7,mantequilla 250g,Mantequilla Ecoterra con Sal Vacas Libre Pastoreo 250 g,4940,Online RM,Metropolitana,Santiago,2026-08-08,2026-08-08T00:25:51.473733
dbb0a67dab7b79fc30836c3a35afc361,jumbo,8,mantequilla 250g,Mantequilla Los Alerces con Sal 250 g,3020,Online RM,Metropolitana,Santiago,2026-08-08,2026-08-08T00:25:51.473763
11bcc96f0ec0c9ceb136c4efec645c74,jumbo,9,mantequilla 250g,Mantequilla Colun con Sal 250 g,2990,Online RM,Metropolitana,Santiago,2026-08-08,2026-08-08T00:25:51.473794
979613f0e1be2e603f86e5a937fc0bff,jumbo,10,mantequilla 250g,Mantequilla Cuisine & Co con Sal 250 g,3190,Online RM,Metropolitana,Santiago,2026-08-08,2026-08-08T00:25:51.473822
03f6dbea4fb5efd6877c0fe2403ca9f1,jumbo,11,mantequilla 250g,Mantequilla Soprole Sin Sal 250 g,2790,Online RM,Metropolitana,Santiago,2026-08-08,2026-08-08T00:25:51.473853
f5e59d0db2eb95f0ea9b5e9412298b1c,jumbo,12,mantequilla 250g,Mantequilla Colun Sin Sal 250 g,4090,Online RM,Metropolitana,Santiago,2026-08-08,2026-08-08T00:25:51.473883
697b0e0b1e35a848d5461b9caca659df,jumbo,13,mantequilla 250g,Mantequilla con Sal A2 Ecoterra 250 g,5190,Online RM,Metropolitana,Santiago,2026-08-08,2026-08-08T00:25:51.473913
2e230fbf4c1bfbf3b51eb200bcd0aa5d,jumbo,14,mantequilla 250g,Sucedáneo de Mantequilla Orasi Buttery Light 250 g,3290,Online RM,Metropolitana,Santiago,2026-08-08,2026-08-08T00:25:51.473943
debe4dc66ad9da7bcd624f38c6694659,jumbo,15,mantequilla 250g,Mantequilla Ecoterra con Sal del Himalaya Vacas Libre Pastoreo 250 g,4490,Online RM,Metropolitana,Santiago,2026-08-08,2026-08-08T00:25:51.473972
03cd8058b09a8ab1e5695fe81a119a37,jumbo,16,mantequilla 250g,Mantequilla Maní B-Japi Triptofano 250 g,3390,Online RM,Metropolitana,Santiago,2026-08-08,2026-08-08T00:25:51.474001
ce0f470831e1e20fd85abb819227d315,jumbo,17,mantequilla 250g,Margarina Soprole 250 g,1640,Online RM,Metropolitana,Santiago,2026-08-08,2026-08-08T00:25:51.474030
684a4eb1685f9e24f6da69068d169210,jumbo,18,mantequilla 250g,Crema Untable Revitta Prote & Nuss 250 g,11990,Online RM,Metropolitana,Santiago,2026-08-08,2026-08-08T00:25:51.474060
42b889e7ee5f557ac8d978f206005885,jumbo,19,mantequilla 250g,Margarina Soprole Mix 250 g,2740,Online RM,Metropolitana,Santiago,2026-08-08,2026-08-08T00:25:51.474089
cb79cb36f8996aa02fd4a229a585ac96,jumbo,20,mantequilla 250g,Galletas Santiago Mantequilla 250 g,1450,Online RM,Metropolitana,Santiago,2026-08-08,2026-08-08T00:25:51.474119
6e4e7c0db86a7212b47181b46a9e3301,jumbo,21,mantequilla 250g,Mantequilla Ecoterra Sin Sal Vacas Libre Pastoreo 250 g,4490,Online RM,Metropolitana,Santiago,2026-08-08,2026-08-08T00:25:51.474147
c0df1df5e76e693a4832d783dd3baf2f,jumbo,1,margarina,Margarina Qualy con Sal 500 g,2690,Online RM,Metropolitana,Santiago,2026-08-08,2026-08-08T00:25:51.483578
fc595f62d5d40c2464b9f8e4b3099cdd,jumbo,2,margarina,Margarina Soprole 250 g,1640,Online RM,Metropolitana,Santiago,2026-08-08,2026-08-08T00:25:51.483616
f1df27c8d95c7e6d5e7d09f652d9b057,jumbo,3,margarina,Mantequilla Président con Sal 200 g,3250,Online RM,Metropolitana,Santiago,2026-08-08,2026-08-08T00:25:51.483643
588dce7898674fd7760c53c768621e06,jumbo,4,margarina,Margarina Sureña Mix 450 g,3840,Online RM,Metropolitana,Santiago,2026-08-08,2026-08-08T00:25:51.483669
b309aec136c4043cd2007353e3bfe074,jumbo,5,margarina,Margarina Soprole Mix con Mantequilla Pote 500 g,3350,Online RM,Metropolitana,Santiago,2026-08-08,2026-08-08T00:25:51.483696
57bc1e4349731366606721d2ed06463e,jumbo,6,margarina,Margarina Soprole Pote 500 g,2920,Online RM,Metropolitana,Santiago,2026-08-08,2026-08-08T00:25:51.483893
2a3d55335c2aaa97d5294b9f17f2b155,jumbo,7,margarina,Margarina Sureña 450 g,2000,Online RM,Metropolitana,Santiago,2026-08-08,2026-08-08T00:25:51.483925
5a2bf93ea14fc1d60e3c8c09b69886f6,jumbo,8,margarina,Margarina Sureña con Mantequilla 900 g,5920,Online RM,Metropolitana,Santiago,2026-08-08,2026-08-08T00:25:51.483950
287f083f47435abcad17fdf5279e7f57,jumbo,9,margarina,Margarina Soprole Next Light Pote 500 g,3360,Online RM,Metropolitana,Santiago,2026-08-08,2026-08-08T00:25:51.483976
d530b97155a7c7dca984b9e61fbef685,jumbo,10,margarina,Margarina Soprole Mix 30% Mantequilla Pote 500 g,4940,Online RM,Metropolitana,Santiago,2026-08-08,2026-08-08T00:25:51.484002
a890531bd5fce041a5252ed97cee15b9,jumbo,11,margarina,Margarina Deline Pote 500 g,2040,Online RM,Metropolitana,Santiago,2026-08-08,2026-08-08T00:25:51.484029
77258330efd9839142b52e669bc4618a,jumbo,12,margarina,Margarina Cuisine & Co Canola Pote 400 g,2650,Online RM,Metropolitana,Santiago,2026-08-08,2026-08-08T00:25:51.484056
e6d98ab30b63df5c1cdad2457c4aeac7,jumbo,13,margarina,Margarina Cuisine & Co Mix 450 g,3190,Online RM,Metropolitana,Santiago,2026-08-08,2026-08-08T00:25:51.484082
bb5af6006b99700c0f88911a107cc39d,jumbo,14,margarina,Margarina Soprole con Toques Mantequilla 500 g,3400,Online RM,Metropolitana,Santiago,2026-08-08,2026-08-08T00:25:51.484108
d496d3317be24037a75411197783ba7a,jumbo,15,margarina,Margarina Qualy con Sal 1 kg,5990,Online RM,Metropolitana,Santiago,2026-08-08,2026-08-08T00:25:51.484133
ada03184c436fb989aea6feea208daad,jumbo,16,margarina,Margarina Soprole Mix con Mantequilla 200 g,1820,Online RM,Metropolitana,Santiago,2026-08-08,2026-08-08T00:25:51.484159
445849fca43517aa494dac2ea083b41b,jumbo,17,margarina,Margarina Soprole Mix 250 g,2740,Online RM,Metropolitana,Santiago,2026-08-08,2026-08-08T00:25:51.484185
d4ab4acce17e730cf8979c54706f265b,jumbo,18,margarina,Mantequilla Soprole con Sal 250 g,2790,Online RM,Metropolitana,Santiago,2026-08-08,2026-08-08T00:25:51.484211
bdc2e68c011729babfc4062a51be83ae,jumbo,19,margarina,Mantequilla Soprole con Sal 125 g,1930,Online RM,Metropolitana,Santiago,2026-08-08,2026-08-08T00:25:51.484236
f06196ed03f6bf9420b7dbc09f71a158,jumbo,20,margarina,Mantequilla Las Parcelas de Valdivia 200 g,2490,Online RM,Metropolitana,Santiago,2026-08-08,2026-08-08T00:25:51.484262
1b03fbe956c5320c767dc8fd661a3d54,jumbo,21,margarina,Mantequilla Soprole Quilque 250 g,3620,Online RM,Metropolitana,Santiago,2026-08-08,2026-08-08T00:25:51.484289
34ca52750ea8cb72554f7814dc353941,jumbo,22,margarina,Sucedáneo de Mantequilla Orasi Buttery Light 250 g,3290,Online RM,Metropolitana,Santiago,2026-08-08,2026-08-08T00:25:51.484314
ce0724cb6b479c6d25bfc5b124547d21,jumbo,23,margarina,Mantequilla Colun con Sal 250 g,2990,Online RM,Metropolitana,Santiago,2026-08-08,2026-08-08T00:25:51.484340
33563b3ba1649cade0eb529d6bd97ced,jumbo,24,margarina,Mantequilla Sin Lactosa Surlat con Sal 200 g,3150,Online RM,Metropolitana,Santiago,2026-08-08,2026-08-08T00:25:51.484366
a1126c84c86c34438365224b67e657d0,jumbo,25,margarina,Mantequilla con Sal Cuisine & Co 125g,1750,Online RM,Metropolitana,Santiago,2026-08-08,2026-08-08T00:25:51.484394
4bbd5b9652e68911f0b97621debca2f0,jumbo,26,margarina,Mantequilla Loncoleche con Aceite de Canola 250 g,4720,Online RM,Metropolitana,Santiago,2026-08-08,2026-08-08T00:25:51.484423
fb5441e8044067b33392b4eef0caff66,jumbo,27,margarina,Mantequilla Colun 200 g,3990,Online RM,Metropolitana,Santiago,2026-08-08,2026-08-08T00:25:51.484453
c1d193e19089764377196a7f1a243e62,jumbo,28,margarina,Mantequilla Futaleufú Artesanal 250 g,3730,Online RM,Metropolitana,Santiago,2026-08-08,2026-08-08T00:25:51.484481
bd1554f38f3a3b1f29b714f9d0865aca,jumbo,29,margarina,Mantequilla Soprole Quilque 200 g,3490,Online RM,Metropolitana,Santiago,2026-08-08,2026-08-08T00:25:51.484509
acc586b3b8468a92a7f46037da95df92,jumbo,30,margarina,Sucedáneo de Mantequilla Quillayes Sin Lactosa 200 g,4610,Online RM,Metropolitana,Santiago,2026-08-08,2026-08-08T00:25:51.484604
524c2a191c3fa3d1f969f9feaef8e5e1,jumbo,31,margarina,Mantequilla Soprole Sin Sal 250 g,2790,Online RM,Metropolitana,Santiago,2026-08-08,2026-08-08T00:25:51.484635
e36498dd70a6705107e439346d538855,jumbo,32,margarina,Mantequilla Soprole Untable Pote 320 g,6350,Online RM,Metropolitana,Santiago,2026-08-08,2026-08-08T00:25:51.484666
7f19655a63875464c8c24f52db67b7c8,jumbo,33,margarina,Mantequilla Soprole con Sal de Mar 250 g,4240,Online RM,Metropolitana,Santiago,2026-08-08,2026-08-08T00:25:51.484695
c95bacb5cfb2aeb37c2760b296e45c97,jumbo,34,margarina,Mantequilla Colun Sin Sal 250 g,4090,Online RM,Metropolitana,Santiago,2026-08-08,2026-08-08T00:25:51.484725
8fa00fb4b86208e54fe16273383ae957,jumbo,35,margarina,Mantequilla Rumay con Sal 200 g,3210,Online RM,Metropolitana,Santiago,2026-08-08,2026-08-08T00:25:51.484752
831b3e9f19156f9b194d0670847c0eed,jumbo,36,margarina,Mantequilla Vegana Earth Balance Barras Sin Soya 454 g,8790,Online RM,Metropolitana,Santiago,2026-08-08,2026-08-08T00:25:51.484780
5c858994bcb28a7717d8e593fd1e89d0,jumbo,37,margarina,Mantequilla Kerrygold Irlandesa Sin Sal 200 g,4890,Online RM,Metropolitana,Santiago,2026-08-08,2026-08-08T00:25:51.484803
065afd3b9459ba0e78425a6c799405e4,jumbo,38,margarina,Mantequilla Quillayes con Sal 200 g,3020,Online RM,Metropolitana,Santiago,2026-08-08,2026-08-08T00:25:51.484826
1a7c85cf3e3ff62b727c35e37d78b0ac,jumbo,39,margarina,Mantequilla Loncoleche 200 g,2620,Online RM,Metropolitana,Santiago,2026-08-08,2026-08-08T00:25:51.484851
e48dc3df8164112f253ffd6480eef192,jumbo,40,margarina,Mantequilla Colun con Sal 125 g,1990,Online RM,Metropolitana,Santiago,2026-08-08,2026-08-08T00:25:51.484879
c6839242eb691a97f0bbc568f272b325,jumbo,1,aceite vegetal 1l,Aceite Vegetal Belmont 1 L,2590,Online RM,Metropolitana,Santiago,2026-08-08,2026-08-08T00:25:51.489710
528ea22ccf62e4d6b480a659d84f8fbb,jumbo,2,aceite vegetal 1l,Aceite Vegetal Belmont para Freír 1 L,6370,Online RM,Metropolitana,Santiago,2026-08-08,2026-08-08T00:25:51.489746
aa398111ab6035867f6e8f0825614ad8,jumbo,3,aceite vegetal 1l,Aceite Vegetal Libre de Colesterol 900 ml,1850,Online RM,Metropolitana,Santiago,2026-08-08,2026-08-08T00:25:51.489775
62a79e47607a5447bf2ef2ad26fb5d10,jumbo,4,aceite vegetal 1l,Aceite Vegetal Cuisine & Co 900 ml,1850,Online RM,Metropolitana,Santiago,2026-08-08,2026-08-08T00:25:51.489802
a7b333e5cc8c379526e58f72522c6ab4,jumbo,5,aceite vegetal 1l,Aceite de Maravilla 900 ml,1990,Online RM,Metropolitana,Santiago,2026-08-08,2026-08-08T00:25:51.489828
d3e81e2d4512e9161670b23d79ed04b1,jumbo,6,aceite vegetal 1l,Aceite de Maravilla 900 ml,1990,Online RM,Metropolitana,Santiago,2026-08-08,2026-08-08T00:25:51.489854
93e7789119a0d9bd2ea690022f32dc5d,jumbo,7,aceite vegetal 1l,Aceite de Oliva Cuisine & Co Extra Virgen 1 L,11990,Online RM,Metropolitana,Santiago,2026-08-08,2026-08-08T00:25:51.489880
9ef71519af81a099e733d69bc3ce69e7,jumbo,8,aceite vegetal 1l,Aceite Vegetal Miraflores 900 ml,2850,Online RM,Metropolitana,Santiago,2026-08-08,2026-08-08T00:25:51.489907
039f1d251625334bda295a9ea4a850c2,jumbo,9,aceite vegetal 1l,Aceite Vegetal 900 ml,1690,Online RM,Metropolitana,Santiago,2026-08-08,2026-08-08T00:25:51.489933
a3bd3661a04c0b7cd950094a9b5abc25,jumbo,10,aceite vegetal 1l,Aceite Vegetal Natura 900 ml,3030,Online RM,Metropolitana,Santiago,2026-08-08,2026-08-08T00:25:51.489959
bca2b73904f12218b37d88db2b7891ed,jumbo,11,aceite vegetal 1l,Aceite de Maravilla Chef 1 L,2541,Online RM,Metropolitana,Santiago,2026-08-08,2026-08-08T00:25:51.489986
e21579ef620a8d8575c05ccd0d9fed1e,jumbo,12,aceite vegetal 1l,Aceite 100% Vegetal 5 L,8990,Online RM,Metropolitana,Santiago,2026-08-08,2026-08-08T00:25:51.490013
8439002904dfef2d791e47e5f3f30cb4,jumbo,13,aceite vegetal 1l,Aceite de Maravilla Miraflores 900 ml,2090,Online RM,Metropolitana,Santiago,2026-08-08,2026-08-08T00:25:51.490039
e73569ab84236eb8978c6368861b74a2,jumbo,14,aceite vegetal 1l,Aceite de Canola 1 L,3250,Online RM,Metropolitana,Santiago,2026-08-08,2026-08-08T00:25:51.490065
d880d68588cf506c088ab4fccd5a7e73,jumbo,1,platanos,Plátano Extra Granel (1 a 2 un. Aprox),795,Online RM,Metropolitana,Santiago,2026-08-08,2026-08-08T00:25:51.500088
b44965296d8344d73ba88075f68010d9,jumbo,2,platanos,Plátano Orgánico 1 kg,1890,Online RM,Metropolitana,Santiago,2026-08-08,2026-08-08T00:25:51.500124
c140770758005c44af507cc02b179a4b,jumbo,3,platanos,Plátano Frito Cuisine & Co 240 g,2190,Online RM,Metropolitana,Santiago,2026-08-08,2026-08-08T00:25:51.500152
7b22ff1adc8c812a5db9771e8a79808c,jumbo,4,platanos,Plátano Barraganette Granel,995,Online RM,Metropolitana,Santiago,2026-08-08,2026-08-08T00:25:51.500179
a2974a4dba5cde0c8470ebcd5f0f6fc0,jumbo,5,platanos,"Compota Plátano, Arándano y Avena 90 g",590,Online RM,Metropolitana,Santiago,2026-08-08,2026-08-08T00:25:51.500208
017f2a513849e1f0c090d042a91049fa,jumbo,6,platanos,Plátano Frito Inka Chips Salado 100 g,1390,Online RM,Metropolitana,Santiago,2026-08-08,2026-08-08T00:25:51.500235
a588dd56bee4a3dfbf7a602606ced4a3,jumbo,7,platanos,Banana Chips 100 g,990,Online RM,Metropolitana,Santiago,2026-08-08,2026-08-08T00:25:51.500262
84b1be9bbf1df140c77b1b73655afc6b,jumbo,8,platanos,Compota Vivo Mifrut Plátano 90 g,540,Online RM,Metropolitana,Santiago,2026-08-08,2026-08-08T00:25:51.500288
f79141f1f797bdd3cd00d6872656dc9c,jumbo,9,platanos,Yogurt Colun Protein Plus Frutilla-Plátano 150 g,790,Online RM,Metropolitana,Santiago,2026-08-08,2026-08-08T00:25:51.500314
70109785620bdb9d7c982c0c980b2b32,jumbo,10,platanos,Compota Plátano y Yogurt 90 g,590,Online RM,Metropolitana,Santiago,2026-08-08,2026-08-08T00:25:51.500341
39b9e2babbea92597debac1e29c3332d,jumbo,11,platanos,Plátano Frito Inka Chips Maduro 100 g,1390,Online RM,Metropolitana,Santiago,2026-08-08,2026-08-08T00:25:51.500367
65572856b555611ecd3616c4c7e87236,jumbo,12,platanos,Plátano Frito Inka Chips Picante 100 g,1390,Online RM,Metropolitana,Santiago,2026-08-08,2026-08-08T00:25:51.500395
9c00b58d51b413839476ff06077e1d70,jumbo,13,platanos,Yogurt Batido Soprole Plátano 120 g,320,Online RM,Metropolitana,Santiago,2026-08-08,2026-08-08T00:25:51.500422
6003380824dc4f635b71c68040765082,jumbo,14,platanos,Smoothie Ecoterra Frutilla Plátano 90 g,1090,Online RM,Metropolitana,Santiago,2026-08-08,2026-08-08T00:25:51.500448
5309001c79a9a4231b7a3bb21aa20095,jumbo,15,platanos,Snack Plátanos Rústicos Marco Polo 150 g,2390,Online RM,Metropolitana,Santiago,2026-08-08,2026-08-08T00:25:51.500473
adf1b06d2b96d22232bf060e8a84219e,jumbo,16,platanos,Néctar Watt's Naranja-Plátano 1.5 L,2050,Online RM,Metropolitana,Santiago,2026-08-08,2026-08-08T00:25:51.500498
f3c03d1d078dc265eba8631bb2c93ec4,jumbo,17,platanos,Petit Suisse Chiquitín Plátano 45 g,390,Online RM,Metropolitana,Santiago,2026-08-08,2026-08-08T00:25:51.500525
e80e264b35ebbd6f7d0ac36d1dbe8231,jumbo,18,platanos,"Compota Manzana, Zapallo y Plátano 90 g",530,Online RM,Metropolitana,Santiago,2026-08-08,2026-08-08T00:25:51.500568
83a8b199a4a0a9889ffbf90f26f1d0f4,jumbo,19,platanos,Helado Jumbo Banana Split,7490,Online RM,Metropolitana,Santiago,2026-08-08,2026-08-08T00:25:51.500593
b28c726143eac158f4e486132008fd7c,jumbo,20,platanos,Muffin Plátano Nuez Blíster 2 un.,2390,Online RM,Metropolitana,Santiago,2026-08-08,2026-08-08T00:25:51.500618
622d58dafad16e062b8d0800461a0b05,jumbo,21,platanos,Chips Plátano Chifleton Sour Cream 100 g,2590,Online RM,Metropolitana,Santiago,2026-08-08,2026-08-08T00:25:51.500644
27e069a67151f137b0c71596dca64c20,jumbo,22,platanos,Compota de Manzana y Plátano Orgánica Sin Azúcar 100 g 2 un.,1790,Online RM,Metropolitana,Santiago,2026-08-08,2026-08-08T00:25:51.500669
935230e629e1bb70a974da5db1cfe93d,jumbo,23,platanos,Puré Orgánico Zeukid Manzana y Plátano 90 g,1060,Online RM,Metropolitana,Santiago,2026-08-08,2026-08-08T00:25:51.500694
20a27ec6001bbd9e8abba04b10fcc21f,jumbo,24,platanos,Puffs Kuna Foods Plátano Zapallo 10 g,990,Online RM,Metropolitana,Santiago,2026-08-08,2026-08-08T00:25:51.500730
3402fbaec3daf33aa99d936a5e4eda19,jumbo,25,platanos,Jugo en Polvo Zuko Naranja Plátano 15 g,280,Online RM,Metropolitana,Santiago,2026-08-08,2026-08-08T00:25:51.500757
965778eda91d1098d205885f55ab8fbf,jumbo,26,platanos,Cereal Infantil Nestum Plátano 250 g,2960,Online RM,Metropolitana,Santiago,2026-08-08,2026-08-08T00:25:51.500783
4f1ca66c8011abe56b7b38fd468eb98b,jumbo,27,platanos,"Smoothie Frutos del Maipo Vitality Frutilla, Plátano, Arándano y Frambuesa 500 g",5450,Online RM,Metropolitana,Santiago,2026-08-08,2026-08-08T00:25:51.500808
72c5ad649585db7ce6f5065a049f4949,jumbo,28,platanos,Colado Orgánico Esencial Pera y Plátano 90 g,970,Online RM,Metropolitana,Santiago,2026-08-08,2026-08-08T00:25:51.500833
dd93c1f6685f16f29bc6c547c84690e9,jumbo,29,platanos,Galleta Crawler Baby Mum Mum Plátano 58 g,3750,Online RM,Metropolitana,Santiago,2026-08-08,2026-08-08T00:25:51.500859
a18ee8d41cad08235178e56b7c3be055,jumbo,30,platanos,Chips Plátano Chifleton Limón 100 g,2590,Online RM,Metropolitana,Santiago,2026-08-08,2026-08-08T00:25:51.500884
8f4a51433c40f019adcd0ca35edd7c58,jumbo,31,platanos,Chips Plátano Chifleton 100 g,2590,Online RM,Metropolitana,Santiago,2026-08-08,2026-08-08T00:25:51.500910
e249c445b0de0ddf98b40e88d33df97a,jumbo,32,platanos,Plátanos Rústicos 240 g,3590,Online RM,Metropolitana,Santiago,2026-08-08,2026-08-08T00:25:51.500936
311f15cb8aea11ca93517fedccf23b14,jumbo,33,platanos,Yogurt Soprole Proteína Kiwi Plátano Manzana 155 g,880,Online RM,Metropolitana,Santiago,2026-08-08,2026-08-08T00:25:51.500962
d815261ab612990bc1972842ff94220b,jumbo,34,platanos,Plátano Liofilizado Atama Rodaja 20 g,1599,Online RM,Metropolitana,Santiago,2026-08-08,2026-08-08T00:25:51.500988
9c4e5f7f4f7b22dc285d4352270dfbbe,jumbo,35,platanos,"Compota con Yogurt Vivo Break Avena, Naranja y Plátano 90 g",890,Online RM,Metropolitana,Santiago,2026-08-08,2026-08-08T00:25:51.501016
f588c669769ca07b394846e3eb8d5625,jumbo,36,platanos,Postre Helado San Francisco Plátano Manjar 1 L,7990,Online RM,Metropolitana,Santiago,2026-08-08,2026-08-08T00:25:51.501043
ba7403ab93b48db58e4f6a57b43e202b,jumbo,37,platanos,Fruta Congelada Campo Verde Banana Manía 1.36 kg,10990,Online RM,Metropolitana,Santiago,2026-08-08,2026-08-08T00:25:51.501070
bd231be9be080840facc682a50cb9434,jumbo,38,platanos,"Compota Vivo Orgánica Durazno, Plátano y Arándano 90 g",960,Online RM,Metropolitana,Santiago,2026-08-08,2026-08-08T00:25:51.501097
335125b1ec96d9c2076d5b0536e78b35,jumbo,39,platanos,Compota Naturnes Orgánico Plátano Mango 100 g,1630,Online RM,Metropolitana,Santiago,2026-08-08,2026-08-08T00:25:51.501122
e28769f034f7c876b9ffe12fb8c34a75,jumbo,40,platanos,Chips Plátano Chifleton Sweet Chili 100 g,2590,Online RM,Metropolitana,Santiago,2026-08-08,2026-08-08T00:25:51.501149
4989181fd234f7be03dcf1c3d2143e16,jumbo,1,manzanas,Manzana Fuji Importada Granel (2 a 3 un. Aprox),1245,Online RM,Metropolitana,Santiago,2026-08-08,2026-08-08T00:25:51.509857
02c96f7f19aac47b1d041dd06c2bd65b,jumbo,2,manzanas,Manzana Sugarbee Granel,1445,Online RM,Metropolitana,Santiago,2026-08-08,2026-08-08T00:25:51.509881
a08be4a76283a7ee61a5788db91fe803,jumbo,3,manzanas,Manzana Verde Granel,1295,Online RM,Metropolitana,Santiago,2026-08-08,2026-08-08T00:25:51.509898
06154a56dfb76b059223b5251c448d61,jumbo,4,manzanas,Manzana Pink Lady Granel,1365,Online RM,Metropolitana,Santiago,2026-08-08,2026-08-08T00:25:51.509914
841e0fe595eaef1cca96ee72d4360a01,jumbo,5,manzanas,Manzana Royal Gala Granel,1365,Online RM,Metropolitana,Santiago,2026-08-08,2026-08-08T00:25:51.509930
b984cf20a32788d7d214657ce2a45d91,jumbo,6,manzanas,Manzana Pink Lady Bolsa 1 kg,1990,Online RM,Metropolitana,Santiago,2026-08-08,2026-08-08T00:25:51.509945
3705cb9c765b927a620f12adb412378a,jumbo,7,manzanas,Manzana Royal Gala Bolsa 1 kg,1990,Online RM,Metropolitana,Santiago,2026-08-08,2026-08-08T00:25:51.509961
39807dc7c38bdc90a81b1caad95e1c61,jumbo,8,manzanas,Manzana Fuji Bolsa 1 kg,1990,Online RM,Metropolitana,Santiago,2026-08-08,2026-08-08T00:25:51.509977
7fa9a6ff24855e60efb041073d1ebe61,jumbo,9,manzanas,Manzana Verde Bolsa 1 kg,1990,Online RM,Metropolitana,Santiago,2026-08-08,2026-08-08T00:25:51.509991
eaf02ad2e967edc29c92833fc836c249,jumbo,10,manzanas,Manzana Modi Granel,1340,Online RM,Metropolitana,Santiago,2026-08-08,2026-08-08T00:25:51.510006
87b3d57116da34f690842b6502667bbc,jumbo,11,manzanas,Manzana Envy Granel,1295,Online RM,Metropolitana,Santiago,2026-08-08,2026-08-08T00:25:51.510020
52aac12747e70d0295d86ef9d5eac275,jumbo,12,manzanas,Compota Vivo Mifrut Manzana 90 g,540,Online RM,Metropolitana,Santiago,2026-08-08,2026-08-08T00:25:51.510036
71d518da06f167d8747e381664d9edd2,jumbo,13,manzanas,Manzana Fuji Orgánica 900 g,2790,Online RM,Metropolitana,Santiago,2026-08-08,2026-08-08T00:25:51.510050
c21e1bdb1b299c26c196df7551b6e844,jumbo,14,manzanas,Agua Saborizada Mas Manzana Sin Gas 1.6 L,1430,Online RM,Metropolitana,Santiago,2026-08-08,2026-08-08T00:25:51.510065
79bb22057a0e199de552ba5796b99a3b,jumbo,15,manzanas,Yogurt Soprole Proteína Kiwi Plátano Manzana 155 g,880,Online RM,Metropolitana,Santiago,2026-08-08,2026-08-08T00:25:51.510080
d6ea9a4c152ee1b3db50bba458889755,jumbo,16,manzanas,Compota Manzana 90 g,490,Online RM,Metropolitana,Santiago,2026-08-08,2026-08-08T00:25:51.510095
e216695f76257de6377a09514607b3db,jumbo,17,manzanas,Compota Soprole Manzana 110 g,530,Online RM,Metropolitana,Santiago,2026-08-08,2026-08-08T00:25:51.510109
ccd6060881ccfc60ff55ce87e3f6b741,jumbo,18,manzanas,Manzana Anillo Deshidratada 300 g,4890,Online RM,Metropolitana,Santiago,2026-08-08,2026-08-08T00:25:51.510125
a0271f2534d2e2322fdf522e30b70456,jumbo,19,manzanas,Infusión Lipton Manzana Canela Pirámide,4290,Online RM,Metropolitana,Santiago,2026-08-08,2026-08-08T00:25:51.510139
493f03c3bb35bbe52fbbe8a41619cfc1,jumbo,20,manzanas,Compota Pera Manzana 90 g,490,Online RM,Metropolitana,Santiago,2026-08-08,2026-08-08T00:25:51.510153
dc4632335edfa3666b17b30e10cf4d65,jumbo,21,manzanas,Vinagre Manzana Traverso 500 ml,2300,Online RM,Metropolitana,Santiago,2026-08-08,2026-08-08T00:25:51.510168
a7aca01dc3a1c223787e7b57c66d53e9,jumbo,22,manzanas,Compota Nestlé Manzana 120 g,580,Online RM,Metropolitana,Santiago,2026-08-08,2026-08-08T00:25:51.510183
39f61f3bf8f5207c3bd7ff6f1f6af7b4,jumbo,23,manzanas,Pack 3 un. Néctar Manzana 190 ml,1090,Online RM,Metropolitana,Santiago,2026-08-08,2026-08-08T00:25:51.510198
a53009ab4cb4ece68b004faa26013e4a,jumbo,24,manzanas,Té Ceylán Supremo Manzana y Canela Caja 40 g 20 un.,1750,Online RM,Metropolitana,Santiago,2026-08-08,2026-08-08T00:25:51.510212
cda153975680ff96e9206a00e432d14f,jumbo,25,manzanas,Pack 3 un. Agua Saborizada Manzana 190 ml,1000,Online RM,Metropolitana,Santiago,2026-08-08,2026-08-08T00:25:51.510226
f73dd9ceb0e55c3165cd4d703c061ca3,jumbo,26,manzanas,Manzana Deshidratada 20 g,710,Online RM,Metropolitana,Santiago,2026-08-08,2026-08-08T00:25:51.510241
a077cd570b516b029f2daa97669f681d,jumbo,27,manzanas,Vinagre de Manzana Bragg Orgánico 473 ml,6990,Online RM,Metropolitana,Santiago,2026-08-08,2026-08-08T00:25:51.510255
e1a72031f8f5fb8decb9246edec9a8cb,jumbo,28,manzanas,Vinagre de Manzana Bragg Miel Orgánico 473 ml,6990,Online RM,Metropolitana,Santiago,2026-08-08,2026-08-08T00:25:51.510270
28c867aa387ed6b3c1475c695688bb5c,jumbo,29,manzanas,Pack 3 un. Jugo Afe Natural Manzana 200 cc,2450,Online RM,Metropolitana,Santiago,2026-08-08,2026-08-08T00:25:51.510284
ef3b26e049dd79198f71344fef712c08,jumbo,30,manzanas,Pack 6 un. Bebida Láctea Chamyto Manzana 80 ml,2950,Online RM,Metropolitana,Santiago,2026-08-08,2026-08-08T00:25:51.510299
aa494f30c19990bfc649a226048b2f7e,jumbo,31,manzanas,Queque Manzana Canela Tavelli 885 g 8 un.,9990,Online RM,Metropolitana,Santiago,2026-08-08,2026-08-08T00:25:51.510313
23b58180840a9b115dfb3e48d1518e94,jumbo,32,manzanas,Néctar Watt's Manzana Boca Ancha 1.5 L,1970,Online RM,Metropolitana,Santiago,2026-08-08,2026-08-08T00:25:51.510328
e53b20f0c421af16edd9a396187f4bd4,jumbo,33,manzanas,Vinagre de Manzana 500 ml,1690,Online RM,Metropolitana,Santiago,2026-08-08,2026-08-08T00:25:51.510342
b9817f489423e7f36d69d19ed9743562,jumbo,34,manzanas,Jugo Orgánico Ama Manzana y Durazno 200 cc,1040,Online RM,Metropolitana,Santiago,2026-08-08,2026-08-08T00:25:51.510357
6ce97b2cd4c88d887e4ae02f4a2d9c2f,jumbo,35,manzanas,Vinagre de Manzana Orgánico 500 ml,6590,Online RM,Metropolitana,Santiago,2026-08-08,2026-08-08T00:25:51.510372
656ebf2c345f0b7dc747ce571c532e80,jumbo,36,manzanas,Pack 6 un. Néctar Livean Manzana 200 ml,1780,Online RM,Metropolitana,Santiago,2026-08-08,2026-08-08T00:25:51.510387
283e34ffcbd34b1873ac1619490834cb,jumbo,37,manzanas,"Colado Orgánico Smiley Kids Manzana, Camote y Zanahoria 90 g",1230,Online RM,Metropolitana,Santiago,2026-08-08,2026-08-08T00:25:51.510401
929d7af202cb1abe549d2b61ea2931c2,jumbo,38,manzanas,Bebida Refrescante Vinagre Orgánico Bragg Jengibre Limón 473 ml,5390,Online RM,Metropolitana,Santiago,2026-08-08,2026-08-08T00:25:51.510416
6d54eaba8af1e77f46a17d3fc4f304c9,jumbo,39,manzanas,Jugo Quillayes Manzana 900 ml,4270,Online RM,Metropolitana,Santiago,2026-08-08,2026-08-08T00:25:51.510431
52cddc7df6acc1a01f11de82a1fec3fe,jumbo,40,manzanas,Bebida Refrescante Vinagre Orgánico Bragg Hibiscus 473 ml,5390,Online RM,Metropolitana,Santiago,2026-08-08,2026-08-08T00:25:51.510447
92da9f503ed562f6755a3530ddcecd0b,jumbo,1,limones,Limón Malla 1 kg,1590,Online RM,Metropolitana,Santiago,2026-08-08,2026-08-08T00:25:51.516266
a9f86fc159d9cf396ea53fc3b6c112cb,jumbo,2,limones,Limón Granel (1 a 2 un. Aprox),1095,Online RM,Metropolitana,Santiago,2026-08-08,2026-08-08T00:25:51.516288
dc0965e5a34bf1cbb7396d33f88b98a0,jumbo,3,limones,Limón Sutil Granel,1845,Online RM,Metropolitana,Santiago,2026-08-08,2026-08-08T00:25:51.516305
42bd12b81002b941359283282e505cc4,jumbo,4,limones,Limón Sin Semilla Malla 900 g,2390,Online RM,Metropolitana,Santiago,2026-08-08,2026-08-08T00:25:51.516321
c6c6b1262746241568c38b1de28e5f68,jumbo,5,limones,Limón Sutil Malla 500 g,1990,Online RM,Metropolitana,Santiago,2026-08-08,2026-08-08T00:25:51.516336
82094a27b9bcf2cf7ce8538914f82ee2,jumbo,6,limones,Limón Cóctel Malla 500 g,2290,Online RM,Metropolitana,Santiago,2026-08-08,2026-08-08T00:25:51.516351
235d7ca7f516cada24891d32c7dcb4fb,jumbo,7,limones,Limón Orgánico 1 kg,2650,Online RM,Metropolitana,Santiago,2026-08-08,2026-08-08T00:25:51.516367
e42b8448c0e1ece6a7c2fcaa3cce048a,jumbo,8,limones,Limón Cóctel Granel,2245,Online RM,Metropolitana,Santiago,2026-08-08,2026-08-08T00:25:51.516382
f92815ce702f4d8775a54a20832d1d38,jumbo,9,limones,Limonada Love Lemon Sabor Original 200 ml,850,Online RM,Metropolitana,Santiago,2026-08-08,2026-08-08T00:25:51.516398
ea2a0d0020906f6d9d6d6569d6202b56,jumbo,10,limones,Sucedáneo de Limón 500 ml,1090,Online RM,Metropolitana,Santiago,2026-08-08,2026-08-08T00:25:51.516414
b6f52ba53b5d21626f75a48725f760c3,jumbo,11,limones,Jugo en Polvo Livean Limonada 7 g,290,Online RM,Metropolitana,Santiago,2026-08-08,2026-08-08T00:25:51.516428
a012b9400b4ce37644eafc8c1d37eefa,jumbo,12,limones,Sucedáneo Jugo Limón Traverso 500 ml,1270,Online RM,Metropolitana,Santiago,2026-08-08,2026-08-08T00:25:51.516443
21af6c0808dc170cfac9578a86cf96ab,jumbo,13,limones,Pulpa Limón Jengibre Minuto Verde 335 g,4610,Online RM,Metropolitana,Santiago,2026-08-08,2026-08-08T00:25:51.516458
e8e9897e4978e501e44e72b1482d74df,jumbo,14,limones,Galletas Mckay Limón 120 g,1020,Online RM,Metropolitana,Santiago,2026-08-08,2026-08-08T00:25:51.516473
bb66ca968bc131a63fd889d99f64be15,jumbo,15,limones,Gelatina Stevia Limón 22 g,780,Online RM,Metropolitana,Santiago,2026-08-08,2026-08-08T00:25:51.516488
ad3b015c12435e572f45cff1d9d24472,jumbo,16,limones,Galletas Limón 140 g,900,Online RM,Metropolitana,Santiago,2026-08-08,2026-08-08T00:25:51.516503
1ad769b61533ec18245ba6c3fc9c0050,jumbo,17,limones,Limpiador Crema Cif Limón 500 ml,2000,Online RM,Metropolitana,Santiago,2026-08-08,2026-08-08T00:25:51.516522
dd3b46ceedf0403be1e297b94a4f6c2e,jumbo,18,limones,Infusión Twinings Limón y Jengibre 50 Bolsas,8990,Online RM,Metropolitana,Santiago,2026-08-08,2026-08-08T00:25:51.516557
d11ce5c4b2d3a69c96582c296116cbb7,jumbo,19,limones,Caramelo Ricola Sabor Limón 70 g,3690,Online RM,Metropolitana,Santiago,2026-08-08,2026-08-08T00:25:51.516574
ff59870c8d95e6a57f4c00ed9d551627,jumbo,20,limones,Aliño Limón Traverso 60% Natural 320 ml,1490,Online RM,Metropolitana,Santiago,2026-08-08,2026-08-08T00:25:51.516589
9e37c294dfbcec03b7f7add9de3626a3,jumbo,21,limones,Infusión Siddharta Limonada Antioxidante 2 L,4390,Online RM,Metropolitana,Santiago,2026-08-08,2026-08-08T00:25:51.516605
f7afac93e579ac0d6137261eaa898ff9,jumbo,22,limones,Limonada Fresca 300 ml,2390,Online RM,Metropolitana,Santiago,2026-08-08,2026-08-08T00:25:51.516620
266e90bf15b6b1c2f08c4392a26f5ed9,jumbo,23,limones,Pimienta Limón Gourmet Premium 33 g,3150,Online RM,Metropolitana,Santiago,2026-08-08,2026-08-08T00:25:51.516635
727aa58cd62dc49eef087824428f1172,jumbo,24,limones,Galletas Rellenas Limón Elgorriaga 180 g,1290,Online RM,Metropolitana,Santiago,2026-08-08,2026-08-08T00:25:51.516649
cd7a68c1b519a313a042ce2a91920f61,jumbo,25,limones,Pie Limón 8-10 Porciones,12990,Online RM,Metropolitana,Santiago,2026-08-08,2026-08-08T00:25:51.516664
8a01c1619937e913684323d2283af129,jumbo,26,limones,Limonada Love Lemon Menta y Jengibre 475 ml,2168,Online RM,Metropolitana,Santiago,2026-08-08,2026-08-08T00:25:51.516680
bbfce5196ee6a5ab128ef9c6d7c24c16,jumbo,27,limones,Agua Saborizada Mas Limonada Frambuesa Gasificada 1.6 L,1430,Online RM,Metropolitana,Santiago,2026-08-08,2026-08-08T00:25:51.516807
7c0e00f3e44bb876cc081903e5f03a24,jumbo,28,limones,Jalea Colun Limón 100 g,340,Online RM,Metropolitana,Santiago,2026-08-08,2026-08-08T00:25:51.516830
e0fe68993e90f4a9f4c40f19e4caa07c,jumbo,29,limones,Jugo en Polvo Livean Té Verde Limón 7 g,290,Online RM,Metropolitana,Santiago,2026-08-08,2026-08-08T00:25:51.516857
a507d755bbcede56cdd2bdbe2935ba56,jumbo,30,limones,Limonada Guallarauco 0% Azúcar Añadida 1 L,2790,Online RM,Metropolitana,Santiago,2026-08-08,2026-08-08T00:25:51.516882
46778a993fc6cd54a893d931980b7ab2,jumbo,31,limones,Sucedáneo Jugo Limón Pica Traverso 500 ml,1990,Online RM,Metropolitana,Santiago,2026-08-08,2026-08-08T00:25:51.516906
fed40d43bddc79410900e580e8dddc57,jumbo,32,limones,Queque Kuchenmeister Zitrone Limón 400 g,3790,Online RM,Metropolitana,Santiago,2026-08-08,2026-08-08T00:25:51.516932
32668105b9e37ab67493177cefefc685,jumbo,33,limones,Helado Palettas Limón Menta Jengibre 48 g 5 un.,6550,Online RM,Metropolitana,Santiago,2026-08-08,2026-08-08T00:25:51.516966
8f25e3abee945856b8839c1ad5feeebc,jumbo,34,limones,Papas Fritas Marco Polo Limón 180 g,2150,Online RM,Metropolitana,Santiago,2026-08-08,2026-08-08T00:25:51.516992
5108e039ef97bfabb59c5b3783325c03,jumbo,35,limones,Galleta Bekys Almendra y Limón 68 g,5490,Online RM,Metropolitana,Santiago,2026-08-08,2026-08-08T00:25:51.517016
09291a03203482d980cd265ed9eea0d5,jumbo,36,limones,Té Negro Twinings Lady Grey con Cáscara de Naranja y Limón 10 un.,3510,Online RM,Metropolitana,Santiago,2026-08-08,2026-08-08T00:25:51.517042
c1693d54a4fe5fb6376b0fede4a445dd,jumbo,37,limones,Limón para Coctelería Go Barman 25 g,4792,Online RM,Metropolitana,Santiago,2026-08-08,2026-08-08T00:25:51.517068
e3bab3709cd9f242cad367061378f4cc,jumbo,38,limones,Té Verde Supremo Aromatizado con Limón 40 g 20 un.,1930,Online RM,Metropolitana,Santiago,2026-08-08,2026-08-08T00:25:51.517094
060c07ba7cd22e19f2b062bac52fab41,jumbo,39,limones,Sucedáneo Limón de Pica 500 ml,1000,Online RM,Metropolitana,Santiago,2026-08-08,2026-08-08T00:25:51.517120
a9077ccf1e824d279252fd6ef236c085,jumbo,1,palta hass,Palta Hass Extra Chilena (2 un. Aprox),3145,Online RM,Metropolitana,Santiago,2026-08-08,2026-08-08T00:25:51.520771
7e1dee4d6fa92abe76cad28b33f087ea,jumbo,2,palta hass,Palta Hass Malla 1 kg,2990,Online RM,Metropolitana,Santiago,2026-08-08,2026-08-08T00:25:51.520794
663435a9e54c1f75ce8699db930e7382,jumbo,3,palta hass,Palta Fuerte Malla 1 kg,4490,Online RM,Metropolitana,Santiago,2026-08-08,2026-08-08T00:25:51.520812
93be60cef2c83a346bcc5f6818408333,jumbo,4,palta hass,Palta Orgánica Fuerte 900 g,5490,Online RM,Metropolitana,Santiago,2026-08-08,2026-08-08T00:25:51.520828
de4e73f65e7bbeecacd807fccdf9c1a6,jumbo,5,palta hass,Palta Hass Pote 2 un.,3590,Online RM,Metropolitana,Santiago,2026-08-08,2026-08-08T00:25:51.520844
de542072e1377ce5a6ffd209b7e47730,jumbo,6,palta hass,Palta Hass Orgánica 900 g,5490,Online RM,Metropolitana,Santiago,2026-08-08,2026-08-08T00:25:51.520859
3220b73f4c6a36b0bb740230cab83512,jumbo,7,palta hass,Palta Hass Extra Importada Granel,5990,Online RM,Metropolitana,Santiago,2026-08-08,2026-08-08T00:25:51.520875
a2adfcf00848afafff5c6c4a171c13db,jumbo,8,palta hass,Palta Negra de La Cruz Orgánica 1 kg,4750,Online RM,Metropolitana,Santiago,2026-08-08,2026-08-08T00:25:51.520893
6d00c3cc6eb17c8edf4dcdea092c6105,jumbo,1,tomates,Tomate Larga Vida Granel (1 a 2 un. Aprox),995,Online RM,Metropolitana,Santiago,2026-08-08,2026-08-08T00:25:51.527703
0ce8a0e205d62cd96af3b86f150d2324,jumbo,2,tomates,Tomate Larga Vida Malla 1 kg,1990,Online RM,Metropolitana,Santiago,2026-08-08,2026-08-08T00:25:51.527726
9a623a3f47445fcf5fb36ba4c7f0e87e,jumbo,3,tomates,Tomate Beef Granel,1315,Online RM,Metropolitana,Santiago,2026-08-08,2026-08-08T00:25:51.527744
adcfcc0e5a9dc377f0bbbbb37db78f75,jumbo,4,tomates,Tomate Salad Granel,1245,Online RM,Metropolitana,Santiago,2026-08-08,2026-08-08T00:25:51.527759
6c85f49a7daa5cf4216129bb27ad6b8a,jumbo,5,tomates,Tomate San Marzano Granel,1315,Online RM,Metropolitana,Santiago,2026-08-08,2026-08-08T00:25:51.527775
0385a99aa2993f4d2f7e0a8cc0888220,jumbo,6,tomates,Tomate Cóctel Variedades Granel,1358,Online RM,Metropolitana,Santiago,2026-08-08,2026-08-08T00:25:51.527792
979b200cad97cebc2a2270b45fa42bc4,jumbo,7,tomates,Tomate Romanita 340 g,3650,Online RM,Metropolitana,Santiago,2026-08-08,2026-08-08T00:25:51.527807
eb1ef0ca146742d019ac0b1760136e9d,jumbo,8,tomates,Tomate Cóctel Pote 250 g,1990,Online RM,Metropolitana,Santiago,2026-08-08,2026-08-08T00:25:51.527822
b6814df1f346c9530c04248b0235bae2,jumbo,9,tomates,Salsa de Tomate Carozzi Toscana Boloñesa 200 g,960,Online RM,Metropolitana,Santiago,2026-08-08,2026-08-08T00:25:51.527837
e5c18192077434a8d87a60965f956703,jumbo,10,tomates,Tomate Mix Cóctel Variedades 300 g,2390,Online RM,Metropolitana,Santiago,2026-08-08,2026-08-08T00:25:51.527852
4ad8c19bb560f951fb79820671d4baa0,jumbo,11,tomates,Puré de Tomate De La Huerta Natural 133 g,490,Online RM,Metropolitana,Santiago,2026-08-08,2026-08-08T00:25:51.527868
4842190e5a8e9ac4a9c09d41d05c70ea,jumbo,12,tomates,Tomate Pelado La Molisana 250 g,1490,Online RM,Metropolitana,Santiago,2026-08-08,2026-08-08T00:25:51.527884
03dd2dce7e29bc1f36a715cb2607039c,jumbo,13,tomates,Puré de Tomate Passata La Molisana 690 g,2890,Online RM,Metropolitana,Santiago,2026-08-08,2026-08-08T00:25:51.527899
e6c358f674ca08dc5c3e7dcab241acbe,jumbo,14,tomates,Salsa de Tomate Maggi Tuco con Carne 245 g,1750,Online RM,Metropolitana,Santiago,2026-08-08,2026-08-08T00:25:51.527913
10e247b7cb0a2b6dbfef31d32f7ad1b7,jumbo,15,tomates,Salsa de Tomate Pomarola 200 g 6 un.,3350,Online RM,Metropolitana,Santiago,2026-08-08,2026-08-08T00:25:51.527928
51b4d87175e45f7189a2af696a5d30ce,jumbo,16,tomates,Tomates Enteros Pelados Esmeralda 240 g drenado,1790,Online RM,Metropolitana,Santiago,2026-08-08,2026-08-08T00:25:51.527943
f292ce8023d2289182fbb9176754946a,jumbo,17,tomates,Salsa de Tomate Heinz Natural Doypack 200 g,980,Online RM,Metropolitana,Santiago,2026-08-08,2026-08-08T00:25:51.527958
c854291138ee6a5dfcf30b16f2a7ff5f,jumbo,18,tomates,Tomate Cherry Pomodorini La Molisana 240 g,1490,Online RM,Metropolitana,Santiago,2026-08-08,2026-08-08T00:25:51.527995
3a29d94c0dcb2facbdc9e8249b9fc9bd,jumbo,19,tomates,Tomate Triple Tasty 500 g,4590,Online RM,Metropolitana,Santiago,2026-08-08,2026-08-08T00:25:51.528018
0829d33652d5dec786612955ffc5c545,jumbo,20,tomates,Tomates Wasil en Trocitos 380 g,1890,Online RM,Metropolitana,Santiago,2026-08-08,2026-08-08T00:25:51.528034
9aadef1273d389e622490ba01c9e66f3,jumbo,21,tomates,Mix Tomate Cherry 500 g,3690,Online RM,Metropolitana,Santiago,2026-08-08,2026-08-08T00:25:51.528049
d3a227a3e1badf0c7c19a0ddc230f204,jumbo,22,tomates,Salsa de Tomate Carozzi Toscana Arrabbiata 200 g,1010,Online RM,Metropolitana,Santiago,2026-08-08,2026-08-08T00:25:51.528063
5f44913839f0be3bef02e22ab98e908a,jumbo,23,tomates,Salsa de Tomate Cuisine & Co Natural 200 g,690,Online RM,Metropolitana,Santiago,2026-08-08,2026-08-08T00:25:51.528079
94530b1bff8303e102deed87d7ce6265,jumbo,24,tomates,Pack 6 un. Salsa de Tomate Heinz Italiana Bolsa 1200 g,3690,Online RM,Metropolitana,Santiago,2026-08-08,2026-08-08T00:25:51.528095
9bf91db345cb535f8d4619e12bc90761,jumbo,25,tomates,Puré de Tomate Natural 530 g,1710,Online RM,Metropolitana,Santiago,2026-08-08,2026-08-08T00:25:51.528110
8efb157c668acd6f5df6dc5b413cc467,jumbo,26,tomates,Tomates Mutti Pelados Mediterraneo 260 g drenado,2290,Online RM,Metropolitana,Santiago,2026-08-08,2026-08-08T00:25:51.528126
1dcd44595968355235615ebeaf6ccaf6,jumbo,27,tomates,Tomates Picados La Molisana 250 g,1490,Online RM,Metropolitana,Santiago,2026-08-08,2026-08-08T00:25:51.528140
f7f93752143b21487bd7c064557db179,jumbo,28,tomates,Salsa de Tomate Carozzi Toscana Al Pesto 200 g,1010,Online RM,Metropolitana,Santiago,2026-08-08,2026-08-08T00:25:51.528155
f60acc72f459c11ad66b902c744724b7,jumbo,29,tomates,Salsa de Tomate Malloa Italiana 200 g,950,Online RM,Metropolitana,Santiago,2026-08-08,2026-08-08T00:25:51.528170
0200005953f05d0b1ccaea82d6a921e5,jumbo,30,tomates,Puré de Tomate Passata Pomodoro 400 g 4 un.,10290,Online RM,Metropolitana,Santiago,2026-08-08,2026-08-08T00:25:51.528186
a4c1d7aba0dfad6355e6b3239caf8888,jumbo,31,tomates,Salsa de Tomate Pomarola Casera 200 g,1010,Online RM,Metropolitana,Santiago,2026-08-08,2026-08-08T00:25:51.528201
1b7f3ccff722f084c22b403631fce227,jumbo,32,tomates,Salsa de Tomate Cuisine & Co Oliva 200 g,830,Online RM,Metropolitana,Santiago,2026-08-08,2026-08-08T00:25:51.528215
6ce33e8df854c6d265e31573b9576d49,jumbo,33,tomates,Sofrito Frutos del Maipo Apio Tomate 150 g,990,Online RM,Metropolitana,Santiago,2026-08-08,2026-08-08T00:25:51.528230
2cdc940a9de627657e0520bb0a4b3afa,jumbo,34,tomates,Tomates Deshidratados Sacla Frasco 280 g,4790,Online RM,Metropolitana,Santiago,2026-08-08,2026-08-08T00:25:51.528246
446eefdd173f9e1284743173276d8028,jumbo,35,tomates,Tomate Triturado Tostani 690 g,3190,Online RM,Metropolitana,Santiago,2026-08-08,2026-08-08T00:25:51.528262
ee84a403cd24e527e66e84605a869043,jumbo,36,tomates,Salsa de Tomates Talliani con Trozos 200 g,990,Online RM,Metropolitana,Santiago,2026-08-08,2026-08-08T00:25:51.528277
f92f837effbda124405bf8a67b484f7c,jumbo,37,tomates,Puré de Tomate Mutti Passata Al Basilico 700 g,4190,Online RM,Metropolitana,Santiago,2026-08-08,2026-08-08T00:25:51.528292
275e738f858ba666b3897e87ab7048a6,jumbo,38,tomates,Salsa de Tomate Cuisine & Co Napolitana 400 g,3790,Online RM,Metropolitana,Santiago,2026-08-08,2026-08-08T00:25:51.528307
5821995fa7849a33b38988d457bdcc58,jumbo,39,tomates,Pulpa de Tomate Mutti Di Pomodoro 400 g,2290,Online RM,Metropolitana,Santiago,2026-08-08,2026-08-08T00:25:51.528322
0341fb61128aaef6306a97d6200a1ed4,jumbo,40,tomates,Salsa de Tomate Heinz Italiana Doypack 200 g,980,Online RM,Metropolitana,Santiago,2026-08-08,2026-08-08T00:25:51.528337
3758b67deb0317aeb23fdf5a5c871e46,jumbo,1,lechuga,Lechuga Hidropónica Española 1 un.,1590,Online RM,Metropolitana,Santiago,2026-08-08,2026-08-08T00:25:51.533433
d7365df4f958ed4c98246e6931b38a9a,jumbo,2,lechuga,Lechuga Escarola 1 un.,1250,Online RM,Metropolitana,Santiago,2026-08-08,2026-08-08T00:25:51.533454
8d4b40b5def12e185e0157d2e8d13bc7,jumbo,3,lechuga,Lechuga Costina 1 un.,1420,Online RM,Metropolitana,Santiago,2026-08-08,2026-08-08T00:25:51.533471
a5dca5e8066ad889fd6ad2b0aeebcae3,jumbo,4,lechuga,Lechuga Española 1 un.,1250,Online RM,Metropolitana,Santiago,2026-08-08,2026-08-08T00:25:51.533488
87f0306222e605becee3d94ec9b911dd,jumbo,5,lechuga,Lechuga Escarola Bandeja 2 un.,2720,Online RM,Metropolitana,Santiago,2026-08-08,2026-08-08T00:25:51.533504
6daed71818141fe79a4c4223792aab16,jumbo,6,lechuga,Trio de Lechugas Hidropónicas Pura Hoja 1 un.,1740,Online RM,Metropolitana,Santiago,2026-08-08,2026-08-08T00:25:51.533520
011c7a59852ba71f9eba71c39873e8f5,jumbo,7,lechuga,Lechuga Francesa 1 un.,1330,Online RM,Metropolitana,Santiago,2026-08-08,2026-08-08T00:25:51.533560
e0f45785fe237a795889a61906d7f68a,jumbo,8,lechuga,Lechuga Lollo Rossa Hidropónica 1 un.,1740,Online RM,Metropolitana,Santiago,2026-08-08,2026-08-08T00:25:51.533586
2b1ce4067f6b8a816cfa937d4c5fbef5,jumbo,9,lechuga,Lechuga Roble Verde Hidropónica 1 un.,1830,Online RM,Metropolitana,Santiago,2026-08-08,2026-08-08T00:25:51.533612
2b78bbd037c889307e3321c5ed9193a6,jumbo,10,lechuga,Lechuga Lollo Bionda Hidropónica 1 un.,1740,Online RM,Metropolitana,Santiago,2026-08-08,2026-08-08T00:25:51.533638
e632b2501d5dc61ad8ba864092e394ff,jumbo,11,lechuga,Lechuga Escarola 300 g,1990,Online RM,Metropolitana,Santiago,2026-08-08,2026-08-08T00:25:51.533663
80f9ba30802bdf72ab4415277663cb63,jumbo,12,lechuga,Lechuga Fresh Cut Hojas Roble Verde 150 g,2330,Online RM,Metropolitana,Santiago,2026-08-08,2026-08-08T00:25:51.533687
6a44b498e525f82a8f63f4ca3502732e,jumbo,13,lechuga,Lechuga Fresh Cut Roble Roja 150 g,2300,Online RM,Metropolitana,Santiago,2026-08-08,2026-08-08T00:25:51.533712
dc9a9743006e2c5ce6fca69102fd05e0,jumbo,14,lechuga,Sofrito con Ajo Minuto Verde 150 g,870,Online RM,Metropolitana,Santiago,2026-08-08,2026-08-08T00:25:51.533738
a17380bd818c7c4bcd5cbbd02de08734,jumbo,15,lechuga,Corazón Costina 3 un.,3650,Online RM,Metropolitana,Santiago,2026-08-08,2026-08-08T00:25:51.533762
79a031875f07bbb9fb96992291da5711,jumbo,16,lechuga,Ensalada Lechuga Escarola 300 g,1990,Online RM,Metropolitana,Santiago,2026-08-08,2026-08-08T00:25:51.533787
6411e594244e01e4cab76cf194d1b197,jumbo,17,lechuga,Lechuga Escarola Feria 1 un.,1360,Online RM,Metropolitana,Santiago,2026-08-08,2026-08-08T00:25:51.533814
5bebb547f8c15cae0b1d8fddf030861c,jumbo,18,lechuga,Ensalada Dole Lechuga Escarola 300 g,2190,Online RM,Metropolitana,Santiago,2026-08-08,2026-08-08T00:25:51.533841
3ddff5863f29a8431ea33b6087620e42,jumbo,19,lechuga,Lechuga Costina Feria 1 un.,1360,Online RM,Metropolitana,Santiago,2026-08-08,2026-08-08T00:25:51.533864
51fc360dcc5b097325d7044004440a79,jumbo,20,lechuga,Lechuga Fresh Cut Lollo Bionda 150 g,2300,Online RM,Metropolitana,Santiago,2026-08-08,2026-08-08T00:25:51.533880
717d55e47a6afcb766953eff45fde240,jumbo,21,lechuga,Hojas Verdes,3290,Online RM,Metropolitana,Santiago,2026-08-08,2026-08-08T00:25:51.533895
3ffe4066fd4964226eef55a3061c981d,jumbo,22,lechuga,Corazón de Costina Duo Color,3140,Online RM,Metropolitana,Santiago,2026-08-08,2026-08-08T00:25:51.533910
1f7a618b271759551a4bda97e3869d54,jumbo,23,lechuga,Lechuga Escarola 600 g,2790,Online RM,Metropolitana,Santiago,2026-08-08,2026-08-08T00:25:51.533926
ad59de87d5638eac3d7e31ce55955075,jumbo,24,lechuga,Frutos del Bosque Minuto Verde 400 g,3910,Online RM,Metropolitana,Santiago,2026-08-08,2026-08-08T00:25:51.533941
ac8ec37e47956e18e94484275b17a7ed,jumbo,25,lechuga,Lechuga Dole Escarola 600 g,3190,Online RM,Metropolitana,Santiago,2026-08-08,2026-08-08T00:25:51.533956
58c4c2aefc33c63f4a3a7ec316456d4f,jumbo,26,lechuga,Salsa Verde Pote 200 g,2290,Online RM,Metropolitana,Santiago,2026-08-08,2026-08-08T00:25:51.533972
cc9c2dd786438d67bd5e461d62ba1444,jumbo,27,lechuga,Mix para Carbonada Minuto Verde 500 g,2950,Online RM,Metropolitana,Santiago,2026-08-08,2026-08-08T00:25:51.533987
a4a5594a4d3f6b87090d9577fbb82f65,jumbo,28,lechuga,Porotos Granados Minuto Verde Mix Congelado 500 g,3990,Online RM,Metropolitana,Santiago,2026-08-08,2026-08-08T00:25:51.534003
dcf0f148cb860b964a08bc92df49cfe6,jumbo,29,lechuga,Primavera de Verduras Minuto Verde Bolsa 500 g,2110,Online RM,Metropolitana,Santiago,2026-08-08,2026-08-08T00:25:51.534018
78b81768af0d348a55b5768f99d97a76,jumbo,30,lechuga,Fruta Congelada Campo Verde Banana Manía 1.36 kg,10990,Online RM,Metropolitana,Santiago,2026-08-08,2026-08-08T00:25:51.534032
4d8490b99b9cb0ce66afeab8edc91bc9,jumbo,31,lechuga,Fruta Congelada Campo Verde Magic Sensation 1.36 kg,10990,Online RM,Metropolitana,Santiago,2026-08-08,2026-08-08T00:25:51.534048
da3484332c4fe7431e692880f1c230cc,jumbo,32,lechuga,Fruta Congelada Campo Verde 4 Berry Mix 1.3 kg,14840,Online RM,Metropolitana,Santiago,2026-08-08,2026-08-08T00:25:51.534065
91844e59aeb3a43c4a725ab8ab80d4d3,jumbo,33,lechuga,Fruta Congelada Campo Verde Mango Mambo 1360 g,12790,Online RM,Metropolitana,Santiago,2026-08-08,2026-08-08T00:25:51.534080
b09239f6bebe184980122ddef10be232,jumbo,34,lechuga,Lechuga Fresh Cut Lollo Rosa 150 g,2330,Online RM,Metropolitana,Santiago,2026-08-08,2026-08-08T00:25:51.534096
7d0d008125a57a3745820cbd003bb355,jumbo,35,lechuga,Mix de Lechugas Hidropónicas 150 g,2790,Online RM,Metropolitana,Santiago,2026-08-08,2026-08-08T00:25:51.534110
4d752233b437b35a1639f508aad03aa5,jumbo,36,lechuga,Lechuga Hidropónica Marina 1 un.,1350,Online RM,Metropolitana,Santiago,2026-08-08,2026-08-08T00:25:51.534126
916f3e5bdf190b8cbdc6d842780a39cd,jumbo,37,lechuga,Lechuga Costina Orgánica 1 un.,1690,Online RM,Metropolitana,Santiago,2026-08-08,2026-08-08T00:25:51.534141
5a88e168d52c8915bf511ce07d96be75,jumbo,38,lechuga,Lechuga Española Hidropónica Extra 1 un.,1430,Online RM,Metropolitana,Santiago,2026-08-08,2026-08-08T00:25:51.534156
601ada521318ff82360b603836e43fec,jumbo,39,lechuga,Lechuga Hidropónica Roble Verde 1 un.,1490,Online RM,Metropolitana,Santiago,2026-08-08,2026-08-08T00:25:51.534171
b58e8397dbdd663791cd30f8863a847b,jumbo,40,lechuga,Lechuga Hidropónica Lollo Rosa 1 un.,1360,Online RM,Metropolitana,Santiago,2026-08-08,2026-08-08T00:25:51.534185
273234baffbf9f59bb11387f2144e91d,jumbo,1,zapallo,Zapallo en Trozo 700 g,2190,Online RM,Metropolitana,Santiago,2026-08-08,2026-08-08T00:25:51.543181
664f198be21683a00088e9091ff5ae94,jumbo,2,zapallo,Zapallo en Cubos Minuto Verde 500 g,1820,Online RM,Metropolitana,Santiago,2026-08-08,2026-08-08T00:25:51.543216
a690a91fc3d514b744209d67b8c2ffbd,jumbo,3,zapallo,Zapallo Italiano 1 un.,790,Online RM,Metropolitana,Santiago,2026-08-08,2026-08-08T00:25:51.543247
b5fde958e961e7d27b889d68b1a7b162,jumbo,4,zapallo,Zapallo 1 un.,3560,Online RM,Metropolitana,Santiago,2026-08-08,2026-08-08T00:25:51.543276
8d5dbb22075c4fc07406e822ce6bc1d4,jumbo,5,zapallo,Zapallo Camote Picado 500 g,2190,Online RM,Metropolitana,Santiago,2026-08-08,2026-08-08T00:25:51.543305
f8ea9bd0b423d2e607fce67d51283e1c,jumbo,6,zapallo,Zapallo en Cubos 500 g,2190,Online RM,Metropolitana,Santiago,2026-08-08,2026-08-08T00:25:51.543335
3a0d016fed6851767dd2ff25330acea4,jumbo,7,zapallo,Zapallo Butternut Orgánico 1 un.,3490,Online RM,Metropolitana,Santiago,2026-08-08,2026-08-08T00:25:51.543366
ffb7bcd5737a3067b6a64f7496c75d00,jumbo,8,zapallo,Zapallo Butternut Cubo Orgánico 500 g,1990,Online RM,Metropolitana,Santiago,2026-08-08,2026-08-08T00:25:51.543395
d0f73035971cb76ee06d313e95b83424,jumbo,9,zapallo,Camote Peruano Granel,1625,Online RM,Metropolitana,Santiago,2026-08-08,2026-08-08T00:25:51.543424
cd7fd0f19f242b5157711fb8bd8a923d,jumbo,10,zapallo,Zapallo Diaguita Orgánico 1 un.,4490,Online RM,Metropolitana,Santiago,2026-08-08,2026-08-08T00:25:51.543453
b52f8c7aaae455c19915724b0196c8c3,jumbo,11,zapallo,Zapallo Cubo Orgánico 500 g,2430,Online RM,Metropolitana,Santiago,2026-08-08,2026-08-08T00:25:51.543481
60d650b20779b7dfe7228d6db430b000,jumbo,12,zapallo,Semillas de Zapallo 100 g,1290,Online RM,Metropolitana,Santiago,2026-08-08,2026-08-08T00:25:51.543510
097b7400e25e18bbf28441f5dfe2c563,jumbo,13,zapallo,Crema de Zapallo Wasil 380 g,2150,Online RM,Metropolitana,Santiago,2026-08-08,2026-08-08T00:25:51.543565
31c9e3448e7d039c55b2077f7599dc86,jumbo,14,zapallo,Sopaipilla Zapallo Salvia 328 g 15 un.,3590,Online RM,Metropolitana,Santiago,2026-08-08,2026-08-08T00:25:51.543597
7280c35b935fec88b3bab88010696749,jumbo,15,zapallo,Camote Prefrito 400 g,2850,Online RM,Metropolitana,Santiago,2026-08-08,2026-08-08T00:25:51.543626
5e85b41952dbafb92210963004d7b901,jumbo,16,zapallo,Crema de Zapallo Gourmet Receta Premium Sobre 53 g,1050,Online RM,Metropolitana,Santiago,2026-08-08,2026-08-08T00:25:51.543655
46adbf6d11a17901a9529899ba68391c,jumbo,17,zapallo,Crema Maggi Zapallo 45 g,720,Online RM,Metropolitana,Santiago,2026-08-08,2026-08-08T00:25:51.543683
a6df932e7fbbcea73ea79cce74ea82a6,jumbo,18,zapallo,Semillas de Zapallo Granel,1299,Online RM,Metropolitana,Santiago,2026-08-08,2026-08-08T00:25:51.543714
0d93771b14bc13dba1881c0162469335,jumbo,19,zapallo,Sopa Individual Gourmet Zapallo A La Crema 20 g,490,Online RM,Metropolitana,Santiago,2026-08-08,2026-08-08T00:25:51.543745
d9d701459a8013d0168baafc2f8df22e,jumbo,20,zapallo,"Compota Manzana, Pera, Espinaca y Zapallo Italiano 90 g",590,Online RM,Metropolitana,Santiago,2026-08-08,2026-08-08T00:25:51.543774
62939006e6ed71778d2620c8e839e91b,jumbo,21,zapallo,"Compota Manzana, Zapallo y Plátano 90 g",530,Online RM,Metropolitana,Santiago,2026-08-08,2026-08-08T00:25:51.543803
a7fd6a4ffcafb7c43e55bae10002aaea,jumbo,22,zapallo,Pan Molde Integral Calabaza Proteína 600 g,2290,Online RM,Metropolitana,Santiago,2026-08-08,2026-08-08T00:25:51.543831
319b5c11392ba90703f64bf861cbfad5,jumbo,23,zapallo,Crema Zapallo Gourmet Natural 56 g,730,Online RM,Metropolitana,Santiago,2026-08-08,2026-08-08T00:25:51.543861
34fb913f982a2bd5f44cbedad4ac4341,jumbo,24,zapallo,Semilla de Calabaza 700 g,7990,Online RM,Metropolitana,Santiago,2026-08-08,2026-08-08T00:25:51.543889
75b9207a043119afccdb86353473c603,jumbo,25,zapallo,Pouch Organ Vivo Zapallo Manzana Pera 90 g,970,Online RM,Metropolitana,Santiago,2026-08-08,2026-08-08T00:25:51.543919
8016a15ae5732190dff775f65f6dd88d,jumbo,26,zapallo,Sorrentinos Calabaza y Almendra 600 g,9990,Online RM,Metropolitana,Santiago,2026-08-08,2026-08-08T00:25:51.543947
70abaead76200a98d37e379411915753,jumbo,27,zapallo,Snack Perro Mega Churu Pollo y Calabaza,4990,Online RM,Metropolitana,Santiago,2026-08-08,2026-08-08T00:25:51.543976
9be7be75a672f528a118fa89879f6ae2,jumbo,28,zapallo,Pan Molde Integral Calabaza Proteína 400 g,2200,Online RM,Metropolitana,Santiago,2026-08-08,2026-08-08T00:25:51.544006
036e4fbf8665cf222d2496af5fc5492e,jumbo,29,zapallo,Pack 5 un. Galletas Underfive Crackers Zapallo 30 g,3990,Online RM,Metropolitana,Santiago,2026-08-08,2026-08-08T00:25:51.544033
465dc0dbac95bfe6795093599137a397,jumbo,30,zapallo,Pouch Organ Vivo Zapallo Manzana Plátano 90 g,970,Online RM,Metropolitana,Santiago,2026-08-08,2026-08-08T00:25:51.544060
59db905ad7ac0ea83358cc0645b3c319,jumbo,31,zapallo,Chips de Arroz Tasty Snack Sabor Zapallo,2690,Online RM,Metropolitana,Santiago,2026-08-08,2026-08-08T00:25:51.544085
ddd8e9918c4324d2f835a938fdfe36c0,jumbo,32,zapallo,Semillas de Zapallo Mi Tierra 110 g,1890,Online RM,Metropolitana,Santiago,2026-08-08,2026-08-08T00:25:51.544111
274d093acf88713aa89253bdd1d1060e,jumbo,33,zapallo,Galleta de Arroz Baby Mum Mum Manzana Zapallo 1 un.,3750,Online RM,Metropolitana,Santiago,2026-08-08,2026-08-08T00:25:51.544136
4cfd575de3ce7253da94164648dee042,jumbo,34,zapallo,Pan Molde Fuchs Calabaza Nuez 600 g,3090,Online RM,Metropolitana,Santiago,2026-08-08,2026-08-08T00:25:51.544164
74d7fcb425eb70195d01e786c720ae43,jumbo,35,zapallo,Semilla de Zapallo 150 g,1930,Online RM,Metropolitana,Santiago,2026-08-08,2026-08-08T00:25:51.544193
04ddb3cfad29562586552c8bf7ecfc50,jumbo,36,zapallo,Puffs Kuna Foods Plátano Zapallo 50 g,3890,Online RM,Metropolitana,Santiago,2026-08-08,2026-08-08T00:25:51.544223
1d7e19fa64b4898d79ed389bb794e265,jumbo,37,zapallo,Puffs Kuna Foods Plátano Zapallo 10 g,990,Online RM,Metropolitana,Santiago,2026-08-08,2026-08-08T00:25:51.544253
172b29a6af7b622cf156100c5e92465a,jumbo,38,zapallo,Pan Crujiente Split Sin Gluten Zapallo 130 g,2890,Online RM,Metropolitana,Santiago,2026-08-08,2026-08-08T00:25:51.544283
c79e3bb421822590835a27533ad2729c,jumbo,39,zapallo,Confitura de Calabaza La Sazonería con Nuez 250 g,3817,Online RM,Metropolitana,Santiago,2026-08-08,2026-08-08T00:25:51.544310
c92e4a8d3d1edf56a91260bc5c854902,jumbo,40,zapallo,Galletas Perfect Choice Artisan Zapallo y Cranberries 130 g,3990,Online RM,Metropolitana,Santiago,2026-08-08,2026-08-08T00:25:51.544337
75c64558e01f8ae97fc3db7681134f5b,jumbo,1,zanahorias,Zanahoria Bolsa 1 kg,1290,Online RM,Metropolitana,Santiago,2026-08-08,2026-08-08T00:25:51.554502
2a5aa7bcfa08680fa58ce43bee4ae9c6,jumbo,2,zanahorias,Zanahoria Granel (3 a 4 un. Aprox),595,Online RM,Metropolitana,Santiago,2026-08-08,2026-08-08T00:25:51.554565
207252d94256f6f1c1cb8d4341320bb2,jumbo,3,zanahorias,Zanahorias Jugo 1 kg,1190,Online RM,Metropolitana,Santiago,2026-08-08,2026-08-08T00:25:51.554597
ef2a00c840db63eadc3cf438d5f707cd,jumbo,4,zanahorias,Zanahoria Bastón 200 g,1290,Online RM,Metropolitana,Santiago,2026-08-08,2026-08-08T00:25:51.554625
27fa388963150875fc1ae05050943eec,jumbo,5,zanahorias,Zanahoria Baby 454 g,5790,Online RM,Metropolitana,Santiago,2026-08-08,2026-08-08T00:25:51.554650
81a142ad82d5fd0571bdde56f869a2af,jumbo,6,zanahorias,Zanahoria Orgánica 6 un.,2190,Online RM,Metropolitana,Santiago,2026-08-08,2026-08-08T00:25:51.554675
56ed7eefbf2bd153512628e172966649,jumbo,7,zanahorias,Zanahoria en Juliana 300 g,1870,Online RM,Metropolitana,Santiago,2026-08-08,2026-08-08T00:25:51.554853
eddb4edfb2393a3ff53c060f831a19b4,jumbo,8,zanahorias,Apio y Zanahoria Básico 300 g,2930,Online RM,Metropolitana,Santiago,2026-08-08,2026-08-08T00:25:51.554881
9ba6d0a5f547dcf61d56df8cff74029c,jumbo,9,zanahorias,Zanahoria Orgánica Malla 1 kg,1590,Online RM,Metropolitana,Santiago,2026-08-08,2026-08-08T00:25:51.554906
2776f084a02a8ccb2e6455d5a5378638,jumbo,10,zanahorias,Ensalada Zanahoria 300 g,1990,Online RM,Metropolitana,Santiago,2026-08-08,2026-08-08T00:25:51.554931
8ec9daf393359241b2837f8916eef183,jumbo,11,zanahorias,Zanahoria Dole Corte Juliana 300 g,2190,Online RM,Metropolitana,Santiago,2026-08-08,2026-08-08T00:25:51.554955
9df8a1230030ab27594d6b42229dfccf,jumbo,12,zanahorias,Ensalada Repollo y Zanahoria 300 g,1870,Online RM,Metropolitana,Santiago,2026-08-08,2026-08-08T00:25:51.554980
caf39cba3d07047ccd1408a2c3ded916,jumbo,13,zanahorias,Ensalada Repollo y Zanahoria 300 g,1990,Online RM,Metropolitana,Santiago,2026-08-08,2026-08-08T00:25:51.555005
7bb9f7e96bf6bd48fa983b6e12b2b8b2,jumbo,14,zanahorias,Tortilla de Zanahoria Minuto Verde 350 g,3990,Online RM,Metropolitana,Santiago,2026-08-08,2026-08-08T00:25:51.555030
0172300c8642c9680e4c19f82ec98206,jumbo,15,zanahorias,Ensalada Dole Napolitana Repollo Blanco y Zanahoria 300 g,1990,Online RM,Metropolitana,Santiago,2026-08-08,2026-08-08T00:25:51.555054
ad0212a5e2b67ff5cf0c0aa9481071f7,jumbo,16,zanahorias,"Jugo Natural Prensado Bless 10 Frambuesa, Betarraga, Zanahoria y Manzana 1 L",6150,Online RM,Metropolitana,Santiago,2026-08-08,2026-08-08T00:25:51.555079
bb01c4daf58373f86af0af2add17782e,jumbo,17,zanahorias,Picado Naturnes Carne Papas Zanahoria y Espinaca 215 g,2650,Online RM,Metropolitana,Santiago,2026-08-08,2026-08-08T00:25:51.555104
ac66091dfc5a23ec9b9f87845e663fd9,jumbo,18,zanahorias,Zanahoria Juliana Orgánico 200 g,1990,Online RM,Metropolitana,Santiago,2026-08-08,2026-08-08T00:25:51.555128
a0f9c43ee05a82f110f78b80ae44ada1,jumbo,19,zanahorias,Compota Fruta & Veggies Naranja Zanahoria 120 g,1030,Online RM,Metropolitana,Santiago,2026-08-08,2026-08-08T00:25:51.555154
43185321e28859ea9ae4db218f32832c,jumbo,20,zanahorias,"Colado Orgánico Smiley Kids Manzana, Camote y Zanahoria 90 g",1230,Online RM,Metropolitana,Santiago,2026-08-08,2026-08-08T00:25:51.555180
99c89917ff9edd74346bf5f29ea4d44a,jumbo,21,zanahorias,Picado Naturnes Pollo Zanahoria Arroz 215 g,2650,Online RM,Metropolitana,Santiago,2026-08-08,2026-08-08T00:25:51.555205
9c1da5182811bc3c7ac6e6d1333b5976,jumbo,22,zanahorias,Jugo Fresco Zanahoria Naranja 300 ml,2390,Online RM,Metropolitana,Santiago,2026-08-08,2026-08-08T00:25:51.555228
4c47c75ef3874f3adb3516d9fe14e4ff,jumbo,23,zanahorias,Galleta Crisp Danvita Zanahorias 130 g,2890,Online RM,Metropolitana,Santiago,2026-08-08,2026-08-08T00:25:51.555253
c8deb3fe936e2b2a01d72fb1a83933c1,jumbo,24,zanahorias,"Torta Torta Bizcocho Zanahoria, Queso Crema y Nuez 15 Porciones",19990,Online RM,Metropolitana,Santiago,2026-08-08,2026-08-08T00:25:51.555277
f64ef79513e21e04219aba848f542b07,jumbo,25,zanahorias,Zanahoria Baby Dole 454 g,5890,Online RM,Metropolitana,Santiago,2026-08-08,2026-08-08T00:25:51.555301
dc5b816302d53fe0e9dd717999c07a3e,jumbo,26,zanahorias,"Chips Flip Papa, Camote, Zanahoria y Betarraga 140 g",3290,Online RM,Metropolitana,Santiago,2026-08-08,2026-08-08T00:25:51.555325
339d6617ebbb8c336e47c415c244a615,jumbo,27,zanahorias,Jugo Ama Time Manzana Zanahoria Betarraga 1 L,5990,Online RM,Metropolitana,Santiago,2026-08-08,2026-08-08T00:25:51.555349
47c21825f3f7b9817f77ac6d54aeaf0c,jumbo,28,zanahorias,Pan Proteínas Mestemacher Zanahoria 250 g,3390,Online RM,Metropolitana,Santiago,2026-08-08,2026-08-08T00:25:51.555375
5569d279d6fae820af5f9fa5c5a50eb8,jumbo,29,zanahorias,Ensalada Dole Napolitana Repollo Blanco y Zanahoria Dole 600 g,3190,Online RM,Metropolitana,Santiago,2026-08-08,2026-08-08T00:25:51.555400
e2a6667876885e92a0256f3dbbfeca93,jumbo,30,zanahorias,Picado Naturnes Carne Zanahoria Arroz 250 g,2810,Online RM,Metropolitana,Santiago,2026-08-08,2026-08-08T00:25:51.555425
6d2f5b6de9f142db24bdf3045b8a081e,jumbo,31,zanahorias,Muffin Zanahoria Nuez Blíster 2 un.,2390,Online RM,Metropolitana,Santiago,2026-08-08,2026-08-08T00:25:51.555449
bdce950a4ed5927cf5f6277b4b446ff0,jumbo,32,zanahorias,Jugo Fresco Watt's Naranja Zanahoria 1.6L,7490,Online RM,Metropolitana,Santiago,2026-08-08,2026-08-08T00:25:51.555474
5f3b53039944a41e17b53db2245a63a2,jumbo,33,zanahorias,Galletas Ecovida Biscuit Zanahoria Sin Azúcar 100 g,1670,Online RM,Metropolitana,Santiago,2026-08-08,2026-08-08T00:25:51.555499
c5adacaba521bc74f1ec11caaf330fbe,jumbo,34,zanahorias,Galleta Mini Ecovida Zanahoria Sin Azúcar 30 g,470,Online RM,Metropolitana,Santiago,2026-08-08,2026-08-08T00:25:51.555524
77d1b2427353084618d1ee4a8b350f69,jumbo,35,zanahorias,Galletas Ecovida Zanahoria Biscuits Sin Azúcar 145G,1850,Online RM,Metropolitana,Santiago,2026-08-08,2026-08-08T00:25:51.555564
cbef36e2ebc5de29bfec0cefcf8deb45,jumbo,36,zanahorias,"Chips Flip Camote, Zanahoria y Manzana 140 g",3290,Online RM,Metropolitana,Santiago,2026-08-08,2026-08-08T00:25:51.555589
bccc177b950fb378d71d20226d62a8a8,jumbo,37,zanahorias,Jugo Ama Orgánico Manzana Mango Zanahoria 200 cc,1040,Online RM,Metropolitana,Santiago,2026-08-08,2026-08-08T00:25:51.555613
c44c325a69f31fb9c93b39dee239cb12,jumbo,38,zanahorias,Jugo Fresco Betarraga Zanahoria Naranja 300 ml,2390,Online RM,Metropolitana,Santiago,2026-08-08,2026-08-08T00:25:51.555639
2aa461f664a9a7f49c5666fe12095bb5,jumbo,39,zanahorias,Sopa Zanahoria y Verduras La Potagere 250 ml 2 un.,2390,Online RM,Metropolitana,Santiago,2026-08-08,2026-08-08T00:25:51.555667
8fe7d030448a4d85a268769bd9828239,jumbo,40,zanahorias,Barra de Cereal Guallarauco Piña Naranja Zanahoria 6 un.,3290,Online RM,Metropolitana,Santiago,2026-08-08,2026-08-08T00:25:51.555693
324834305e76dda356e22668564a0853,jumbo,1,cebolla,Cebolla Malla 3 un.,1590,Online RM,Metropolitana,Santiago,2026-08-08,2026-08-08T00:25:51.560797
ab33c7153b217e549d237d4f08442c55,jumbo,2,cebolla,Cebolla Granel (1 a 2 un. Aprox),885,Online RM,Metropolitana,Santiago,2026-08-08,2026-08-08T00:25:51.560819
50e83d24ddb480919c2781c005a1a99f,jumbo,3,cebolla,Cebolla Picada Minuto Verde 250 g,1670,Online RM,Metropolitana,Santiago,2026-08-08,2026-08-08T00:25:51.560836
506fcb87dd01b37ad2a0f5df175835c8,jumbo,4,cebolla,Cebolla Malla 1 kg,1870,Online RM,Metropolitana,Santiago,2026-08-08,2026-08-08T00:25:51.560852
da86baae9368d5abeca91eec3653849c,jumbo,5,cebolla,Cebolla Morada Granel,995,Online RM,Metropolitana,Santiago,2026-08-08,2026-08-08T00:25:51.560868
b3fc13b79f101d872feac19a4bf87ca5,jumbo,6,cebolla,Cebolla Picada Congelada 250 g,990,Online RM,Metropolitana,Santiago,2026-08-08,2026-08-08T00:25:51.560883
9834974da2be8536f5e4d94278e41e32,jumbo,7,cebolla,Cebolla Morada 1 kg,1990,Online RM,Metropolitana,Santiago,2026-08-08,2026-08-08T00:25:51.560898
7d79d8fab5e2ded83c97a331d7efb968,jumbo,8,cebolla,Cebolla en Cubos Frutos del Maipo 150 g,990,Online RM,Metropolitana,Santiago,2026-08-08,2026-08-08T00:25:51.560937
4370d917dc4c46fce5c95a72641c4e88,jumbo,9,cebolla,Cebolla Morada En Pluma Frutos del Maipo 150 g,890,Online RM,Metropolitana,Santiago,2026-08-08,2026-08-08T00:25:51.560962
e1fd7955a474b48174508e9405f9c27b,jumbo,10,cebolla,Cebolla en Cubos Pote 200 g,2190,Online RM,Metropolitana,Santiago,2026-08-08,2026-08-08T00:25:51.560989
937079b11b0d16264fc5b578df3612e8,jumbo,11,cebolla,Cebolla Crujiente Ligeramente Salada 80 g,2490,Online RM,Metropolitana,Santiago,2026-08-08,2026-08-08T00:25:51.561013
9a8befdb632cfc3709ea8eedcc78bcf0,jumbo,12,cebolla,Cebolla Apanada Specia Doypack 100 g,1710,Online RM,Metropolitana,Santiago,2026-08-08,2026-08-08T00:25:51.561040
c0da655ab103d6e39f33448176d1e765,jumbo,13,cebolla,Anillos de Cebolla Cuisine & Co Tempura 400 g,2990,Online RM,Metropolitana,Santiago,2026-08-08,2026-08-08T00:25:51.561066
3d0f6e1a36d8fdc53b6f828bd521a037,jumbo,14,cebolla,Cebolla en Polvo Gourmet Sobre 15 g,510,Online RM,Metropolitana,Santiago,2026-08-08,2026-08-08T00:25:51.561091
b2654161815ab2dc5ce2d4032036ac4e,jumbo,15,cebolla,Cebolla Apanada Specia Tocino Doypack 100 g,1730,Online RM,Metropolitana,Santiago,2026-08-08,2026-08-08T00:25:51.561117
17c0ebc05b60049da8826db18b76e1b8,jumbo,16,cebolla,Cebolla Orgánica Malla 3 un.,1990,Online RM,Metropolitana,Santiago,2026-08-08,2026-08-08T00:25:51.561141
0c1f9b9c960490d50efcefbc5d039504,jumbo,17,cebolla,Cebolla Orgánica Malla 1 kg,2490,Online RM,Metropolitana,Santiago,2026-08-08,2026-08-08T00:25:51.561165
b9ad2a44559b2688fd867050e4a021af,jumbo,18,cebolla,Cebolla Orgánica 1 kg,2490,Online RM,Metropolitana,Santiago,2026-08-08,2026-08-08T00:25:51.561191
9d82ae23fce936ad11da509e393552b1,jumbo,19,cebolla,Cebolla Morada Orgánica Malla 1 kg,1990,Online RM,Metropolitana,Santiago,2026-08-08,2026-08-08T00:25:51.561218
d6518b8f9e7bd188d61cc72fbe6c505f,jumbo,20,cebolla,Cebolla Picada Badia 155 cc,6590,Online RM,Metropolitana,Santiago,2026-08-08,2026-08-08T00:25:51.561237
de54bcfb0dadcf5c6a15321bcfe31b4a,jumbo,21,cebolla,Cebolla Morada By María 400 g,5490,Online RM,Metropolitana,Santiago,2026-08-08,2026-08-08T00:25:51.561252
214114c96380f23ba815d937d8358946,jumbo,22,cebolla,Cebolla en Polvo Carmencita 196 g,5390,Online RM,Metropolitana,Santiago,2026-08-08,2026-08-08T00:25:51.561267
fccd62e6b2cb894250d4ff8782125f08,jumbo,23,cebolla,Cebolla Perla Kr Granel,880,Online RM,Metropolitana,Santiago,2026-08-08,2026-08-08T00:25:51.561282
6617718e0f5860f6f33ed8aadf1dc305,jumbo,24,cebolla,Cebolla Cubo Orgánico 200 g,2490,Online RM,Metropolitana,Santiago,2026-08-08,2026-08-08T00:25:51.561298
117e5444c09be07c24012d2139701ffe,jumbo,25,cebolla,Crutones Tribu Protein Cebolla 80 g,1990,Online RM,Metropolitana,Santiago,2026-08-08,2026-08-08T00:25:51.561312
ca225e18e961d9e83827d65673d7a3b0,jumbo,26,cebolla,Cebolla en Polvo Carmencita 38 g,2090,Online RM,Metropolitana,Santiago,2026-08-08,2026-08-08T00:25:51.561328
1fab7acf872426d84928940ef62e78c9,jumbo,27,cebolla,Cebolla en Polvo Badia 510 g,11750,Online RM,Metropolitana,Santiago,2026-08-08,2026-08-08T00:25:51.561343
c5d8d26d69797118ebceac9c508ef0bd,jumbo,28,cebolla,Cebollitas en Vinagre Don Juan 180 g drenado,1690,Online RM,Metropolitana,Santiago,2026-08-08,2026-08-08T00:25:51.561358
9742e66909d18338541e2fe80cebeef5,jumbo,29,cebolla,Cebolla Perla Traverso 200 g,1890,Online RM,Metropolitana,Santiago,2026-08-08,2026-08-08T00:25:51.561374
e113118d97b652613ac7934bf0ded913,jumbo,30,cebolla,Snack Ramitas Evercrisp Sabor Crema y Cebolla 250 g,2230,Online RM,Metropolitana,Santiago,2026-08-08,2026-08-08T00:25:51.561390
fa7a48e8e62b756b31be8877427bb7e8,jumbo,31,cebolla,Cebolla Trío Malla 3 un.,1870,Online RM,Metropolitana,Santiago,2026-08-08,2026-08-08T00:25:51.561406
4565cb9e10d2e5dbe308ed0e76056b64,jumbo,32,cebolla,Cebolla Blanca Malla 3 un.,1590,Online RM,Metropolitana,Santiago,2026-08-08,2026-08-08T00:25:51.561421
81711bf23c27d310538a62037ecfb0b4,jumbo,33,cebolla,Cebolla McCormick en Polvo 74 g,2390,Online RM,Metropolitana,Santiago,2026-08-08,2026-08-08T00:25:51.561436
d9d2921f78a06d39850772ecc6026305,jumbo,1,choclo congelado,Choclo Congelado en Grano 500 g,1890,Online RM,Metropolitana,Santiago,2026-08-08,2026-08-08T00:25:51.565161
78b1f81c31ac87889cb8f003bc9d8b18,jumbo,2,choclo congelado,Choclo Tierno La Crianza 400 g,2280,Online RM,Metropolitana,Santiago,2026-08-08,2026-08-08T00:25:51.565184
98ff33640b6eacba271ff7897454a076,jumbo,3,choclo congelado,Choclo Tierno Minuto Verde 400 g,2630,Online RM,Metropolitana,Santiago,2026-08-08,2026-08-08T00:25:51.565202
df940a5dba181af3f1eaca76afa7555e,jumbo,4,choclo congelado,Choclo Congelado Minuto Verde 100% Natural 500 g,1890,Online RM,Metropolitana,Santiago,2026-08-08,2026-08-08T00:25:51.565217
73db1a0ee6b05763ec114c58055487f9,jumbo,5,choclo congelado,Choclo en Trozos Frutos del Maipo 350 g,2770,Online RM,Metropolitana,Santiago,2026-08-08,2026-08-08T00:25:51.565233
5aed704f7c66f83e73eb3a0090b6d492,jumbo,6,choclo congelado,Choclo en Granos Frutos del Maipo 500 g,1750,Online RM,Metropolitana,Santiago,2026-08-08,2026-08-08T00:25:51.565249
4710f3c251ef6fd1c373dfa0adb2ae21,jumbo,7,choclo congelado,Choclo Trozo Minuto Verde 680 g,4990,Online RM,Metropolitana,Santiago,2026-08-08,2026-08-08T00:25:51.565266
81a76cf7725ed847bd84a6d6a01292c7,jumbo,8,choclo congelado,Choclo Peruano Minuto Verde 400 g,3730,Online RM,Metropolitana,Santiago,2026-08-08,2026-08-08T00:25:51.565283
01489e0e347ba956407a6ef8bdc125de,jumbo,9,choclo congelado,Choclo Grano Cuisine & Co 1 kg,3150,Online RM,Metropolitana,Santiago,2026-08-08,2026-08-08T00:25:51.565299
d81e3837c00222a8989202635e3092bd,jumbo,10,choclo congelado,Choclo Sabor Peruano 500 g,5150,Online RM,Metropolitana,Santiago,2026-08-08,2026-08-08T00:25:51.565316
e06ef4ed83f20fa722c37f94d4e6ffd1,jumbo,11,choclo congelado,Choclo Ribs Minuto Verde 370 g,3510,Online RM,Metropolitana,Santiago,2026-08-08,2026-08-08T00:25:51.565332
b044a1862e55647c9096c2e09e794a45,jumbo,1,papas 1kg,Papas Pre Fritas Cuisine & Co 1 kg,3190,Online RM,Metropolitana,Santiago,2026-08-08,2026-08-08T00:25:51.568636
9c22528bc966a14b5dce9d02de0ef843,jumbo,2,papas 1kg,Papas Crinkle Congeladas 1 kg,3190,Online RM,Metropolitana,Santiago,2026-08-08,2026-08-08T00:25:51.568672
0e41ca971bc76ba6bca14d6c21746de6,jumbo,3,papas 1kg,Papas Fritas Cuisine & Co Extra Fina Congeladas 1 kg,3190,Online RM,Metropolitana,Santiago,2026-08-08,2026-08-08T00:25:51.568703
1acee39423c93afbdfbfecc073e091bb,jumbo,4,papas 1kg,Papa Malla 2 kg,2590,Online RM,Metropolitana,Santiago,2026-08-08,2026-08-08T00:25:51.568732
5c9aa21b3a1aa6c8bfb6469a9d6fc6e1,jumbo,5,papas 1kg,Papas Souflé Malla 2 kg,2590,Online RM,Metropolitana,Santiago,2026-08-08,2026-08-08T00:25:51.568762
d5799429f9254aaede3e157c68849df4,jumbo,6,papas 1kg,Papa Granel,895,Online RM,Metropolitana,Santiago,2026-08-08,2026-08-08T00:25:51.568791
5a8e1389105fe8abce7dd03c1066f874,jumbo,7,papas 1kg,Papas Prefritas Frutos del Maipo 1 kg,4980,Online RM,Metropolitana,Santiago,2026-08-08,2026-08-08T00:25:51.568820
963d9ea6f62238d34db93a9d248f03db,jumbo,8,papas 1kg,Papas Pre Fritas Minuto Verde 1 kg,4980,Online RM,Metropolitana,Santiago,2026-08-08,2026-08-08T00:25:51.568849
2c78c5e37c2a2e4d792b156d47c8c134,jumbo,9,papas 1kg,Papa Baby 1 kg,2930,Online RM,Metropolitana,Santiago,2026-08-08,2026-08-08T00:25:51.568878
627ee7b2d2e2dc9169dd08a69212f1f3,jumbo,10,papas 1kg,Papa Malla 5 kg,6990,Online RM,Metropolitana,Santiago,2026-08-08,2026-08-08T00:25:51.568907
a2af92286f1347e117ed6cd5fa7ae154,jumbo,11,papas 1kg,Puré de Papas 1 kg,6650,Online RM,Metropolitana,Santiago,2026-08-08,2026-08-08T00:25:51.568938
85638408e3d89cb9e1c2418bc4262398,jumbo,12,papas 1kg,Papa Ox Malla 1.5 kg,3190,Online RM,Metropolitana,Santiago,2026-08-08,2026-08-08T00:25:51.568970
de0b62b320ece7bab35b4c7adf918f4d,jumbo,13,papas 1kg,Bolsa de Papas Mixtas 650 g,1990,Online RM,Metropolitana,Santiago,2026-08-08,2026-08-08T00:25:51.569001
01f4c4ac7403693185f9e00bea375261,jumbo,14,papas 1kg,Puré de Papas Hoffmann 1 kg,8890,Online RM,Metropolitana,Santiago,2026-08-08,2026-08-08T00:25:51.569032
116c93728918d46344825ea229c79645,jumbo,15,papas 1kg,Papas Duquesas Frutos del Maipo 1 kg,4980,Online RM,Metropolitana,Santiago,2026-08-08,2026-08-08T00:25:51.569061
281065bab8bab2eb5b58557fd7346cc5,jumbo,1,porotos secos,Porotos Tórtola Banquete 1 kg,4590,Online RM,Metropolitana,Santiago,2026-08-08,2026-08-08T00:25:51.572991
77c93faa3b6745dfcba342af347e1bb4,jumbo,2,porotos secos,Poroto Tórtola Cuisine & Co 500 g,2290,Online RM,Metropolitana,Santiago,2026-08-08,2026-08-08T00:25:51.573013
76bd0e15cdd8e1f62b2a35206d038168,jumbo,3,porotos secos,"Porotos Blancos Iansa Agro Listos 230 g drenado, 390 g neto",1190,Online RM,Metropolitana,Santiago,2026-08-08,2026-08-08T00:25:51.573030
42b743f0b32dc222cd1ab8d2fb2ec2f5,jumbo,4,porotos secos,Porotos Blancos Martini 500 g,2090,Online RM,Metropolitana,Santiago,2026-08-08,2026-08-08T00:25:51.573045
232c10b318d2719a3184f0a7d1d555a6,jumbo,5,porotos secos,"Porotos Blancos Cuisine & Co 230 g drenado, 390 g neto",1390,Online RM,Metropolitana,Santiago,2026-08-08,2026-08-08T00:25:51.573060
a0c594b6b10bab1e187694f8f52eae35,jumbo,6,porotos secos,"Porotos Negros Cuisine & Co 230 g drenado, 390 g neto",1390,Online RM,Metropolitana,Santiago,2026-08-08,2026-08-08T00:25:51.573075
f790190a3000257143b907a9ec389301,jumbo,7,porotos secos,Pistachos Sin Cáscara 100 g,4690,Online RM,Metropolitana,Santiago,2026-08-08,2026-08-08T00:25:51.573090
8af67d8046ce324fe4a6e2e9c812f6c5,jumbo,8,porotos secos,Mix Natural Tostado 700 g,6990,Online RM,Metropolitana,Santiago,2026-08-08,2026-08-08T00:25:51.573106
460f7b5119d8dc0daedd6ac652e0bdd0,jumbo,9,porotos secos,"Porotos Rojos Cuisine & Co 230 g drenado, 390 g neto",1390,Online RM,Metropolitana,Santiago,2026-08-08,2026-08-08T00:25:51.573120
447710d2403defcaeef16fa7639aa959,jumbo,10,porotos secos,Porotos Tórtola Cuisine & Co 1 kg,2790,Online RM,Metropolitana,Santiago,2026-08-08,2026-08-08T00:25:51.573136
b9932cfe0ec148eb893c759727b60dc9,jumbo,11,porotos secos,Porotos Negros Cuisine & Co 1 kg,1990,Online RM,Metropolitana,Santiago,2026-08-08,2026-08-08T00:25:51.573151
2d6514ceee4fc0a7c7f99a32ff5f8c65,jumbo,12,porotos secos,Mix Puro Nuts 700 g,8990,Online RM,Metropolitana,Santiago,2026-08-08,2026-08-08T00:25:51.573166
5db10a24968c037899efbbc941672796,jumbo,13,porotos secos,Porotos Blancos Wasil 230 g drenado,1280,Online RM,Metropolitana,Santiago,2026-08-08,2026-08-08T00:25:51.573181
bf5cd45c257d39d6999ccb68934d74fc,jumbo,14,porotos secos,Mix Ensaladas La Poruña 250 g,3640,Online RM,Metropolitana,Santiago,2026-08-08,2026-08-08T00:25:51.573196
6084ec9dbde48fdfae77eaee6cc99fa1,jumbo,15,porotos secos,Porotos Blancos Banquete 1 kg,3290,Online RM,Metropolitana,Santiago,2026-08-08,2026-08-08T00:25:51.573212
1a8383a4c8a7990f55fe4951cb0797d8,jumbo,16,porotos secos,Mix Frutos Secos y Semillas Surco 300 g,4290,Online RM,Metropolitana,Santiago,2026-08-08,2026-08-08T00:25:51.573227
667a1326056c54768065253d12ee2dd9,jumbo,17,porotos secos,Mix Desayuno La Poruña 250 g,3640,Online RM,Metropolitana,Santiago,2026-08-08,2026-08-08T00:25:51.573242
f29f822d7b1872a03cbd127383f58ccf,jumbo,18,porotos secos,Porotos Negros Wasil 230 g drenado,1290,Online RM,Metropolitana,Santiago,2026-08-08,2026-08-08T00:25:51.573257
2ac7ef604fc9f843df4f1b41b6b07a5b,jumbo,19,porotos secos,Pistacho Cuisine & Co con Cáscara 200 g,4990,Online RM,Metropolitana,Santiago,2026-08-08,2026-08-08T00:25:51.573272
fca06dbf55c0eccd38a14dd9321ffd37,jumbo,1,lentejas 1kg,Lentejas 6 mm Cuisine & Co 1 kg,2000,Online RM,Metropolitana,Santiago,2026-08-08,2026-08-08T00:25:51.576783
0024fcd9d219e1bd9e3bf2da4c52f9ef,jumbo,2,lentejas 1kg,Lentejas 4 mm Cuisine & Co 1 kg,2000,Online RM,Metropolitana,Santiago,2026-08-08,2026-08-08T00:25:51.576826
09678f24400b5f3c1a58291d3f7efbae,jumbo,3,lentejas 1kg,Lentejas 4 mm Iansa Agro 1 kg,2990,Online RM,Metropolitana,Santiago,2026-08-08,2026-08-08T00:25:51.576854
81a16a4d46f0a2a3d1153bd15111a58b,jumbo,4,lentejas 1kg,Lentejas 6 mm Iansa Agro 1 kg,2990,Online RM,Metropolitana,Santiago,2026-08-08,2026-08-08T00:25:51.576881
13f7edd01b2558d117b916b2aacc5521,jumbo,5,lentejas 1kg,Lentejas 5 mm Cuisine & Co 1 kg,2000,Online RM,Metropolitana,Santiago,2026-08-08,2026-08-08T00:25:51.576909
5d1818c6fdceaca1404a8d7f67b1bee3,jumbo,6,lentejas 1kg,Lentejas Cuisine & Co 6 mm 500 g,2290,Online RM,Metropolitana,Santiago,2026-08-08,2026-08-08T00:25:51.576938
dbc500886da36b9340579112ba5a3d05,jumbo,7,lentejas 1kg,Lentejas 5 mm Iansa Agro 1 kg,2990,Online RM,Metropolitana,Santiago,2026-08-08,2026-08-08T00:25:51.576967
d6a625aafff2f014df241d89f11a9be3,jumbo,8,lentejas 1kg,Lentejas Cuisine & Co 5 mm 500 g,2090,Online RM,Metropolitana,Santiago,2026-08-08,2026-08-08T00:25:51.576995
f1ab4d174c5fbba03c482fb597c2d20d,jumbo,9,lentejas 1kg,Lentejas Banquete 4 mm 1 kg,3990,Online RM,Metropolitana,Santiago,2026-08-08,2026-08-08T00:25:51.577024
05dd4d74dc3ea28dc9e76acdef9dd03e,jumbo,10,lentejas 1kg,Lentejas Banquete 6 mm 1 kg,2990,Online RM,Metropolitana,Santiago,2026-08-08,2026-08-08T00:25:51.577052
6b22eda36e8a082aed1417297451ba8d,jumbo,11,lentejas 1kg,Lentejas 6 mm Campo Lindo 1 kg,3890,Online RM,Metropolitana,Santiago,2026-08-08,2026-08-08T00:25:51.577081
b81fac503487dad379c649da2a5d926a,jumbo,12,lentejas 1kg,Lentejas Banquete 5 mm 1 kg,4290,Online RM,Metropolitana,Santiago,2026-08-08,2026-08-08T00:25:51.577109
b88255fcce10673b8cec5791a74e61eb,jumbo,13,lentejas 1kg,Lentejas 6 mm Máxima 1 kg,1990,Online RM,Metropolitana,Santiago,2026-08-08,2026-08-08T00:25:51.577137
d2369258ad3dec927e829dcdfc88bbd2,jumbo,14,lentejas 1kg,Lentejas 6 mm Martini Laird Grado 1 - 500 g,1930,Online RM,Metropolitana,Santiago,2026-08-08,2026-08-08T00:25:51.577166
847f667d0fca4284f5461d47738be656,jumbo,15,lentejas 1kg,Lentejón 7 mm Martini Laird Grado 1 - 500 g,1970,Online RM,Metropolitana,Santiago,2026-08-08,2026-08-08T00:25:51.577195
8f6af3f1c2e1c4fae7c6ac7b7f74416a,jumbo,16,lentejas 1kg,Lentejas Rojas Suk 500 g,3650,Online RM,Metropolitana,Santiago,2026-08-08,2026-08-08T00:25:51.577223
a981ee51d1e5da2f465818a2a2cc415d,jumbo,1,mani salado,Maní Salado Cuisine & Co 180 g,1330,Online RM,Metropolitana,Santiago,2026-08-08,2026-08-08T00:25:51.583348
1eee9bb22a2cef27be5ec583a7d54133,jumbo,2,mani salado,Maní Salado Marco Polo 150 g,1270,Online RM,Metropolitana,Santiago,2026-08-08,2026-08-08T00:25:51.583372
f76df92c1b46ead6b975a05dee0b85a9,jumbo,3,mani salado,Maní Salado Evercrisp 350 g,2490,Online RM,Metropolitana,Santiago,2026-08-08,2026-08-08T00:25:51.583390
259d1aa8071f82d4a77782fedbd2fdcc,jumbo,4,mani salado,Maní Sin Sal Evercrisp 160 g,1290,Online RM,Metropolitana,Santiago,2026-08-08,2026-08-08T00:25:51.583406
892d7f801d1da0a17760f75ad367d850,jumbo,5,mani salado,Maní Salado Marco Polo 380 g,2960,Online RM,Metropolitana,Santiago,2026-08-08,2026-08-08T00:25:51.583421
fd6e7893b8fdc1765209d291eef477b4,jumbo,6,mani salado,Surtido Salado Millantú 120 g,1890,Online RM,Metropolitana,Santiago,2026-08-08,2026-08-08T00:25:51.583436
d80a9a1f3e2083dad0e99a2653ac5b39,jumbo,7,mani salado,Maní con Miel Marco Polo 350 g,3070,Online RM,Metropolitana,Santiago,2026-08-08,2026-08-08T00:25:51.583451
4ab6b29fc83e92e46382cb56d415acc7,jumbo,8,mani salado,Maní Salado Sin Piel 500 g,3490,Online RM,Metropolitana,Santiago,2026-08-08,2026-08-08T00:25:51.583466
1001e1e0c206a9ff0bd74e7385e0e44a,jumbo,9,mani salado,Castañas de Cajú Saladas 80 g,1790,Online RM,Metropolitana,Santiago,2026-08-08,2026-08-08T00:25:51.583481
be7e0d5ee081f43f1e9f4833e13c3bbd,jumbo,10,mani salado,Maní con Sal de Mar Frutisa 150 g,1310,Online RM,Metropolitana,Santiago,2026-08-08,2026-08-08T00:25:51.583496
7b571754de09288454823a2045291ba8,jumbo,11,mani salado,Maní Tostado Sin Sal 700 g,3990,Online RM,Metropolitana,Santiago,2026-08-08,2026-08-08T00:25:51.583511
f12e73ed02cb7d6841148dab052f4c5c,jumbo,12,mani salado,Castañas de Cajú Millantú Saladas 80 g,2490,Online RM,Metropolitana,Santiago,2026-08-08,2026-08-08T00:25:51.583526
84beb4cb3e5915dae46d1ffa6567160b,jumbo,13,mani salado,Maní Tipo Japonés Maniax 200 g,2390,Online RM,Metropolitana,Santiago,2026-08-08,2026-08-08T00:25:51.583568
8673b80794ed6843bf58b1ee69bc1c47,jumbo,14,mani salado,Suflé Maní Cuisine & Co 250 g,1490,Online RM,Metropolitana,Santiago,2026-08-08,2026-08-08T00:25:51.583584
c37cc6f2f1d1eb13f04b7c83c5db52cf,jumbo,15,mani salado,Maní Sin Sal Marco Polo 150 g,1270,Online RM,Metropolitana,Santiago,2026-08-08,2026-08-08T00:25:51.583600
33852147eea9fe769d7e1859b508ed2c,jumbo,16,mani salado,Maní Salado con Piel 500 g,3490,Online RM,Metropolitana,Santiago,2026-08-08,2026-08-08T00:25:51.583614
e707d86ecd0de3fb09a8f4ae698c8293,jumbo,17,mani salado,Snacks Maní Salado Evercrisp 55 g,590,Online RM,Metropolitana,Santiago,2026-08-08,2026-08-08T00:25:51.583630
00334335963967f627e429ec5054d9ca,jumbo,18,mani salado,Almendras Millantú Saladas 80 g,2390,Online RM,Metropolitana,Santiago,2026-08-08,2026-08-08T00:25:51.583645
604cb6854f07a2287465a3e72f10a8d9,jumbo,19,mani salado,Castañas de Cajú Marco Polo Saladas 150 g,4590,Online RM,Metropolitana,Santiago,2026-08-08,2026-08-08T00:25:51.583660
ec53f92ad34caea5a0e3e2d280f117dd,jumbo,20,mani salado,Pistachos Salados Millantú 80 g,2690,Online RM,Metropolitana,Santiago,2026-08-08,2026-08-08T00:25:51.583680
04c3fb6dea64bbd2f9d0e5c1545e1869,jumbo,21,mani salado,Pistachos Salados Marco Polo 150 g,4390,Online RM,Metropolitana,Santiago,2026-08-08,2026-08-08T00:25:51.583708
901d577a22fe3ff952b14e7250494c76,jumbo,22,mani salado,Almendras Saladas Marco Polo 150 g,3070,Online RM,Metropolitana,Santiago,2026-08-08,2026-08-08T00:25:51.583733
95a51df445758a3f35e521801a646d30,jumbo,23,mani salado,Suflé Kuna Foods Bombas Maní 20 g,990,Online RM,Metropolitana,Santiago,2026-08-08,2026-08-08T00:25:51.583761
e3f6aa4d0f9efc91aeb37dae2c2c6a95,jumbo,24,mani salado,Maní Sin Sal Marco Polo 380 g,2960,Online RM,Metropolitana,Santiago,2026-08-08,2026-08-08T00:25:51.583782
e6b0f312f5ec8ef5c5f00ac7ff750b61,jumbo,25,mani salado,Castaña de Cajú Millantú Saladas 200 g,6990,Online RM,Metropolitana,Santiago,2026-08-08,2026-08-08T00:25:51.583810
d993e613b75673aab8cbf06b4e7fb92a,jumbo,26,mani salado,Castaña de Cajú Millantú Sin Sal 120 g,3650,Online RM,Metropolitana,Santiago,2026-08-08,2026-08-08T00:25:51.583838
8ac5910c7343a644b39e141104e9fb4a,jumbo,27,mani salado,Pistachos Sin Sal Millantú 100 g,3550,Online RM,Metropolitana,Santiago,2026-08-08,2026-08-08T00:25:51.584616
4da56549c397593de67ca9c3bcbe8b08,jumbo,28,mani salado,Surtido Sin Sal Millantú 200 g,4060,Online RM,Metropolitana,Santiago,2026-08-08,2026-08-08T00:25:51.584656
5559db80d489c13c24eb519f81c260e8,jumbo,29,mani salado,Pistachos Salados Millantú 150 g,5490,Online RM,Metropolitana,Santiago,2026-08-08,2026-08-08T00:25:51.584686
cc55009a484c3cf326e534f382f63aaa,jumbo,30,mani salado,Soufflé Purisnacks Crunchy Maní 140 g,3070,Online RM,Metropolitana,Santiago,2026-08-08,2026-08-08T00:25:51.584715
d6bd8dd6272b497e7be0f2ed5d79acdd,jumbo,31,mani salado,Suflé Kuna Foods Bombas Maní 100 g,3750,Online RM,Metropolitana,Santiago,2026-08-08,2026-08-08T00:25:51.584745
f3500bb5a732ed86e3ca9f64fde067be,jumbo,32,mani salado,Maní Sin Sal Evercrisp 350 g,2490,Online RM,Metropolitana,Santiago,2026-08-08,2026-08-08T00:25:51.584774
bb8eb5b141205e93f9c44fe7ae8dc2af,jumbo,33,mani salado,Pasta de Pistachos Manare 200 g,19990,Online RM,Metropolitana,Santiago,2026-08-08,2026-08-08T00:25:51.584804
4ded1565e53d45c1ed54eb8cd1e1f994,jumbo,34,mani salado,Maní Salado Evercrisp 160 g,1290,Online RM,Metropolitana,Santiago,2026-08-08,2026-08-08T00:25:51.584833
bb840f99720b0defddc39dbfd262c2d5,jumbo,35,mani salado,Maní Salado XL 430 g,2590,Online RM,Metropolitana,Santiago,2026-08-08,2026-08-08T00:25:51.584863
e2b94fc5f6a55a8cc8676a91f00de73e,jumbo,36,mani salado,Almendras Marco Polo Saladas 80 g,2190,Online RM,Metropolitana,Santiago,2026-08-08,2026-08-08T00:25:51.584891
ff52cbba73f776676496b27ec53fa0bf,jumbo,37,mani salado,Maní Evercrisp Sin Sal 140 g,1430,Online RM,Metropolitana,Santiago,2026-08-08,2026-08-08T00:25:51.584920
94cbae24b10734ada2ae165387a178c8,jumbo,38,mani salado,Maní Evercrisp Salado 140 g,1430,Online RM,Metropolitana,Santiago,2026-08-08,2026-08-08T00:25:51.584949
a0cd05ce76faa0dfa57f4c0bb8a9a2f2,jumbo,39,mani salado,Almendras Saladas Cuisine & Co 80 g,1790,Online RM,Metropolitana,Santiago,2026-08-08,2026-08-08T00:25:51.584978
cd25c534b6e69ca841942079e88b2803,jumbo,40,mani salado,Evercrisp Maní Sin Sal 380 g,2093,Online RM,Metropolitana,Santiago,2026-08-08,2026-08-08T00:25:51.585007
961caa596abd25c07685c064d3a5c417,jumbo,1,azucar 1kg,Azúcar Blanca Iansa 1 kg,1250,Online RM,Metropolitana,Santiago,2026-08-08,2026-08-08T00:25:51.588688
7e3ec928b3a38e9f339928c88a615fe8,jumbo,2,azucar 1kg,Azúcar Cuisine & Co Blanca Granulada 1 kg,1190,Online RM,Metropolitana,Santiago,2026-08-08,2026-08-08T00:25:51.588710
54b07f7b71e81a1d0c0ee9ee6a783faf,jumbo,3,azucar 1kg,Azúcar Rubia Iansa 1 kg,2390,Online RM,Metropolitana,Santiago,2026-08-08,2026-08-08T00:25:51.588727
dd0ad1fae90b179280b6960c82a4d866,jumbo,4,azucar 1kg,Azúcar Rubia Cuisine & Co 1 kg,2380,Online RM,Metropolitana,Santiago,2026-08-08,2026-08-08T00:25:51.588744
b3b78c72658576653113255279175787,jumbo,5,azucar 1kg,Azúcar Cuisine & Co 1.3 kg,1540,Online RM,Metropolitana,Santiago,2026-08-08,2026-08-08T00:25:51.588759
0585e36991d42472c3d2f8a79a48631b,jumbo,6,azucar 1kg,Azúcar Flor Cuisine & Co 500 g,1150,Online RM,Metropolitana,Santiago,2026-08-08,2026-08-08T00:25:51.588774
5a1522f4d11de91d4247d4c99b03b39e,jumbo,7,azucar 1kg,Azúcar Cuisine & Co 5 kg,5970,Online RM,Metropolitana,Santiago,2026-08-08,2026-08-08T00:25:51.588789
a7ff58e5521519322400d49412725a8a,jumbo,8,azucar 1kg,Azúcar Rubia Cuisine & Co 500 g,1190,Online RM,Metropolitana,Santiago,2026-08-08,2026-08-08T00:25:51.588804
94f41e493c994c629bcebffcd073c18c,jumbo,9,azucar 1kg,Azúcar Máxima 1 kg,890,Online RM,Metropolitana,Santiago,2026-08-08,2026-08-08T00:25:51.588819
ff8732793e4412ab4bdc6c4e0b420907,jumbo,10,azucar 1kg,Azúcar Flor Iansa 1 kg,2920,Online RM,Metropolitana,Santiago,2026-08-08,2026-08-08T00:25:51.588834
c8cc10f71a4515145cab962b6f1f5444,jumbo,11,azucar 1kg,Azúcar Blanca Iansa 5 kg,5990,Online RM,Metropolitana,Santiago,2026-08-08,2026-08-08T00:25:51.588849
d535cc925daf264d6acf0a2f0e178e7b,jumbo,12,azucar 1kg,Azúcar Uniao 1 kg,1420,Online RM,Metropolitana,Santiago,2026-08-08,2026-08-08T00:25:51.588864
93225def787dd2bda5503509469c1d71,jumbo,13,azucar 1kg,Azúcar Flor Iansa 500 g,1000,Online RM,Metropolitana,Santiago,2026-08-08,2026-08-08T00:25:51.588880
4a4a7eb314eca0d1be72cfe261045a1c,jumbo,14,azucar 1kg,Azúcar Blanca Iansa 900 g,1370,Online RM,Metropolitana,Santiago,2026-08-08,2026-08-08T00:25:51.588895
4e28bbc212ecb6453974b479c775b137,jumbo,15,azucar 1kg,Azúcar Blanca Iansa Doypack 3 kg,5150,Online RM,Metropolitana,Santiago,2026-08-08,2026-08-08T00:25:51.588911
101b4d11f3692427aaac8ebedffec7f4,jumbo,16,azucar 1kg,Azúcar Blanca Iansa 1.7 kg,2490,Online RM,Metropolitana,Santiago,2026-08-08,2026-08-08T00:25:51.588925
0b48f79845c1af603435088c42fb508e,jumbo,1,salsa de tomate,Salsa de Tomate Pomarola 200 g 6 un.,3350,Online RM,Metropolitana,Santiago,2026-08-08,2026-08-08T00:25:51.596625
88dbd190f092215c9d5ac04763688b98,jumbo,2,salsa de tomate,Salsa de Tomate Cuisine & Co Natural 200 g,690,Online RM,Metropolitana,Santiago,2026-08-08,2026-08-08T00:25:51.596660
d66aeb9e8f34ea6382cae00c4a1f8e00,jumbo,3,salsa de tomate,Salsa de Tomate Carozzi Toscana Boloñesa 200 g,960,Online RM,Metropolitana,Santiago,2026-08-08,2026-08-08T00:25:51.596689
fbc1d811c4d1a31d6523d87195da8e90,jumbo,4,salsa de tomate,Salsa de Tomates Talliani con Trozos 200 g,990,Online RM,Metropolitana,Santiago,2026-08-08,2026-08-08T00:25:51.596716
b07f484550efc27016b163bc624f11a8,jumbo,5,salsa de tomate,Salsa de Tomate Heinz Natural Doypack 200 g,980,Online RM,Metropolitana,Santiago,2026-08-08,2026-08-08T00:25:51.596743
66eda2e913dc02edcec24f8fd0763dae,jumbo,6,salsa de tomate,Pack 6 un. Salsa de Tomate Heinz Italiana Bolsa 1200 g,3690,Online RM,Metropolitana,Santiago,2026-08-08,2026-08-08T00:25:51.596770
e78100d4439b03ac50aa49ad12ae2002,jumbo,7,salsa de tomate,Pack Salsas de Tomate Italianas 200 ml 6 un.,3450,Online RM,Metropolitana,Santiago,2026-08-08,2026-08-08T00:25:51.596797
fef099eed0567df1452223334f0d75e9,jumbo,8,salsa de tomate,Salsa de Tomate Pomarola Casera 200 g,1010,Online RM,Metropolitana,Santiago,2026-08-08,2026-08-08T00:25:51.596824
cf2b1aea93b3afddb7e14601bde18e71,jumbo,9,salsa de tomate,Salsa de Tomate Maggi Tuco con Carne 245 g,1750,Online RM,Metropolitana,Santiago,2026-08-08,2026-08-08T00:25:51.596850
d2837c770c2a6a6c00703eb7b7e77be9,jumbo,10,salsa de tomate,Salsa de Tomate Basilico Barilla con Albahaca 400 g,4190,Online RM,Metropolitana,Santiago,2026-08-08,2026-08-08T00:25:51.596877
bc2c73c383b3860cdfd90a731b7274cb,jumbo,11,salsa de tomate,Salsa de Tomate Malloa Italiana 200 g 6 un.,4250,Online RM,Metropolitana,Santiago,2026-08-08,2026-08-08T00:25:51.596903
28c0b4b47351d4492580dd926546092f,jumbo,12,salsa de tomate,Salsa de Tomate Cuisine & Co Italiana 200 g,690,Online RM,Metropolitana,Santiago,2026-08-08,2026-08-08T00:25:51.596929
035694287072c9626b127d156d7dd4a2,jumbo,13,salsa de tomate,Passata Tostani Di Pomodoro 680 g,2870,Online RM,Metropolitana,Santiago,2026-08-08,2026-08-08T00:25:51.596955
bb92171422273e849c1bb149550536ca,jumbo,14,salsa de tomate,Salsa Passata Tetra Pak 200 g,1190,Online RM,Metropolitana,Santiago,2026-08-08,2026-08-08T00:25:51.596980
86995eb8d84177799c1807a09a5a64e7,jumbo,15,salsa de tomate,Salsa de Tomate Carozzi Toscana Al Pesto 200 g,1010,Online RM,Metropolitana,Santiago,2026-08-08,2026-08-08T00:25:51.597006
dc60a008598dca37e19883a522eb906b,jumbo,16,salsa de tomate,Salsa de Tomate Cuisine & Co Basilico 400 g,3790,Online RM,Metropolitana,Santiago,2026-08-08,2026-08-08T00:25:51.597032
875f51a248ba13f7a8b15861acc65c75,jumbo,17,salsa de tomate,Salsa de Tomate Cuisine & Co American Dream Tradicional 680 g,3490,Online RM,Metropolitana,Santiago,2026-08-08,2026-08-08T00:25:51.597058
e51255519f48af343abcc008d0aa65b3,jumbo,18,salsa de tomate,Salsa de Tomate Carozzi Toscana Arrabbiata 200 g,1010,Online RM,Metropolitana,Santiago,2026-08-08,2026-08-08T00:25:51.597084
626e3fb00b3d245b004a5143c91acd47,jumbo,19,salsa de tomate,Salsa de Tomate Italiana Barilla Napoletana 400 g,4190,Online RM,Metropolitana,Santiago,2026-08-08,2026-08-08T00:25:51.597110
85cee4001c49de01dd6f7b1043b8d2c8,jumbo,20,salsa de tomate,Salsa de Tomate Heinz Italiana Doypack 200 g,980,Online RM,Metropolitana,Santiago,2026-08-08,2026-08-08T00:25:51.597135
219387645a06eb74937d36cbd931e836,jumbo,21,salsa de tomate,Salsa de Tomates Lucchetti Natural Doypack 200 g,860,Online RM,Metropolitana,Santiago,2026-08-08,2026-08-08T00:25:51.597160
cf245c201a4cc37878c04c9fb8164e63,jumbo,22,salsa de tomate,Salsa de Tomate Cuisine & Co Napolitana 400 g,3790,Online RM,Metropolitana,Santiago,2026-08-08,2026-08-08T00:25:51.597186
f46edf9c344f8b36d639e3658ce1a97e,jumbo,23,salsa de tomate,Passata Tomate Bio Zentrale Orgánica,3990,Online RM,Metropolitana,Santiago,2026-08-08,2026-08-08T00:25:51.597211
e2d202f24bc576fe93632c048d5bb976,jumbo,24,salsa de tomate,Salsa de Tomate Pomarola Italiana 200 g,870,Online RM,Metropolitana,Santiago,2026-08-08,2026-08-08T00:25:51.597237
56f36d97e1331414d884ff192229de60,jumbo,25,salsa de tomate,Salsa de Tomate Cuisine & Co Oliva 200 g,830,Online RM,Metropolitana,Santiago,2026-08-08,2026-08-08T00:25:51.597263
e58f0b0535b50d9ec2d1339b5e27a4b9,jumbo,26,salsa de tomate,Salsa Lista Pomodoro 340 g,1290,Online RM,Metropolitana,Santiago,2026-08-08,2026-08-08T00:25:51.597288
057eb83ab09f03881f0bb45779a36a8c,jumbo,27,salsa de tomate,Salsa de Tomate Cuisine & Co American Dream con Albahaca y Ajo 680 g,3490,Online RM,Metropolitana,Santiago,2026-08-08,2026-08-08T00:25:51.597314
845f59e9ffee7ecc2368b5e8016f7be7,jumbo,28,salsa de tomate,Salsa de Tomates Lucchetti Italiana Pack 6 un.,3990,Online RM,Metropolitana,Santiago,2026-08-08,2026-08-08T00:25:51.597336
1930179b9fa2c5c1fa384a907ca812eb,jumbo,29,salsa de tomate,Salsa de Tomate Malloa Italiana 200 g,950,Online RM,Metropolitana,Santiago,2026-08-08,2026-08-08T00:25:51.597352
b57d00e96165af4e7384b33dc44bcd26,jumbo,30,salsa de tomate,Salsa de Tomate Cuisine & Co American Dream con Champiñones 680 g,3490,Online RM,Metropolitana,Santiago,2026-08-08,2026-08-08T00:25:51.597366
358d15f94059ee2cd2c2028b43d47967,jumbo,31,salsa de tomate,Salsa Italian Talliani Doypack 200 g,880,Online RM,Metropolitana,Santiago,2026-08-08,2026-08-08T00:25:51.597382
79fd9bd301f0945c0fad189247fca21e,jumbo,32,salsa de tomate,Salsa de Tomate Cuisine & Co Boloñesa 200 g,850,Online RM,Metropolitana,Santiago,2026-08-08,2026-08-08T00:25:51.597397
28e0d742f06f843e88448fe31171dc65,jumbo,33,salsa de tomate,Salsa de Tomate Mutti con Albahaca 400 g,4990,Online RM,Metropolitana,Santiago,2026-08-08,2026-08-08T00:25:51.597412
ae2273a24c6c21fee6489f010c862220,jumbo,34,salsa de tomate,Salsa de Tomate Maggi Tuco Sabor Albahaca 245 g,1750,Online RM,Metropolitana,Santiago,2026-08-08,2026-08-08T00:25:51.597427
da77559057c36a4a45196dee310f1019,jumbo,35,salsa de tomate,Salsa de Tomate Cuisine & Co Arrabiata 400 g,3790,Online RM,Metropolitana,Santiago,2026-08-08,2026-08-08T00:25:51.597441
5f654074baa68e62e4d5733a67749de7,jumbo,36,salsa de tomate,Salsa de Tomate Mutti con Parmiggiano 00 g,4990,Online RM,Metropolitana,Santiago,2026-08-08,2026-08-08T00:25:51.597456
c6b30775a1c1a78ca8536c37bb2bd17c,jumbo,37,salsa de tomate,Passata Verace Cirio 700 g,3360,Online RM,Metropolitana,Santiago,2026-08-08,2026-08-08T00:25:51.597470
c963c757aefa31b11fd0ea87fd371cb5,jumbo,38,salsa de tomate,Salsa de Tomate Pomarola Italiana 800 g,3030,Online RM,Metropolitana,Santiago,2026-08-08,2026-08-08T00:25:51.597485
1f62fc8ec0138697b5df20144212b345,jumbo,39,salsa de tomate,Salsa de Tomate Cuisine & Co American Dream Marinara 680 g,3490,Online RM,Metropolitana,Santiago,2026-08-08,2026-08-08T00:25:51.597500
56d323ae135b960be592fbb28e90be42,jumbo,40,salsa de tomate,Salsa de Tomates Lucchetti Italiana Doypack 200 g,860,Online RM,Metropolitana,Santiago,2026-08-08,2026-08-08T00:25:51.597514
56cda6d6657310cec74e5ae9c5d116fa,jumbo,1,sal de mesa,Sal Lobos Fina de Mesa Pote 850 g,1860,Online RM,Metropolitana,Santiago,2026-08-08,2026-08-08T00:25:51.600786
eff0e4de1cbc3d0a0c72a9b912277765,jumbo,2,sal de mesa,Sal Lobos Fina 1 kg,680,Online RM,Metropolitana,Santiago,2026-08-08,2026-08-08T00:25:51.600807
8a152a42a762437bd980de40ce30fd46,jumbo,3,sal de mesa,Sal Fina Cuisine & Co 1 kg,490,Online RM,Metropolitana,Santiago,2026-08-08,2026-08-08T00:25:51.600824
791c09d5d54918e406ac97ef70fa445b,jumbo,4,sal de mesa,Sal Lobos de Selección Yodada Frasco 500 g,1650,Online RM,Metropolitana,Santiago,2026-08-08,2026-08-08T00:25:51.600841
df9fda3c4a92b88d9cef9978b309f6c3,jumbo,5,sal de mesa,Sal Lobos de Selección Yodada 125 g,720,Online RM,Metropolitana,Santiago,2026-08-08,2026-08-08T00:25:51.600856
a9a863ca69551932c5ca70e2fab3fda2,jumbo,6,sal de mesa,Salero Cuisine & Co 250 g,660,Online RM,Metropolitana,Santiago,2026-08-08,2026-08-08T00:25:51.600871
c7a2e06bc44a27339b3b6d113a1fe05a,jumbo,7,sal de mesa,Sal de Mar Fina Cuisine & Co 1 kg,990,Online RM,Metropolitana,Santiago,2026-08-08,2026-08-08T00:25:51.600887
e464fefb388fa75564008ce2f57630fc,jumbo,8,sal de mesa,Sal Lobos Fina Yodada Doypack 1 kg,1090,Online RM,Metropolitana,Santiago,2026-08-08,2026-08-08T00:25:51.600903
ebab57e8c2301f0771c794453cf6381c,jumbo,9,sal de mesa,Molinillo La Hacienda Sal/Pimienta,14990,Online RM,Metropolitana,Santiago,2026-08-08,2026-08-08T00:25:51.600919
544b142b17cd70918739289078d346a6,jumbo,10,sal de mesa,Sal de Mar Lobos Entrefina 800 g,2350,Online RM,Metropolitana,Santiago,2026-08-08,2026-08-08T00:25:51.600936
a5c52affc113b724ba29ea12dfaae645,jumbo,11,sal de mesa,Sal Fina Cuisine & Co 1 kg,840,Online RM,Metropolitana,Santiago,2026-08-08,2026-08-08T00:25:51.600951
3de30ba0850c693dce3318e41041b7b4,jumbo,12,sal de mesa,Sal Parrillera Cuisine & Co 750 g,1200,Online RM,Metropolitana,Santiago,2026-08-08,2026-08-08T00:25:51.600967
1776d614fc7171eb7dd4439648bde489,jumbo,13,sal de mesa,Sal Parrillera Lobos Yodada Frasco 750 g,1870,Online RM,Metropolitana,Santiago,2026-08-08,2026-08-08T00:25:51.600983
58e1baff50ee5c919a9d91f30cb74d37,jumbo,14,sal de mesa,Salero Lobos Sal de Mar 500 g,1790,Online RM,Metropolitana,Santiago,2026-08-08,2026-08-08T00:25:51.600997
3c664b0396dd9b1dffb9e69848a09fb8,jumbo,15,sal de mesa,Salsero Porcelana,2443,Online RM,Metropolitana,Santiago,2026-08-08,2026-08-08T00:25:51.601013
a4a295fac5b7d11b0327eefbb69f5235,jumbo,16,sal de mesa,Salero Biosal Light 125 g,1590,Online RM,Metropolitana,Santiago,2026-08-08,2026-08-08T00:25:51.601030
fc171c2af6aa4aee85235227265f41fd,jumbo,17,sal de mesa,Salero Vidrio Emboss,2793,Online RM,Metropolitana,Santiago,2026-08-08,2026-08-08T00:25:51.601046
43a9be484def5a73b6be805dd78ad69a,jumbo,1,mayonesa,Mayonesa Kraft Real Mayo Regular Frasco 789 g,7270,Online RM,Metropolitana,Santiago,2026-08-08,2026-08-08T00:25:51.610089
85cc6db083857ab22dcaf771e4c0340f,jumbo,2,mayonesa,Mayonesa Kraft MayoDeli Doypack 850 g,4150,Online RM,Metropolitana,Santiago,2026-08-08,2026-08-08T00:25:51.610125
aa23585342494e96f5af785243948280,jumbo,3,mayonesa,Mayonesa Hellmann's Frasco Spicy 380 g,3490,Online RM,Metropolitana,Santiago,2026-08-08,2026-08-08T00:25:51.610155
de0c96da2d0ec2fbb5c1f323e21be6fe,jumbo,4,mayonesa,Mayonesa Hellmann's Supreme Artesana Frasco 735 g,5190,Online RM,Metropolitana,Santiago,2026-08-08,2026-08-08T00:25:51.610184
f7f2610c77160176ad8d94018020b44e,jumbo,5,mayonesa,Mayonesa Kraft Real Mayo Regular Frasco 394 g,4990,Online RM,Metropolitana,Santiago,2026-08-08,2026-08-08T00:25:51.610211
d4dc5baaa34e2447f704d9854f3edc8f,jumbo,6,mayonesa,Mayonesa Kraft Real Mayo Regular Squeeze 578 g,7270,Online RM,Metropolitana,Santiago,2026-08-08,2026-08-08T00:25:51.610239
7e4e9018f72e59d8799348c6545e2158,jumbo,7,mayonesa,Mayonesa Hellmann's Doypack 800 g,2990,Online RM,Metropolitana,Santiago,2026-08-08,2026-08-08T00:25:51.610265
e123a865721e33821082e335602e0771,jumbo,8,mayonesa,Mayonesa Hellmann's Supreme Deli Doypack 650 g,3150,Online RM,Metropolitana,Santiago,2026-08-08,2026-08-08T00:25:51.610293
b8d9825b78470a8a79501daef3e4cf78,jumbo,9,mayonesa,Mayonesa Hellmann's Supreme Squeeze 330 g,3750,Online RM,Metropolitana,Santiago,2026-08-08,2026-08-08T00:25:51.610322
8905625da5a7a7c787aa28cc0f2e3c73,jumbo,10,mayonesa,Mayonesa Tradicional 800 g,3740,Online RM,Metropolitana,Santiago,2026-08-08,2026-08-08T00:25:51.610350
462ae41baf106b5cf9082badb31bd2b1,jumbo,11,mayonesa,Mayonesa Hellmann's Light Doypack 630 g,3000,Online RM,Metropolitana,Santiago,2026-08-08,2026-08-08T00:25:51.610378
8e53878602c0a94ae45f41810403a5ec,jumbo,12,mayonesa,Mayonesa Hellmann's Bacon Squeeze 335 g,2890,Online RM,Metropolitana,Santiago,2026-08-08,2026-08-08T00:25:51.610405
81a244befb1e7455c2d1c97a6d37b98d,jumbo,13,mayonesa,Mayonesa Cuisine & Co American Dream Americana 789 g,5032,Online RM,Metropolitana,Santiago,2026-08-08,2026-08-08T00:25:51.610431
066409244d0e6ef7ee76add69512ac10,jumbo,14,mayonesa,Mayonesa Light Cuisine 950 g,2990,Online RM,Metropolitana,Santiago,2026-08-08,2026-08-08T00:25:51.610457
55f3c6c3d4b3defd49cb40df510d9ce1,jumbo,15,mayonesa,Mayonesa Tradicional 400 g,1990,Online RM,Metropolitana,Santiago,2026-08-08,2026-08-08T00:25:51.610483
5fe38402867693851df12835e4ce377c,jumbo,16,mayonesa,Mayonesa Hellmann's Regular Doypack 630 g,3320,Online RM,Metropolitana,Santiago,2026-08-08,2026-08-08T00:25:51.610509
4fcf1e3dd4eaf3a480f028d2fadb8092,jumbo,17,mayonesa,Mayonesa Gourmet 300 g,4290,Online RM,Metropolitana,Santiago,2026-08-08,2026-08-08T00:25:51.610556
060e3908e1c5b1b16a00b933dad819fa,jumbo,18,mayonesa,Mayonesa Regular 950 g,2990,Online RM,Metropolitana,Santiago,2026-08-08,2026-08-08T00:25:51.610581
2db040167cdb13490c671f5be8f7cfdd,jumbo,19,mayonesa,Mayonesa Casera Ybarra Sin Gluten y Sin Lactosa 426 g,3990,Online RM,Metropolitana,Santiago,2026-08-08,2026-08-08T00:25:51.610608
89d3c15dde87a80716405fb0571a4764,jumbo,20,mayonesa,Mayonesa Cuisine & Co American Dream Americana 527 g,4472,Online RM,Metropolitana,Santiago,2026-08-08,2026-08-08T00:25:51.610636
53e65f78fd0db7e9f0bee85d297b2d16,jumbo,21,mayonesa,Mayonesa Hellmann's Sachet 93 g,1090,Online RM,Metropolitana,Santiago,2026-08-08,2026-08-08T00:25:51.610662
633273eeb3fc50167992786626c61c1d,jumbo,22,mayonesa,Pack 2 un. Mayonesa Kraft Real Mayo Regular 1.58 kg,12490,Online RM,Metropolitana,Santiago,2026-08-08,2026-08-08T00:25:51.610687
569672b729748b062cfe1b7914bc0254,jumbo,23,mayonesa,Mayonesa Kraft MayoDeli Doypack 350 g,2790,Online RM,Metropolitana,Santiago,2026-08-08,2026-08-08T00:25:51.610713
9f4895f6773961689bb4cf6eb3f6c9ea,jumbo,24,mayonesa,Mayonesa Kraft Real Mayo Regular Squeeze 315 g,4990,Online RM,Metropolitana,Santiago,2026-08-08,2026-08-08T00:25:51.610739
9fdd7cde224f60831b139d6d5e84d7ab,jumbo,25,mayonesa,Mayonesa Hellmann's Doypack 1 kg,4590,Online RM,Metropolitana,Santiago,2026-08-08,2026-08-08T00:25:51.610773
fd9ac4f9556ceb3ff5dde623993b68fd,jumbo,26,mayonesa,Mayonesa Regular 760 g,3640,Online RM,Metropolitana,Santiago,2026-08-08,2026-08-08T00:25:51.610799
4370d7b06cb95ff1273030176529f99c,jumbo,27,mayonesa,Mayonesa Ybarra Light Sin Gluten y Sin Lactosa 445 g,3990,Online RM,Metropolitana,Santiago,2026-08-08,2026-08-08T00:25:51.610824
7d11fde4078a26a449f3ad89183bf292,jumbo,28,mayonesa,Mayonesa Kraft Real Mayo Regular Squeeze 656 g,7890,Online RM,Metropolitana,Santiago,2026-08-08,2026-08-08T00:25:51.610849
b2481f52a3fecea247c20ebb147ef4ec,jumbo,29,mayonesa,Mayonesa McCormick Limón 290 g,3990,Online RM,Metropolitana,Santiago,2026-08-08,2026-08-08T00:25:51.610875
521b0daa0e89cdbcaad987db2ebd8980,jumbo,30,mayonesa,Mayonesa Hellmann's Supreme Artesana Frasco 380 g,4390,Online RM,Metropolitana,Santiago,2026-08-08,2026-08-08T00:25:51.610900
da708faca1b201e57e0b8faa0e08c240,jumbo,31,mayonesa,Mayonesa Kraft Real Mayo Regular Squeeze 1.2 kg,11190,Online RM,Metropolitana,Santiago,2026-08-08,2026-08-08T00:25:51.610926
10ab75138eb0de2810b75b5d304741df,jumbo,32,mayonesa,Mayonesa Hellmann's Frasco 780 g,3890,Online RM,Metropolitana,Santiago,2026-08-08,2026-08-08T00:25:51.610952
02b24fdc18bc3cb47600fc83c03c7c2c,jumbo,33,mayonesa,Mayonesa Kraft MayoDeli Doypack 650 g,3990,Online RM,Metropolitana,Santiago,2026-08-08,2026-08-08T00:25:51.610978
51cb40fa7325bdbb2aec114e7d846b54,jumbo,34,mayonesa,Mayonesa Alacena 475 g,5790,Online RM,Metropolitana,Santiago,2026-08-08,2026-08-08T00:25:51.611005
75d9d70646920b1d0c55650ad85d370a,jumbo,35,mayonesa,Pack 2 un. Mayonesa Hellmann's Supreme Artesana Frasco 735 g,9490,Online RM,Metropolitana,Santiago,2026-08-08,2026-08-08T00:25:51.611031
eb7eb8857980b77bac4277f4f1024a19,jumbo,36,mayonesa,Mayonesa con Ajo Chovi 820 cc,7390,Online RM,Metropolitana,Santiago,2026-08-08,2026-08-08T00:25:51.611056
82b20a7bb2219f1c882fa9656ce8a89d,jumbo,37,mayonesa,Mayonesa Kraft MayoDeli Doypack 1.1  kg,4390,Online RM,Metropolitana,Santiago,2026-08-08,2026-08-08T00:25:51.611083
a7b46f9d019b93b321116645479014e4,jumbo,38,mayonesa,Mayonesa Hellmann's Churrasco Squeeze 335 g,2890,Online RM,Metropolitana,Santiago,2026-08-08,2026-08-08T00:25:51.611108
20771e1588f7890ade20b26af87a6d9b,jumbo,39,mayonesa,Mayonesa Hellmann's Regular Doypack 372 g,2860,Online RM,Metropolitana,Santiago,2026-08-08,2026-08-08T00:25:51.611133
d28e4d673b938303d738b69b5c437c22,jumbo,40,mayonesa,Mayonesa Casera Traverso Vintage 425 g,3650,Online RM,Metropolitana,Santiago,2026-08-08,2026-08-08T00:25:51.611158
c4c9c252097c806abc53912c9f85a1fe,jumbo,1,cafe instantaneo,Café Instantáneo Cuisine & Co 150 g,3990,Online RM,Metropolitana,Santiago,2026-08-08,2026-08-08T00:25:51.617616
818c68682b423ecf2f8ba695105d9708,jumbo,2,cafe instantaneo,Café Instantáneo Nescafé Tradición Tarro 170 g,8990,Online RM,Metropolitana,Santiago,2026-08-08,2026-08-08T00:25:51.617648
d3180bcb6b7d2e07d1c27626c9dfb051,jumbo,3,cafe instantaneo,Café Gold Premier Clásico Frasco 170 g,6790,Online RM,Metropolitana,Santiago,2026-08-08,2026-08-08T00:25:51.617665
74b38a251192032984eed7492b1e6e42,jumbo,4,cafe instantaneo,Café Gold Dark Roast 170 g,7490,Online RM,Metropolitana,Santiago,2026-08-08,2026-08-08T00:25:51.617681
4208f2bbdfd9a8f8e71f32ea66aa9c5d,jumbo,5,cafe instantaneo,Café Liofilizado Nescafé Fina Selección Frasco 200 g,10790,Online RM,Metropolitana,Santiago,2026-08-08,2026-08-08T00:25:51.617703
8b5639e4a24891a8d9b83d49e6e53f31,jumbo,6,cafe instantaneo,Café Liofilizado Marley Coffee Wake Up & Live 100 g,8830,Online RM,Metropolitana,Santiago,2026-08-08,2026-08-08T00:25:51.617733
7210402be96574714c1339472198463a,jumbo,7,cafe instantaneo,Café Liofilizado Cuisine & Co 190 g,8632,Online RM,Metropolitana,Santiago,2026-08-08,2026-08-08T00:25:51.617759
bfe3ca7adfa499b784ccdf5d4fb07fcc,jumbo,8,cafe instantaneo,Café Marley Coffee Wakeup & Live Guatemala 100 g,8830,Online RM,Metropolitana,Santiago,2026-08-08,2026-08-08T00:25:51.617785
7e31cf6429bb33ae6400c2d1bd0a5b3e,jumbo,9,cafe instantaneo,Café Gold Premier Liofilizado 170 g,10990,Online RM,Metropolitana,Santiago,2026-08-08,2026-08-08T00:25:51.617812
9d145095b765af91b4fcd900dffcc1ba,jumbo,10,cafe instantaneo,Café Gold Primera Selección 170 g,8190,Online RM,Metropolitana,Santiago,2026-08-08,2026-08-08T00:25:51.617838
77ef02fe566f887519170e59b1623be8,jumbo,11,cafe instantaneo,Café Instantáneo Nescafé Tradición Tarro 50 g,3140,Online RM,Metropolitana,Santiago,2026-08-08,2026-08-08T00:25:51.617864
196f257b4d003527f43f7c72b3be1f20,jumbo,12,cafe instantaneo,Café Liofilizado Nescafé Fina Selección Doypack 140 g,8470,Online RM,Metropolitana,Santiago,2026-08-08,2026-08-08T00:25:51.617889
0376d2910876691770b476e4b0949fd4,jumbo,13,cafe instantaneo,Café Instantáneo Nescafé Tradición Tarro 310 g,17190,Online RM,Metropolitana,Santiago,2026-08-08,2026-08-08T00:25:51.617915
57e41a2038686fad3dd5e048e698428e,jumbo,14,cafe instantaneo,Café Lavazza Prontissimo Intenso 95 g,9590,Online RM,Metropolitana,Santiago,2026-08-08,2026-08-08T00:25:51.617940
e9b1cc429c0e4a45987303b6d601e88b,jumbo,15,cafe instantaneo,Café Liofilizado Cuisine & Co 100 g,7990,Online RM,Metropolitana,Santiago,2026-08-08,2026-08-08T00:25:51.617966
44810123bbf9b15e30fd9235326c1863,jumbo,16,cafe instantaneo,Café Liofilizado Atacama Dinámico 100 g,10690,Online RM,Metropolitana,Santiago,2026-08-08,2026-08-08T00:25:51.617992
259813ee938fca282fed7594bc1f0f11,jumbo,17,cafe instantaneo,Café Juan Valdez Liofilizado Instantáneo 95 g,16690,Online RM,Metropolitana,Santiago,2026-08-08,2026-08-08T00:25:51.618018
174865f0de3c33c4bc88e4d46fbac3da,jumbo,18,cafe instantaneo,Café Instantáneo Nescafé Cappuccino Mixes 112 g (8 un. x 14g),4500,Online RM,Metropolitana,Santiago,2026-08-08,2026-08-08T00:25:51.618044
a5aca9df52b2e3bb9b2c169faef94788,jumbo,19,cafe instantaneo,Café Jacobs Krönung 200 g,16390,Online RM,Metropolitana,Santiago,2026-08-08,2026-08-08T00:25:51.618069
8b99af44b50fcb40415cd6694029c5e2,jumbo,20,cafe instantaneo,Café Monterrey Clásico 170 g,5820,Online RM,Metropolitana,Santiago,2026-08-08,2026-08-08T00:25:51.618094
c916247b14b2fe6286747cbf644a7269,jumbo,21,cafe instantaneo,Café Instantáneo Nescafé Vainilla Latte Mixes 148 g (8 un. x 18.5 g),4500,Online RM,Metropolitana,Santiago,2026-08-08,2026-08-08T00:25:51.618120
7393fb0d02996049371417a52eadd39e,jumbo,22,cafe instantaneo,Café Liofilizado Cruzeiro 170 g,8930,Online RM,Metropolitana,Santiago,2026-08-08,2026-08-08T00:25:51.618274
c6f0d16b75fcf72c9a4272bac1427091,jumbo,23,cafe instantaneo,Café Instantáneo Nescafé Dolca Tarro 170 g,5810,Online RM,Metropolitana,Santiago,2026-08-08,2026-08-08T00:25:51.618302
a68fe76c5d3b3190c48b8dfab5e8b4ca,jumbo,24,cafe instantaneo,Café Liofilizado Nescafé Fina Selección Colombia Frasco 100 g,11690,Online RM,Metropolitana,Santiago,2026-08-08,2026-08-08T00:25:51.618329
e08ef948b941237307c0a3f0ec677605,jumbo,25,cafe instantaneo,Café Instantáneo Nescafé Doble Choca Moka Mixes 184 g (8 un. x 23g),4500,Online RM,Metropolitana,Santiago,2026-08-08,2026-08-08T00:25:51.618355
b379069abbb06d5a7819b9f1c44c8c97,jumbo,26,cafe instantaneo,Café Juan Valdez Liofilizado Instantáneo 50 g,10790,Online RM,Metropolitana,Santiago,2026-08-08,2026-08-08T00:25:51.618382
ddd83123cb1eff6a63560334e17f7ce7,jumbo,27,cafe instantaneo,Nescafé Fina Selección 200 g + Mug,13490,Online RM,Metropolitana,Santiago,2026-08-08,2026-08-08T00:25:51.618408
40e7fac598869232cbe5408d767599a0,jumbo,28,cafe instantaneo,Café Liofilizado Nescafé Fina Selección Frasco 50 g,4610,Online RM,Metropolitana,Santiago,2026-08-08,2026-08-08T00:25:51.618435
98617340b03c55734d3522e5151192e4,jumbo,29,cafe instantaneo,Café Liofilizado Nescafé Fina Selección Caramelo Frasco 95 g,10390,Online RM,Metropolitana,Santiago,2026-08-08,2026-08-08T00:25:51.618461
161eebe0d8d47feac855906a2b1490ac,jumbo,30,cafe instantaneo,Café Instantáneo Nescafé Caramelo Latte Mixes 144 g (8 un. x 18g),3990,Online RM,Metropolitana,Santiago,2026-08-08,2026-08-08T00:25:51.618488
be7f62d825b933fb130b5fa4516ebcea,jumbo,31,cafe instantaneo,Café Liofilizado Nescafé Fina Selección Espresso Frasco 100 g,11690,Online RM,Metropolitana,Santiago,2026-08-08,2026-08-08T00:25:51.618514
5250042ca955832082c0a58f9ccc29bd,jumbo,32,cafe instantaneo,Café Instantáneo Illy 100 g,14490,Online RM,Metropolitana,Santiago,2026-08-08,2026-08-08T00:25:51.618559
e84da6c98abd84dcf7cedab9fc4c092e,jumbo,33,cafe instantaneo,Café Instantáneo Juan Valdez Liofilizado 150 g,25990,Online RM,Metropolitana,Santiago,2026-08-08,2026-08-08T00:25:51.618588
c329a853eab4fb9e4c8b24de8160b04d,jumbo,34,cafe instantaneo,Café Instantáneo Starbucks Mocha 88 g 4 un.,4280,Online RM,Metropolitana,Santiago,2026-08-08,2026-08-08T00:25:51.618614
1d16e77c10392e3b1036cd4b269ff14e,jumbo,35,cafe instantaneo,Café Liofilizado Jacobs Cronat Gold 100 g,9250,Online RM,Metropolitana,Santiago,2026-08-08,2026-08-08T00:25:51.618639
becee28b74ae4c96fc19b8848415b701,jumbo,36,cafe instantaneo,Café Revitta Coffit Protein 300 g,12890,Online RM,Metropolitana,Santiago,2026-08-08,2026-08-08T00:25:51.618664
15fee1ddef7d5f9f651a8d0eaaac8219,jumbo,37,cafe instantaneo,Café Gold Primera Selección 100 g,3990,Online RM,Metropolitana,Santiago,2026-08-08,2026-08-08T00:25:51.618699
eba89421eb2f27254735a9a90149895b,jumbo,38,cafe instantaneo,Café Liofilizado Cruzeiro 50 g,3650,Online RM,Metropolitana,Santiago,2026-08-08,2026-08-08T00:25:51.618727
9009403c95d64cce1ed73ef26377fa7a,jumbo,39,cafe instantaneo,Café Liofilizado Nescafé Fina Selección Alta Rica Frasco 100 g,11690,Online RM,Metropolitana,Santiago,2026-08-08,2026-08-08T00:25:51.618754
ba412c23dc7787d4e5504265e089c8ee,jumbo,40,cafe instantaneo,Café Juan Valdez Liofilizado Doypack 250 g,30190,Online RM,Metropolitana,Santiago,2026-08-08,2026-08-08T00:25:51.618783
0613903a761ec8877fd9218af1a2980b,jumbo,1,te ceylan,Té Ceylán Supremo Premium 200 g 100 un.,4790,Online RM,Metropolitana,Santiago,2026-08-08,2026-08-08T00:25:51.626196
67948116261faebbd69d8e8fc2a9a0eb,jumbo,2,te ceylan,Té en Hojas Superior Ceylán Bolsa 500 g,5064,Online RM,Metropolitana,Santiago,2026-08-08,2026-08-08T00:25:51.626233
694eb466ed829af43c1fa0845917fa70,jumbo,3,te ceylan,Té Club Premium Sobre Envoltura 100 un.,3458,Online RM,Metropolitana,Santiago,2026-08-08,2026-08-08T00:25:51.626261
dcb2633cdad40e241be95fe7b229aa3c,jumbo,4,te ceylan,Té Ceylán Mildred Tea Caja 200 g 100 un.,2690,Online RM,Metropolitana,Santiago,2026-08-08,2026-08-08T00:25:51.626290
045e6f90ff077cacf4dcb6cfeceefd1b,jumbo,5,te ceylan,Té Ceylán Mildred Tea Bolsa 250 g,2990,Online RM,Metropolitana,Santiago,2026-08-08,2026-08-08T00:25:51.626318
9e2b8d523c020ece035207b5db729347,jumbo,6,te ceylan,Té Negro Ceylon Dilmah Premium 100 un.,7060,Online RM,Metropolitana,Santiago,2026-08-08,2026-08-08T00:25:51.626346
7d809c16cde43e096e491fa0a35a3721,jumbo,7,te ceylan,Té en Hojas Superior Ceylán Bolsa 250 g,2896,Online RM,Metropolitana,Santiago,2026-08-08,2026-08-08T00:25:51.626373
4c0182c2124cc1fe75ad2f7c7d4ca2b2,jumbo,8,te ceylan,Té Ceylán Supremo en Hojas Bolsa 250 g,4030,Online RM,Metropolitana,Santiago,2026-08-08,2026-08-08T00:25:51.626399
4778d46242b625f6e5fa5ea61896dda3,jumbo,9,te ceylan,Té Ceylán Supremo Express Caja 200 g 100 un.,3290,Online RM,Metropolitana,Santiago,2026-08-08,2026-08-08T00:25:51.626425
f0cb6c0465005c0b3f3288b2dfb703b2,jumbo,10,te ceylan,Té Ceylán Supremo Premium Doble Cámara Caja 40 g 20 un.,1640,Online RM,Metropolitana,Santiago,2026-08-08,2026-08-08T00:25:51.626451
e5266343c5cc5a8770fd19ce5e7296d1,jumbo,11,te ceylan,Té Ceylán Supremo Mystic 50 un.,2490,Online RM,Metropolitana,Santiago,2026-08-08,2026-08-08T00:25:51.626477
ee6d647498a085247690aca1eae4a25c,jumbo,12,te ceylan,Té Ceylán Supremo Oro 50 un.,1930,Online RM,Metropolitana,Santiago,2026-08-08,2026-08-08T00:25:51.626504
d498a2938efa010bd1166c66ab9e2d59,jumbo,13,te ceylan,Té Supremo Granel Lata Edición 150 Años,6190,Online RM,Metropolitana,Santiago,2026-08-08,2026-08-08T00:25:51.626548
74177251f21d4f569f7ffb28837b6502,jumbo,14,te ceylan,Té Ceylán Supremo Línea Oro Caja 200 g 100 un.,4430,Online RM,Metropolitana,Santiago,2026-08-08,2026-08-08T00:25:51.626575
40a23ef10a681abc617962a308075cf6,jumbo,15,te ceylan,Té Negro Lipton Yellow Label 100 un.,6650,Online RM,Metropolitana,Santiago,2026-08-08,2026-08-08T00:25:51.626602
50a2ee60380520009415adeb31365d81,jumbo,16,te ceylan,Té Ceylán Teefix 100 un. Caja 200 g,5400,Online RM,Metropolitana,Santiago,2026-08-08,2026-08-08T00:25:51.626628
90eaa1ce468d2420ed51a2f5640011d0,jumbo,17,te ceylan,Té en Hojas Sir Winston Tea Ceylán en Bolsa 250 g,5450,Online RM,Metropolitana,Santiago,2026-08-08,2026-08-08T00:25:51.626654
ec8cc50daa161c897d935e1281f9695e,jumbo,18,te ceylan,Té Negro Supremo Premium 100 g 50 un.,3050,Online RM,Metropolitana,Santiago,2026-08-08,2026-08-08T00:25:51.626682
5ade192f6ad4be1b92073145bc9161dc,jumbo,19,te ceylan,Té Negro Twinings English Breakfast 80 un.,7992,Online RM,Metropolitana,Santiago,2026-08-08,2026-08-08T00:25:51.626708
e48482e255afde8190275a075f7a0d7d,jumbo,20,te ceylan,Té Ceylán Canela Supremo Aromatizado Caja 40 g 20 un.,1930,Online RM,Metropolitana,Santiago,2026-08-08,2026-08-08T00:25:51.626734
298bacb370ea4d2dae32af2c52230148,jumbo,21,te ceylan,Té Ceylán Mildred Tea Caja 40 g 20 un.,1090,Online RM,Metropolitana,Santiago,2026-08-08,2026-08-08T00:25:51.626760
1d574f04352bef882bd8f2425569743a,jumbo,22,te ceylan,Té Negro Orgánico Marley Coffee Earl Grey 12 un.,3690,Online RM,Metropolitana,Santiago,2026-08-08,2026-08-08T00:25:51.626785
31402d6ed2ecdcea788684f725d48fd5,jumbo,23,te ceylan,Té Negro Ceylon Dilmah Premium 20 un.,2700,Online RM,Metropolitana,Santiago,2026-08-08,2026-08-08T00:25:51.626810
8c0851a16d8d9dda731fef82103e69de,jumbo,24,te ceylan,Té Ceylon Ahmad 10 un.,2190,Online RM,Metropolitana,Santiago,2026-08-08,2026-08-08T00:25:51.626837
6dc8b7f352efaa5bbdd56213e45df4fc,jumbo,25,te ceylan,Té Negro Emblem Tea Ceylon Blend Original 100 un.,2456,Online RM,Metropolitana,Santiago,2026-08-08,2026-08-08T00:25:51.626862
aa96a3caa7ddb08b77352451c758f24e,jumbo,26,te ceylan,Té Ceylán Supremo Mystic 80 un.,3190,Online RM,Metropolitana,Santiago,2026-08-08,2026-08-08T00:25:51.626890
eb8d6ed25710612cbfd56061d5bb70c4,jumbo,27,te ceylan,Té Club Classic Sobre Envoltura 80 un.,2590,Online RM,Metropolitana,Santiago,2026-08-08,2026-08-08T00:25:51.626918
05c89231a98873257c08e42fe6c6ebeb,jumbo,28,te ceylan,Té Club Exclusive Sobre Envoltura 80 un.,3688,Online RM,Metropolitana,Santiago,2026-08-08,2026-08-08T00:25:51.626945
ef0dfc7cd94ce44790cc9d1de8a58744,jumbo,29,te ceylan,Té Ahmad English Tea N°1 40 g,4990,Online RM,Metropolitana,Santiago,2026-08-08,2026-08-08T00:25:51.626978
5c2f7244f341cdace937264900f0d4b6,jumbo,30,te ceylan,Té Supremo English Breakfast 20 un.,2360,Online RM,Metropolitana,Santiago,2026-08-08,2026-08-08T00:25:51.627005
38671b12992fe7229b6a7a1b5bb22c27,jumbo,31,te ceylan,Té Lipton Royal 100 un.,7870,Online RM,Metropolitana,Santiago,2026-08-08,2026-08-08T00:25:51.627032
e66af6da9cc166575ff71ac891c7f8be,jumbo,32,te ceylan,Té Negro Twinings English Breakfast 25 un.,5192,Online RM,Metropolitana,Santiago,2026-08-08,2026-08-08T00:25:51.627061
e162f0f6afc76e0418c80e71ed7d21b3,jumbo,33,te ceylan,Té Earl Grey Supremo Caja 40 g 20 un.,2360,Online RM,Metropolitana,Santiago,2026-08-08,2026-08-08T00:25:51.627092
d8cd7cd2adcec384332244c4a614c37f,jumbo,34,te ceylan,Té English Breakfast Twinings 50 un.,8730,Online RM,Metropolitana,Santiago,2026-08-08,2026-08-08T00:25:51.627121
7d917d3c3044892e3b1d1a88b71b6f34,jumbo,35,te ceylan,Té Ceylon Dilmah Sustentable 80 un.,4568,Online RM,Metropolitana,Santiago,2026-08-08,2026-08-08T00:25:51.627151
9d39ae57b84f85caed1c7e5ad1d35401,jumbo,36,te ceylan,Té Negro Twinings English Breakfast 10 un.,3510,Online RM,Metropolitana,Santiago,2026-08-08,2026-08-08T00:25:51.627180
ce9cec1593376cc1ee034a6591442094,jumbo,37,te ceylan,Té Earl Grey English Tea Shop 15 un.,4490,Online RM,Metropolitana,Santiago,2026-08-08,2026-08-08T00:25:51.627208
bf3259fb60f3ed84b5ee5d2a6a2b1b0f,jumbo,38,te ceylan,Té Negro Twinings Pure Ceylon 10 un.,3430,Online RM,Metropolitana,Santiago,2026-08-08,2026-08-08T00:25:51.627236
9a7c8876b8791e57783d561e710158c4,jumbo,39,te ceylan,Té Negro Twinings Prince Of Wales 10 un.,3510,Online RM,Metropolitana,Santiago,2026-08-08,2026-08-08T00:25:51.627265
41cc3ccb292ccd2de762975a72a03ae8,jumbo,40,te ceylan,Té Lipton Royal 50 un.,4390,Online RM,Metropolitana,Santiago,2026-08-08,2026-08-08T00:25:51.627293
dcfa929b9ae915141f7dfc21ac9e0749,jumbo,1,agua mineral 1.5l,Agua Manantial con Gas 1.5 L,1030,Online RM,Metropolitana,Santiago,2026-08-08,2026-08-08T00:25:51.632107
fdd5d9827844e31ad06f9133e4cbbc47,jumbo,2,agua mineral 1.5l,Agua Mineral Porvenir Gasificada 1.5 L,1550,Online RM,Metropolitana,Santiago,2026-08-08,2026-08-08T00:25:51.632129
718ad818d8a7d99bf3bafe03da94c5fa,jumbo,3,agua mineral 1.5l,Agua Mineral Porvenir Sin Gas 1.5 L,1550,Online RM,Metropolitana,Santiago,2026-08-08,2026-08-08T00:25:51.632146
20c89987f320a3a39cffd5365c93ca76,jumbo,4,agua mineral 1.5l,Agua Mineral Solán de Cabras Sin Gas 1.5 L,2190,Online RM,Metropolitana,Santiago,2026-08-08,2026-08-08T00:25:51.632161
f69bc4066a8d24890eb282e1fad8a46f,jumbo,5,agua mineral 1.5l,Agua Evian 1.5 L,2792,Online RM,Metropolitana,Santiago,2026-08-08,2026-08-08T00:25:51.632176
7fcb5b2530db94ed20ab38de062e9246,jumbo,6,agua mineral 1.5l,Agua Manantial Sin Gas 1.5 L,1030,Online RM,Metropolitana,Santiago,2026-08-08,2026-08-08T00:25:51.632191
38148e303289f8f96fd603a28bf4e143,jumbo,7,agua mineral 1.5l,Agua Rizola Sin Gas 1.5 L,890,Online RM,Metropolitana,Santiago,2026-08-08,2026-08-08T00:25:51.632206
40588bb612993cb473d7ab4476abe7e6,jumbo,8,agua mineral 1.5l,Agua Rizola Frambuesa Gasificada 1.5 L,1350,Online RM,Metropolitana,Santiago,2026-08-08,2026-08-08T00:25:51.632222
2b822db31825f761d98ceb775d4c61ac,jumbo,9,agua mineral 1.5l,Agua Rizola Limón Gasificada 1.5 L,1350,Online RM,Metropolitana,Santiago,2026-08-08,2026-08-08T00:25:51.632237
4cfd07cb71603c6a74a5c6146d9c0c33,jumbo,10,agua mineral 1.5l,Agua Mineral Puyehue Sin Gas 1.5 L,1190,Online RM,Metropolitana,Santiago,2026-08-08,2026-08-08T00:25:51.632252
f2313af12def2da0f09ee856ea69bf23,jumbo,11,agua mineral 1.5l,Agua Mineral Puyehue Gasificada 1.5 L,1190,Online RM,Metropolitana,Santiago,2026-08-08,2026-08-08T00:25:51.632267
94639ed37aa0060011d38ef5660f7f18,jumbo,12,agua mineral 1.5l,Agua Mineral Puyehue Light Gasificada 1.5 L,1190,Online RM,Metropolitana,Santiago,2026-08-08,2026-08-08T00:25:51.632284
f194ff0162cacbd433e9cb659e842f98,jumbo,13,agua mineral 1.5l,Agua Rizola Gasificada 1.5 L,890,Online RM,Metropolitana,Santiago,2026-08-08,2026-08-08T00:25:51.632299
ac961a38a6f96c1e292bd9e310ccdbec,jumbo,14,agua mineral 1.5l,Agua Mineral Summus Natural Gasificada 1.5 L,1590,Online RM,Metropolitana,Santiago,2026-08-08,2026-08-08T00:25:51.632314
eddf4f73aa5f01acf86ab5908c6d532c,jumbo,15,agua mineral 1.5l,Agua Mineral Summus Natural Sin Gas 1.5 L,1590,Online RM,Metropolitana,Santiago,2026-08-08,2026-08-08T00:25:51.632329
88972be47d285e75f8dadbc82ae1eea0,jumbo,1,bebida cola 2l,Bebida Coca Cola retornable 2 L + Envase,2050,Online RM,Metropolitana,Santiago,2026-08-08,2026-08-08T00:25:51.635956
a0129fd71d216a814817888f9d7fa521,jumbo,2,bebida cola 2l,Bebida Coca-Cola Original 1.5 L,2290,Online RM,Metropolitana,Santiago,2026-08-08,2026-08-08T00:25:51.635993
c9a731bd6880cb90de8a79d1d7a39fd7,jumbo,3,bebida cola 2l,Bebida Coca-Cola Original 3 L,3450,Online RM,Metropolitana,Santiago,2026-08-08,2026-08-08T00:25:51.636023
50afaa576f5eab98b63226e63b1b7620,jumbo,4,bebida cola 2l,Bebida Coca-Cola sin azúcar retornable 2 L + Envase,2050,Online RM,Metropolitana,Santiago,2026-08-08,2026-08-08T00:25:51.636053
b2db3c4d72a799102259cd3e2cbcf966,jumbo,5,bebida cola 2l,Bebida Cola Cola Light retornable 2 L + Envase,2050,Online RM,Metropolitana,Santiago,2026-08-08,2026-08-08T00:25:51.636080
2157945ea163d542ebd5e7902165f1f7,jumbo,6,bebida cola 2l,Bebida Coca-Cola Zero 3 L,3450,Online RM,Metropolitana,Santiago,2026-08-08,2026-08-08T00:25:51.636110
92215ab3e68db01b92b890e28dd4c9af,jumbo,7,bebida cola 2l,Bebida Coca Cola retornable 3 L + Envase,2690,Online RM,Metropolitana,Santiago,2026-08-08,2026-08-08T00:25:51.636139
ac0c5cec30aa3af65dc2d3a3c13ba1bb,jumbo,8,bebida cola 2l,Pack Bebida Coca-Cola Zero 3 L + Sprite Zero 3 L,5490,Online RM,Metropolitana,Santiago,2026-08-08,2026-08-08T00:25:51.636174
7559503236a740e998453b6edf185224,jumbo,1,jugo nectar 1.5l,Néctar Watt's Durazno 0% Azúcar Añadida 1.5 L,1970,Online RM,Metropolitana,Santiago,2026-08-08,2026-08-08T00:25:51.642898
5ff00b123410815b64aba37934948902,jumbo,2,jugo nectar 1.5l,Néctar Watt's Piña 0% Azúcar Añadida 1.5 L,2050,Online RM,Metropolitana,Santiago,2026-08-08,2026-08-08T00:25:51.642932
c825bfb1c199f9289e765a64a1a89704,jumbo,3,jugo nectar 1.5l,Néctar Watt's Naranja Sin Azúcar Añadida 1.5 L,1970,Online RM,Metropolitana,Santiago,2026-08-08,2026-08-08T00:25:51.642960
b565bc67468a578e9096e1f55dd1f20e,jumbo,4,jugo nectar 1.5l,Néctar Watt's Durazno 1.5 L,1970,Online RM,Metropolitana,Santiago,2026-08-08,2026-08-08T00:25:51.642987
b07fcb6b90409b58fda414874c600a3d,jumbo,5,jugo nectar 1.5l,Néctar Watt's 0% Azúcar Añadida Mango 1.5 L,2050,Online RM,Metropolitana,Santiago,2026-08-08,2026-08-08T00:25:51.643014
7456d48106c176b47e572c7855dcd252,jumbo,6,jugo nectar 1.5l,Néctar Watt's Tuti Frutilla 1.5 L,2050,Online RM,Metropolitana,Santiago,2026-08-08,2026-08-08T00:25:51.643040
857bc84ae3dca5ea915fae00eb6f3c62,jumbo,7,jugo nectar 1.5l,Néctar Watt's Piña 1.5 L,1970,Online RM,Metropolitana,Santiago,2026-08-08,2026-08-08T00:25:51.643067
58753bf43e2dd984ba6cb001ce1062f5,jumbo,8,jugo nectar 1.5l,Néctar Watt's Naranja 1.5 L,1970,Online RM,Metropolitana,Santiago,2026-08-08,2026-08-08T00:25:51.643092
9ada285f761a8eb52c17082c262d0823,jumbo,9,jugo nectar 1.5l,Néctar Watt's Manzana Boca Ancha 1.5 L,1970,Online RM,Metropolitana,Santiago,2026-08-08,2026-08-08T00:25:51.643118
1cefb7c2829809f5263dbb21bad4a037,jumbo,10,jugo nectar 1.5l,Néctar Watt's Maracuyá 1.5 L,2050,Online RM,Metropolitana,Santiago,2026-08-08,2026-08-08T00:25:51.643143
633a55be31727763838acb64add5343a,jumbo,11,jugo nectar 1.5l,Néctar Watt's Tutti Arándano 1.5 L,2050,Online RM,Metropolitana,Santiago,2026-08-08,2026-08-08T00:25:51.643168
9c24aba19d635c4a68a9ae8d7a2b0a02,jumbo,12,jugo nectar 1.5l,Jugo Exprimido Watt's Naranja 1.5 L,8990,Online RM,Metropolitana,Santiago,2026-08-08,2026-08-08T00:25:51.643193
6fffc287c72035a6db084384b9b7835a,jumbo,13,jugo nectar 1.5l,Néctar Watt's Damasco 1.5 L,1970,Online RM,Metropolitana,Santiago,2026-08-08,2026-08-08T00:25:51.643218
0fa05fa3cbe96f62c13264bffd21aaca,jumbo,14,jugo nectar 1.5l,Néctar Watt's Naranja-Plátano 1.5 L,2050,Online RM,Metropolitana,Santiago,2026-08-08,2026-08-08T00:25:51.643244
2e83e3c49b6055b964363b98fe67cb93,jumbo,15,jugo nectar 1.5l,Néctar Livean Manzana 1.5 L,2520,Online RM,Metropolitana,Santiago,2026-08-08,2026-08-08T00:25:51.643269
33a8c1e0a1354d0bc0d8918abd082288,jumbo,16,jugo nectar 1.5l,Néctar Watt's Naranja Manzana 1.5 L,2050,Online RM,Metropolitana,Santiago,2026-08-08,2026-08-08T00:25:51.643295
76dc7648d4d38fffccbd251f089eb960,jumbo,17,jugo nectar 1.5l,Néctar del Valle Durazno 0% Azúcar Añadida 1.5 L,1790,Online RM,Metropolitana,Santiago,2026-08-08,2026-08-08T00:25:51.643320
cc123b3a4a45cfc34fe3f0eebb1fa87d,jumbo,18,jugo nectar 1.5l,Néctar Watt's Tutti Kiwi 1.5 L,2050,Online RM,Metropolitana,Santiago,2026-08-08,2026-08-08T00:25:51.643346
5ca615e91fb80fb345bdb8d69f411675,jumbo,19,jugo nectar 1.5l,Néctar Livean Arándano 1.5 L,2520,Online RM,Metropolitana,Santiago,2026-08-08,2026-08-08T00:25:51.643371
e778e427d507ab8af8936e4d2c872bfc,jumbo,20,jugo nectar 1.5l,Néctar Multi-Frutilla 1.5 L,1790,Online RM,Metropolitana,Santiago,2026-08-08,2026-08-08T00:25:51.643396
a99bb5647c43dc4e9f6d01f52cf1683b,jumbo,21,jugo nectar 1.5l,Néctar del Valle Naranja 0% Azúcar Añadida 1.5 L,1790,Online RM,Metropolitana,Santiago,2026-08-08,2026-08-08T00:25:51.643424
30add092098ce115c9fa7e3a14d8385a,jumbo,22,jugo nectar 1.5l,Néctar Natural Maqui Cranberry Maqui Light Gas 1.5 L,4390,Online RM,Metropolitana,Santiago,2026-08-08,2026-08-08T00:25:51.643452
749de9e3d4b60b6d2523e40f2cf13ba3,jumbo,23,jugo nectar 1.5l,Néctar del Valle Piña 0% Azúcar Añadida 1.5 L,1790,Online RM,Metropolitana,Santiago,2026-08-08,2026-08-08T00:25:51.643479
c4fe5e665a09b5f0f579850dab658a8b,jumbo,24,jugo nectar 1.5l,Néctar Livean Durazno 1.5 L,2520,Online RM,Metropolitana,Santiago,2026-08-08,2026-08-08T00:25:51.643506
6f5699e8c2f40b500de5885edf9311ce,jumbo,25,jugo nectar 1.5l,Néctar Livean Naranja 1.5 L,2520,Online RM,Metropolitana,Santiago,2026-08-08,2026-08-08T00:25:51.643552
c62638e5864346acb6ca42de19f423ed,jumbo,26,jugo nectar 1.5l,Néctar del Valle Durazno 1.5 L,1790,Online RM,Metropolitana,Santiago,2026-08-08,2026-08-08T00:25:51.643584
e509f3da4b504aecf449b4a262b5fc0d,jumbo,27,jugo nectar 1.5l,Néctar Livean Piña 1.5 L,2520,Online RM,Metropolitana,Santiago,2026-08-08,2026-08-08T00:25:51.643611
c22c5dbf4285429ecd2612d52399f350,jumbo,28,jugo nectar 1.5l,Néctar del Valle Naranja 1.5 L,1790,Online RM,Metropolitana,Santiago,2026-08-08,2026-08-08T00:25:51.643637
3093a1f026de998f2e1559d4b4db9d85,jumbo,29,jugo nectar 1.5l,Néctar Natural Maqui Arándano-Naranja 1.5 L,4390,Online RM,Metropolitana,Santiago,2026-08-08,2026-08-08T00:25:51.643665
41558bbb33697ccc7f385b9ff119b0a3,jumbo,30,jugo nectar 1.5l,Néctar del Valle Kiwi 0% Azúcar Añadida 1.5 L,1790,Online RM,Metropolitana,Santiago,2026-08-08,2026-08-08T00:25:51.643695
a42c1537f763a35e89ec662bd64ab48b,jumbo,31,jugo nectar 1.5l,Néctar del Valle Piña 1.5 L,1790,Online RM,Metropolitana,Santiago,2026-08-08,2026-08-08T00:25:51.643725
7d423c8aee14f187ae8df08e800de43e,jumbo,32,jugo nectar 1.5l,Néctar del Valle Damasco 1.5 L,1790,Online RM,Metropolitana,Santiago,2026-08-08,2026-08-08T00:25:51.643754
ed6d0dc28c27010fc7b655d93ce70b72,jumbo,33,jugo nectar 1.5l,Néctar del Valle Manzana 1.5 L,1790,Online RM,Metropolitana,Santiago,2026-08-08,2026-08-08T00:25:51.643784
846d01ed5bfe7f213b397b3ac454d389,jumbo,34,jugo nectar 1.5l,Néctar del Valle Multi-Frutilla 0% Azúcar Añadida 1.5 L,1790,Online RM,Metropolitana,Santiago,2026-08-08,2026-08-08T00:25:51.643815
18cf3f272b79d415e5020e45b6bb899b,jumbo,35,jugo nectar 1.5l,Néctar Natural Maqui Berry 1.5 L,3732,Online RM,Metropolitana,Santiago,2026-08-08,2026-08-08T00:25:51.643845
77c47dfa59bb8bc62afd9209118fbe4f,jumbo,36,jugo nectar 1.5l,Néctar Andina Fresh Naranja 1.5 L,1250,Online RM,Metropolitana,Santiago,2026-08-08,2026-08-08T00:25:51.643874
10fc3f8cae91f923d392d7d588e82ebd,santaisabel,1,arroz 1kg,Arroz Grado 2 Tucapel Blue Grano Largo y Delgado 1 kg,0,Online RM,Metropolitana,Santiago,2026-08-08,2026-08-08T00:26:34.236900
4e1d3cef00d53149f6aaa7b4e266256c,santaisabel,2,arroz 1kg,Arroz Grado 2 Tucapel Gran Selección Grano Largo y Ancho 1 kg,0,Online RM,Metropolitana,Santiago,2026-08-08,2026-08-08T00:26:34.236921
df55430dc0406885596eb25da8592deb,santaisabel,3,arroz 1kg,Arroz Grado 2 Largo y Delgado 1 kg,0,Online RM,Metropolitana,Santiago,2026-08-08,2026-08-08T00:26:34.236933
77cd6c3c7f9806f2e3293230a1829c4b,santaisabel,4,arroz 1kg,Arroz Risotto Tucapel Italiano 1 kg,0,Online RM,Metropolitana,Santiago,2026-08-08,2026-08-08T00:26:34.236943
27289a5f14eb3ad2aa7eec8bd4f6db2b,santaisabel,5,arroz 1kg,Arroz Grado 2 Banquete Premium Grano Largo y Ancho 1 kg,0,Online RM,Metropolitana,Santiago,2026-08-08,2026-08-08T00:26:34.236953
4272f5db88cede27755b1d43283b4fb4,santaisabel,6,arroz 1kg,Arroz Pregraneado 1 kg,0,Online RM,Metropolitana,Santiago,2026-08-08,2026-08-08T00:26:34.236963
dbed5911b74b8dc63a2eb6beb92caaec,santaisabel,7,arroz 1kg,Arroz Grado 2 Tucapel Grano Largo y Ancho Graneado 1 kg,0,Online RM,Metropolitana,Santiago,2026-08-08,2026-08-08T00:26:34.236973
f077672b26e1c5686743741aee8c34fe,santaisabel,8,arroz 1kg,Arroz Grado 2 grano Largo y Ancho 1 kg,0,Online RM,Metropolitana,Santiago,2026-08-08,2026-08-08T00:26:34.236982
2c2657dacdfabd759fede02506c24dcc,santaisabel,9,arroz 1kg,Arroz Grado 2 Miraflores Grano Largo y Laminado 1 kg,0,Online RM,Metropolitana,Santiago,2026-08-08,2026-08-08T00:26:34.236992
1c6b6139537a244b11178a655728c305,santaisabel,10,arroz 1kg,Arroz Especial Yang's Brand Aroma Jazmín 1 kg,0,Online RM,Metropolitana,Santiago,2026-08-08,2026-08-08T00:26:34.237003
a48e250b196d2d5be701d0100e299c29,santaisabel,11,arroz 1kg,Arroz Especial Inverni Arborio 1 kg,0,Online RM,Metropolitana,Santiago,2026-08-08,2026-08-08T00:26:34.237013
cd4e03b9214e80883f059001ef5ee4b1,santaisabel,12,arroz 1kg,Arroz Pregraneado Miraflores 1 kg,0,Online RM,Metropolitana,Santiago,2026-08-08,2026-08-08T00:26:34.237023
b8f5a71208881412673c2bb40b039ef4,santaisabel,13,arroz 1kg,Lentejas 6 Mm Iansa Agro 1 kg,0,Online RM,Metropolitana,Santiago,2026-08-08,2026-08-08T00:26:34.237034
977a976ed4dc19c52d0305ffe34cd6df,santaisabel,14,arroz 1kg,Lentejas Banquete 6 Mm 1 kg,0,Online RM,Metropolitana,Santiago,2026-08-08,2026-08-08T00:26:34.237044
ae85ff65a34f9b7bf43ebce15df81574,santaisabel,15,arroz 1kg,Garbanzos Banquete Medianos Sin Piel 1 kg,0,Online RM,Metropolitana,Santiago,2026-08-08,2026-08-08T00:26:34.237053
f7021b8cde97f3c29747564b3420296f,santaisabel,16,arroz 1kg,Porotos Tórtola Banquete 1 kg,0,Online RM,Metropolitana,Santiago,2026-08-08,2026-08-08T00:26:34.237063
d9b50b13ad823040b3e038dffa92cd71,santaisabel,17,arroz 1kg,Lentejas 6 Mm Cuisine & Co 1 kg,0,Online RM,Metropolitana,Santiago,2026-08-08,2026-08-08T00:26:34.237072
860826a7986b89b43804dfcff25fc3bb,santaisabel,18,arroz 1kg,Garbanzos Pelados 1 kg,0,Online RM,Metropolitana,Santiago,2026-08-08,2026-08-08T00:26:34.237082
e673f0dd26cfd82c33052b0f9027fded,santaisabel,19,arroz 1kg,Lentejas Banquete 5 Mm 1 kg,0,Online RM,Metropolitana,Santiago,2026-08-08,2026-08-08T00:26:34.237091
909406f28a4e1420e1956ffdb65041cf,santaisabel,20,arroz 1kg,Lentejas 4 Mm Cuisine & Co 1 kg,0,Online RM,Metropolitana,Santiago,2026-08-08,2026-08-08T00:26:34.237099
e9d590f43ff9e91349d56ef0ab4910f1,santaisabel,21,arroz 1kg,Porotos Tórtola Cuisine & Co 1 kg,0,Online RM,Metropolitana,Santiago,2026-08-08,2026-08-08T00:26:34.237108
c28f570b04fa85c15b2856571b784de8,santaisabel,22,arroz 1kg,Lentejas 5 Mm Cuisine & Co 1 kg,0,Online RM,Metropolitana,Santiago,2026-08-08,2026-08-08T00:26:34.237117
4990a16c0d808b2996bb20f4a5097834,santaisabel,23,arroz 1kg,Porotos Negros Banquete 1 kg,0,Online RM,Metropolitana,Santiago,2026-08-08,2026-08-08T00:26:34.237125
203608c7140787ff2265ecb8e44a0e12,santaisabel,24,arroz 1kg,Lentejas 4 Mm Iansa Agro 1 kg,0,Online RM,Metropolitana,Santiago,2026-08-08,2026-08-08T00:26:34.237134
0995dc3070974d10d1e7cff92b7b9f37,santaisabel,25,arroz 1kg,Porotos Negros Cuisine & Co 1 kg,0,Online RM,Metropolitana,Santiago,2026-08-08,2026-08-08T00:26:34.237143
5db1281755026ed05b70e34750ede651,santaisabel,26,arroz 1kg,Porotos Español Cuisine & Co 1 kg,0,Online RM,Metropolitana,Santiago,2026-08-08,2026-08-08T00:26:34.237152
b00327276266f224d8f877b60757257b,santaisabel,27,arroz 1kg,Porotos Blancos Banquete 1 kg,0,Online RM,Metropolitana,Santiago,2026-08-08,2026-08-08T00:26:34.237162
05c0ac6fc98c94d8912c87495bad0a73,santaisabel,28,arroz 1kg,Arvejas Banquete Partidas 1 kg,0,Online RM,Metropolitana,Santiago,2026-08-08,2026-08-08T00:26:34.237172
af45a86b3c45c59844301fbb27486a42,santaisabel,29,arroz 1kg,Proteina de Soya Alun 1 kg,0,Online RM,Metropolitana,Santiago,2026-08-08,2026-08-08T00:26:34.237182
75fbde6d0e95158d1249250916d99cb3,santaisabel,30,arroz 1kg,Porotos Rojos Cuisine & Co 1 kg,0,Online RM,Metropolitana,Santiago,2026-08-08,2026-08-08T00:26:34.237191
da436f18df3feec168a9125894cab677,santaisabel,31,arroz 1kg,Arvejas Verdes Partidas 1 kg,0,Online RM,Metropolitana,Santiago,2026-08-08,2026-08-08T00:26:34.237199
ba59fa50a9aed97d7cfb690afc7455c9,santaisabel,32,arroz 1kg,Porotos Hallados Cuisine & Co 1 kg,0,Online RM,Metropolitana,Santiago,2026-08-08,2026-08-08T00:26:34.237208
13ee03dab8569cbff843e19f480ce93d,santaisabel,33,arroz 1kg,Garbanzos Pelados Iansa Agro 1 kg,0,Online RM,Metropolitana,Santiago,2026-08-08,2026-08-08T00:26:34.237217
3854fb4d775388e9997815a55d301b23,santaisabel,34,arroz 1kg,Lentejas 5 Mm Iansa Agro 1 kg,0,Online RM,Metropolitana,Santiago,2026-08-08,2026-08-08T00:26:34.237227
a098aa8314383a1411b8ef1a7f42e0e2,santaisabel,35,arroz 1kg,Trigo Mote Oso 1 kg,0,Online RM,Metropolitana,Santiago,2026-08-08,2026-08-08T00:26:34.237236
21ee67ba162e9ab83df20ad826ee18db,santaisabel,36,arroz 1kg,Porotos Hallados Banquete 1 kg,0,Online RM,Metropolitana,Santiago,2026-08-08,2026-08-08T00:26:34.237245
be5a15b8ef043f19800c57894367f6ae,santaisabel,37,arroz 1kg,Lentejas Banquete 4 Mm 1 kg,0,Online RM,Metropolitana,Santiago,2026-08-08,2026-08-08T00:26:34.237253
cc313e881986b5f10241024e84241047,santaisabel,38,arroz 1kg,Arroz Grado 2 Iansa Agro 1 kg,0,Online RM,Metropolitana,Santiago,2026-08-08,2026-08-08T00:26:34.237262
25ea2877c76e731f45e2715c3b2060a2,santaisabel,39,arroz 1kg,Porotos Blancos Iansa Agro 1 kg,0,Online RM,Metropolitana,Santiago,2026-08-08,2026-08-08T00:26:34.237270
e5b430c9f500b8e7e842026482ebd44a,santaisabel,40,arroz 1kg,Porotos Hallados 1 kg,0,Online RM,Metropolitana,Santiago,2026-08-08,2026-08-08T00:26:34.237280
1359c3c02141c0df21eb6b36b3f8f26c,santaisabel,1,pan marraqueta,Pan Marraqueta Grande Granel,0,Online RM,Metropolitana,Santiago,2026-08-08,2026-08-08T00:26:34.237859
245a72be96f08ec6c497d547d5471534,santaisabel,2,pan marraqueta,Pan Marraqueta Wholegrain Granel,0,Online RM,Metropolitana,Santiago,2026-08-08,2026-08-08T00:26:34.237872
70677f80c50d4d51865c298359a2b4cb,santaisabel,3,pan marraqueta,Marraqueta Cuisine & Co Precocida 8 un.,0,Online RM,Metropolitana,Santiago,2026-08-08,2026-08-08T00:26:34.237881
554e3794bf0cc18b2773dad5d008c3f2,santaisabel,4,pan marraqueta,Pan Marraqueta Bredenmaster Tradicional 10 un.,0,Online RM,Metropolitana,Santiago,2026-08-08,2026-08-08T00:26:34.237889
eedfd692ad851ee2b71c306ecf95c571,santaisabel,5,pan marraqueta,Marraqueta Dilici Sin Gluten 400 g,0,Online RM,Metropolitana,Santiago,2026-08-08,2026-08-08T00:26:34.237898
8d8b4dccea701a47dc2ec9c2a9d2b8f4,santaisabel,6,pan marraqueta,Pan Marraqueta Sin Gluten 480 g 4 un.,0,Online RM,Metropolitana,Santiago,2026-08-08,2026-08-08T00:26:34.237907
8e50feda6e0ff288cc064d8170e06631,santaisabel,1,pan hallulla,Pan Hallulla Granel,0,Online RM,Metropolitana,Santiago,2026-08-08,2026-08-08T00:26:34.238372
430a2a13d4544b756628fad94be757f5,santaisabel,2,pan hallulla,Pan Hallulla Delgada Granel,0,Online RM,Metropolitana,Santiago,2026-08-08,2026-08-08T00:26:34.238384
6085bee9641836ca9c6da67b36f622e4,santaisabel,3,pan hallulla,Pan Hallulla Integral Linaza Granel,0,Online RM,Metropolitana,Santiago,2026-08-08,2026-08-08T00:26:34.238394
25af3472b19f4d2905a96a1bfc94e959,santaisabel,4,pan hallulla,Hallulla Cuisine & Co Precocida 8 un.,0,Online RM,Metropolitana,Santiago,2026-08-08,2026-08-08T00:26:34.238403
8334b6121b7443fa9ccccac4a0c33371,santaisabel,5,pan hallulla,Pan Hallulla Bredenmaster Especial 30 un.,0,Online RM,Metropolitana,Santiago,2026-08-08,2026-08-08T00:26:34.238412
1d49ccfd6e1235b1a3d3b904996655f0,santaisabel,6,pan hallulla,Hallulla Precocida Sin Gluten 320 g 4 un.,0,Online RM,Metropolitana,Santiago,2026-08-08,2026-08-08T00:26:34.238420
1b28a8792babf858c1cd00722fc3e4b0,santaisabel,7,pan hallulla,Pan Hallulla Pilmayquen 480 g 10 un.,0,Online RM,Metropolitana,Santiago,2026-08-08,2026-08-08T00:26:34.238429
09fad7fd15531b3c5b959a04fed84ae2,santaisabel,1,fideos espagueti,Spaguetti N°5 Lucchetti Protein 400 g,0,Online RM,Metropolitana,Santiago,2026-08-08,2026-08-08T00:26:34.238842
f848eea5ae3948bf1b24c3607073bfb5,santaisabel,2,fideos espagueti,Pasta Spaguetti La Molisana N° 15 500 g,0,Online RM,Metropolitana,Santiago,2026-08-08,2026-08-08T00:26:34.238853
23d0065bd1687e6271e99c67b9794e5c,santaisabel,3,fideos espagueti,Pasta de Spaguetti Edamame 200 g,0,Online RM,Metropolitana,Santiago,2026-08-08,2026-08-08T00:26:34.239018
b290e689e5ca37460cfdd9c1cf79c329,santaisabel,1,galletas dulces,Galletas Wafers Cuisine & Co Avellana 150 g,0,Online RM,Metropolitana,Santiago,2026-08-08,2026-08-08T00:26:34.240322
88907331c6576d2d947204ed7ccb2f9c,santaisabel,2,galletas dulces,Caja 24 un. Galletas Mckay Mini Morocha 50 g,0,Online RM,Metropolitana,Santiago,2026-08-08,2026-08-08T00:26:34.240334
9b3ed20a25087a18d222bee4b1d8d9b8,santaisabel,3,galletas dulces,Galletas Mini Dulcita 35 g,0,Online RM,Metropolitana,Santiago,2026-08-08,2026-08-08T00:26:34.240344
8dbda84cb08936c410a7f437d1a424f0,santaisabel,4,galletas dulces,Galletas Bocaditos 300 g,0,Online RM,Metropolitana,Santiago,2026-08-08,2026-08-08T00:26:34.240354
42b468c044f3609a21fe9da6bf9baacb,santaisabel,5,galletas dulces,Caja 42 un. Galletas Mckay Mini Kuky 40 g,0,Online RM,Metropolitana,Santiago,2026-08-08,2026-08-08T00:26:34.240363
34abc8484d8cd5b06527d0fe8ddc7032,santaisabel,6,galletas dulces,Galleta Chips Kuky Mini 40 g,0,Online RM,Metropolitana,Santiago,2026-08-08,2026-08-08T00:26:34.240371
2f771a0158b266d67f37f053622e0b29,santaisabel,7,galletas dulces,Galletas Surtidas 400 g,0,Online RM,Metropolitana,Santiago,2026-08-08,2026-08-08T00:26:34.240379
9b2dde8e012294f3572738a0b8d4401c,santaisabel,8,galletas dulces,Galletas Wafers Cuisine & Co Coco 150 g,0,Online RM,Metropolitana,Santiago,2026-08-08,2026-08-08T00:26:34.240387
e365367a6a9bfbd2afc31446b3c148ed,santaisabel,9,galletas dulces,Galletas Mini Palmerita 35 g,0,Online RM,Metropolitana,Santiago,2026-08-08,2026-08-08T00:26:34.240395
df0af35faf1af297903facfe503effdd,santaisabel,10,galletas dulces,Galletas de Champaña Matilde Vicenzi 400 g,0,Online RM,Metropolitana,Santiago,2026-08-08,2026-08-08T00:26:34.240404
1c4015c50b554c528399d49b042bb3ab,santaisabel,11,galletas dulces,Galletas Vino 160 g,0,Online RM,Metropolitana,Santiago,2026-08-08,2026-08-08T00:26:34.240413
4b6c2efea73c3d324ef378e99d7618dc,santaisabel,12,galletas dulces,Galletas Mini Brownie Chips 35 g,0,Online RM,Metropolitana,Santiago,2026-08-08,2026-08-08T00:26:34.240421
fdb39fde6aba187177838cc0a741c043,santaisabel,13,galletas dulces,Galletas Biscoff Caramelo 250 g,0,Online RM,Metropolitana,Santiago,2026-08-08,2026-08-08T00:26:34.240431
83f7a1d9c49252122c1bbd66efe40153,santaisabel,14,galletas dulces,Galletas Mckay Vino 155 g,0,Online RM,Metropolitana,Santiago,2026-08-08,2026-08-08T00:26:34.240439
4302a0362b64b7a893fcaa5470e2deac,santaisabel,15,galletas dulces,Galletas Heidekeks Family 400 g,0,Online RM,Metropolitana,Santiago,2026-08-08,2026-08-08T00:26:34.240447
eb05230b585bf5b8109cc8594ea85750,santaisabel,16,galletas dulces,Galletas Wafers Cuisine & Co Vainilla 150 g,0,Online RM,Metropolitana,Santiago,2026-08-08,2026-08-08T00:26:34.240455
010a2f4dba5195b83fd0c925957acb23,santaisabel,17,galletas dulces,Galletas Mini Cocadita 35 g,0,Online RM,Metropolitana,Santiago,2026-08-08,2026-08-08T00:26:34.240463
4109871c1a931b98fccb86206cdc1966,santaisabel,18,galletas dulces,Galletas Matilde Vicenzi Grisbi Rellenas Sabor Limón 150 g,0,Online RM,Metropolitana,Santiago,2026-08-08,2026-08-08T00:26:34.240472
5d6fffbb597a61dc2b0e14ca990aaaab,santaisabel,19,galletas dulces,Galletón Nutra Bien Chips Chocolate 160 g 4 un.,0,Online RM,Metropolitana,Santiago,2026-08-08,2026-08-08T00:26:34.240480
15495b50fc84d49ace4801f755049bcc,santaisabel,20,galletas dulces,Caja 42 un. Galletas Mckay Triton Mini Vainilla 40 g,0,Online RM,Metropolitana,Santiago,2026-08-08,2026-08-08T00:26:34.240487
6c279530c5d9eb2cd792b587c022d5ed,santaisabel,21,galletas dulces,Galletas Griesson Duo Chocolate 500 g,0,Online RM,Metropolitana,Santiago,2026-08-08,2026-08-08T00:26:34.240496
c1628aa33b8bc8229742fbcdd188fba6,santaisabel,22,galletas dulces,Galletas Heidekeks Surtido Café Ole 500 g,0,Online RM,Metropolitana,Santiago,2026-08-08,2026-08-08T00:26:34.240504
e8d86fd82ae2c4d5cc4df0a19165b0cf,santaisabel,23,galletas dulces,Galletas Scones Bizcocho 250 g,0,Online RM,Metropolitana,Santiago,2026-08-08,2026-08-08T00:26:34.240513
983b1a3cf304603d21c605ed0cd5ac7b,santaisabel,24,galletas dulces,Galletas Biscoff Caramelo 124 g,0,Online RM,Metropolitana,Santiago,2026-08-08,2026-08-08T00:26:34.240521
3266c6f0d57c637815477ad10d023c59,santaisabel,25,galletas dulces,Galletas Griesson Duo Vainilla 500 g,0,Online RM,Metropolitana,Santiago,2026-08-08,2026-08-08T00:26:34.240541
3691baddfaf950ae931719e426be2c58,santaisabel,26,galletas dulces,Galletas Matilde Vicenzi Voglie Surtido 300 g,0,Online RM,Metropolitana,Santiago,2026-08-08,2026-08-08T00:26:34.240549
19895a32bcdf1a89f2f0434a082dde2a,santaisabel,27,galletas dulces,Galletas de Champaña Matilde Vicenzi 200 g,0,Online RM,Metropolitana,Santiago,2026-08-08,2026-08-08T00:26:34.240557
5f7a82458ca52289d849e602b4a53719,santaisabel,28,galletas dulces,Galletas Maxi Chips 200 g,0,Online RM,Metropolitana,Santiago,2026-08-08,2026-08-08T00:26:34.240566
278eb95fdb7894d5e45aa8bb02854bf9,santaisabel,29,galletas dulces,Galletón Nutra Bien Almendra 160 g 4 un.,0,Online RM,Metropolitana,Santiago,2026-08-08,2026-08-08T00:26:34.240574
4dea8f091c9300811ad2c117281f1e90,santaisabel,30,galletas dulces,Galletas Izkol Chuño 125 g,0,Online RM,Metropolitana,Santiago,2026-08-08,2026-08-08T00:26:34.240582
a3f1f6f7ba20d5e06e471c73a50ccfc9,santaisabel,31,galletas dulces,Galletas Deli Cookie Chips 210 g,0,Online RM,Metropolitana,Santiago,2026-08-08,2026-08-08T00:26:34.240590
c5c2e34f54e169f1ca92b8d03780713a,santaisabel,32,galletas dulces,Galletas Delicias Receta de La Abuela 220 g,0,Online RM,Metropolitana,Santiago,2026-08-08,2026-08-08T00:26:34.240598
9aa8bb56d6cf5345da8fb4404f857f60,santaisabel,33,galletas dulces,Galletas Wafers Cuisine & Co Chocolate 150 g,0,Online RM,Metropolitana,Santiago,2026-08-08,2026-08-08T00:26:34.240606
06ba6a06b59e7475608a1997b840c424,santaisabel,34,galletas dulces,Rollitos de Barquillos Gottena Choco Rolls 125 g,0,Online RM,Metropolitana,Santiago,2026-08-08,2026-08-08T00:26:34.240615
45bd354dc33367c8327c8ae763b8fe1b,santaisabel,35,galletas dulces,Caja 42 un. Galletas Mckay Mini Vino 40 g,0,Online RM,Metropolitana,Santiago,2026-08-08,2026-08-08T00:26:34.240622
b967917f9180cc63dd498ac9cffb85f1,santaisabel,36,galletas dulces,Galletas Gullón DietNature Chip Choco 150 g,0,Online RM,Metropolitana,Santiago,2026-08-08,2026-08-08T00:26:34.240631
bf8b540a5981e79be0e01e9ca6c4cb23,santaisabel,37,galletas dulces,Galletas Matilde Vicenzi Rellenas Crema de Avellana 150 g,0,Online RM,Metropolitana,Santiago,2026-08-08,2026-08-08T00:26:34.240640
3302eb51154d94af8e9a37afce99b2c1,santaisabel,38,galletas dulces,Galletas Heidekeks Gran Prix 500 g,0,Online RM,Metropolitana,Santiago,2026-08-08,2026-08-08T00:26:34.240648
80af75ccb19fcd3971dd8162c5f84d70,santaisabel,39,galletas dulces,Galletas Matilde Vicenzi Cantuccini 225 g,0,Online RM,Metropolitana,Santiago,2026-08-08,2026-08-08T00:26:34.240656
0e67674fa5ba16621a45fae33c0489d9,santaisabel,40,galletas dulces,Caja 42 un. Galletas Mckay Mini Limón 40 g,0,Online RM,Metropolitana,Santiago,2026-08-08,2026-08-08T00:26:34.240665
78d5bc9bb55ea42edb7f94ae58c083f1,santaisabel,1,galletas de soda,Galletas Agua Vivo 140 g,0,Online RM,Metropolitana,Santiago,2026-08-08,2026-08-08T00:26:34.241284
c4ad691a9ae62466c206c1218b3ea58f,santaisabel,2,galletas de soda,Galletas Mckay Agua 180 g,0,Online RM,Metropolitana,Santiago,2026-08-08,2026-08-08T00:26:34.241295
e23ff01252cc29bd9b1e4961d91268e6,santaisabel,3,galletas de soda,Galleta Mckay Soda Clásica 180 g,0,Online RM,Metropolitana,Santiago,2026-08-08,2026-08-08T00:26:34.241304
03ebd2c198f15adf8c05f85095947319,santaisabel,4,galletas de soda,Galletas de Soda 160 g,0,Online RM,Metropolitana,Santiago,2026-08-08,2026-08-08T00:26:34.241313
69dd77682d29d900eccdd537619106cb,santaisabel,5,galletas de soda,Galletas Soda Line 160 g,0,Online RM,Metropolitana,Santiago,2026-08-08,2026-08-08T00:26:34.241321
16fb2dc09ee0b7916c8f30df5f2c7643,santaisabel,6,galletas de soda,Galletas Soda Vivo 123 g,0,Online RM,Metropolitana,Santiago,2026-08-08,2026-08-08T00:26:34.241330
69245519a0bd8d679bda5df1edca7056,santaisabel,7,galletas de soda,Galletas Soda Selz Bajo en Sodio 180 g,0,Online RM,Metropolitana,Santiago,2026-08-08,2026-08-08T00:26:34.241339
60c15f777221590cb77ea87bf203daee,santaisabel,8,galletas de soda,Galletas Mckay Soda Light 180 g,0,Online RM,Metropolitana,Santiago,2026-08-08,2026-08-08T00:26:34.241347
96115f02a93026db3e20e756a0d85df4,santaisabel,9,galletas de soda,Galletas de Agua The Fresh Market Orgánica Con Pimienta 124 g,0,Online RM,Metropolitana,Santiago,2026-08-08,2026-08-08T00:26:34.241355
4f5900f28133a2d3538f811eb7528205,santaisabel,10,galletas de soda,Galletas Agua 175 g,0,Online RM,Metropolitana,Santiago,2026-08-08,2026-08-08T00:26:34.241364
afd34b7ccb4f6dbb7f75843e13def592,santaisabel,11,galletas de soda,Pack Galleta Agua Light Selz Bajo en Sodio 600 g 3 un.,0,Online RM,Metropolitana,Santiago,2026-08-08,2026-08-08T00:26:34.241372
3a413451fb09eca6e84893bed5a1918d,santaisabel,12,galletas de soda,Galletas Agua Line 175 g,0,Online RM,Metropolitana,Santiago,2026-08-08,2026-08-08T00:26:34.241380
d64e56e869a85a3edf1da461c80d498d,santaisabel,13,galletas de soda,Galletas Mckay Agua Sin Sal 180 g,0,Online RM,Metropolitana,Santiago,2026-08-08,2026-08-08T00:26:34.241389
31d45c3c81519745401d43baca35fe4a,santaisabel,1,harina sin polvos 1kg,Harina Flor Collico Sin Polvos de Hornear 1 kg,0,Online RM,Metropolitana,Santiago,2026-08-08,2026-08-08T00:26:34.241858
128187139fd8d25f68961d1c27084fa7,santaisabel,2,harina sin polvos 1kg,Harina Sin Polvo de Hornear 1 kg,0,Online RM,Metropolitana,Santiago,2026-08-08,2026-08-08T00:26:34.241869
06575f793b17f4eb69556b70584fcfbf,santaisabel,3,harina sin polvos 1kg,Harina Selecta Sin Polvos de Hornear 1 kg,0,Online RM,Metropolitana,Santiago,2026-08-08,2026-08-08T00:26:34.241877
a5efc0675da45675cefc7951931d7f16,santaisabel,4,harina sin polvos 1kg,Harina Mont Blanc Sin Polvos de Hornear 1 kg,0,Online RM,Metropolitana,Santiago,2026-08-08,2026-08-08T00:26:34.241886
09d28cc226e2208a65e4204bfdf22176,santaisabel,1,avena 500g,Cereal Viola Muesli Proteína 500 g,0,Online RM,Metropolitana,Santiago,2026-08-08,2026-08-08T00:26:34.242411
affdd72748c96cc7e2ee3d4c46cfb25f,santaisabel,2,avena 500g,Pan Centeno Mestemacher Orgánico con Avena y Cebada 500 g,0,Online RM,Metropolitana,Santiago,2026-08-08,2026-08-08T00:26:34.242425
24daa94e073bd8e707ae7336ca608b3c,santaisabel,1,carne molida vacuno,Tartaro 3% Grasa Bandeja 500 g,0,Online RM,Metropolitana,Santiago,2026-08-08,2026-08-08T00:26:34.243238
c3681828fe8dd70c166107d245e561f3,santaisabel,2,carne molida vacuno,Carne Molida Vacuno 7% Grasa 500 g,0,Online RM,Metropolitana,Santiago,2026-08-08,2026-08-08T00:26:34.243252
ed5542e7ee9a0aef79d279efcaada5ff,santaisabel,3,carne molida vacuno,Carne Molida Vacuno 4% Grasa 500 g,0,Online RM,Metropolitana,Santiago,2026-08-08,2026-08-08T00:26:34.243261
2b0d02f8ff1a423d2cbd8174e3df93dc,santaisabel,4,carne molida vacuno,Carne Molida Vacuno 10% Grasa 500 g,0,Online RM,Metropolitana,Santiago,2026-08-08,2026-08-08T00:26:34.243271
d7b9ced88f205d5f58154730eeb4ab8a,santaisabel,5,carne molida vacuno,Carne Molida Vacuno 4% Grasa Congelada 500 g,0,Online RM,Metropolitana,Santiago,2026-08-08,2026-08-08T00:26:34.243279
7e73c835ffd9508cc553b20d4d85ed7c,santaisabel,6,carne molida vacuno,Carne Molida Vacuno 10% Grasa Congelada 500 g,0,Online RM,Metropolitana,Santiago,2026-08-08,2026-08-08T00:26:34.243288
84ecb11fa4d297dde66e63371b80f527,santaisabel,1,asiento vacuno,Bistec de Asiento Bandeja 300 g,0,Online RM,Metropolitana,Santiago,2026-08-08,2026-08-08T00:26:34.243918
bdd2cda782a20a6241de2ef2da8d99ee,santaisabel,2,asiento vacuno,Asiento Desgrasado Bandeja 900 g,0,Online RM,Metropolitana,Santiago,2026-08-08,2026-08-08T00:26:34.243935
5b21979c4c9d0bc46d52910ccca2be50,santaisabel,3,asiento vacuno,Asiento Premium Natural Al Vacío kg,0,Online RM,Metropolitana,Santiago,2026-08-08,2026-08-08T00:26:34.243949
5ac0ce397ff3c68c350d2d654c5f7e86,santaisabel,4,asiento vacuno,Asiento Al Vacío kg,0,Online RM,Metropolitana,Santiago,2026-08-08,2026-08-08T00:26:34.243962
b62241170df15598ba09e6fd4ba48213,santaisabel,1,chuleta de cerdo,Chuleta Centro Super Cerdo Cong 140 g,0,Online RM,Metropolitana,Santiago,2026-08-08,2026-08-08T00:26:34.244994
a963ac54543528126f636fc549a69041,santaisabel,2,chuleta de cerdo,Chuleta Vetada Cerdo Cuisine & Co 600 g,0,Online RM,Metropolitana,Santiago,2026-08-08,2026-08-08T00:26:34.245034
4ef38f66b460e840ee2547275095ab60,santaisabel,3,chuleta de cerdo,Filete Cerdo Cuisine & Co 500 g,0,Online RM,Metropolitana,Santiago,2026-08-08,2026-08-08T00:26:34.245055
934dcd82ffcc42b961a2c049d8c7184f,santaisabel,4,chuleta de cerdo,Chuletitas de Cerdo Natural para Freír 540 g,0,Online RM,Metropolitana,Santiago,2026-08-08,2026-08-08T00:26:34.245074
c16f647eac3d4ef62ec93610b0d4084f,santaisabel,1,costillar cerdo,Costillar Chileno Super Cerdo kg,0,Online RM,Metropolitana,Santiago,2026-08-08,2026-08-08T00:26:34.246176
5f0f34842d016c13255094ff1f078ef6,santaisabel,2,costillar cerdo,Costillar Deshuesado Cerdo Super Cerdo 900 g,0,Online RM,Metropolitana,Santiago,2026-08-08,2026-08-08T00:26:34.246191
8628b61c4d469bff88e10dfdd67f0851,santaisabel,3,costillar cerdo,Costillar Super Cerdo Tradicional kg,0,Online RM,Metropolitana,Santiago,2026-08-08,2026-08-08T00:26:34.246201
f832adac81b9ce55d7809e2e49a3fba5,santaisabel,4,costillar cerdo,Baby Back Ribs Super Cerdo kg,0,Online RM,Metropolitana,Santiago,2026-08-08,2026-08-08T00:26:34.246211
69de46ca66f337f30f2f81437ed61907,santaisabel,5,costillar cerdo,Costillitas Cerdo Chilena Super Cerdo 700 g,0,Online RM,Metropolitana,Santiago,2026-08-08,2026-08-08T00:26:34.246220
428ff523568c8ba2b752e682fe9c8492,santaisabel,6,costillar cerdo,Costillar de Cerdo Ahumado Corte Cruz kg,0,Online RM,Metropolitana,Santiago,2026-08-08,2026-08-08T00:26:34.246229
66faeef716ddadc2ed133043907d6bfe,santaisabel,7,costillar cerdo,Costillar Cerdo Chileno Cuisine & Co kg,0,Online RM,Metropolitana,Santiago,2026-08-08,2026-08-08T00:26:34.246237
f893ba71a3e235f5832c3907c790aaf9,santaisabel,8,costillar cerdo,Costillar Cerdo Americano Congelado kg,0,Online RM,Metropolitana,Santiago,2026-08-08,2026-08-08T00:26:34.246245
f293822dca0680fcea3fce927b4d581d,santaisabel,9,costillar cerdo,Costillar Cerdo Cuisine & Co Congelada kg,0,Online RM,Metropolitana,Santiago,2026-08-08,2026-08-08T00:26:34.246254
69b7abc04604a0f258fe4d980fc478b3,santaisabel,10,costillar cerdo,Costillar Cerdo Tradicional Cuisine & Co kg,0,Online RM,Metropolitana,Santiago,2026-08-08,2026-08-08T00:26:34.246262
f8c4d57c7596c382b0cd3adf8f7b41ff,santaisabel,11,costillar cerdo,Baby Back Ribs Cuisine & Co kg,0,Online RM,Metropolitana,Santiago,2026-08-08,2026-08-08T00:26:34.246271
6d0df8c64c42e71bcf1c78b6c09bab80,santaisabel,12,costillar cerdo,Tomahawk Cerdo Cuisine & Co kg,0,Online RM,Metropolitana,Santiago,2026-08-08,2026-08-08T00:26:34.246279
7328f444ee0dc25cad60b768aa82af34,santaisabel,13,costillar cerdo,Baby Back Ribs Cerdo Americano Congelado kg,0,Online RM,Metropolitana,Santiago,2026-08-08,2026-08-08T00:26:34.246287
9d28a61b476ca757137ca407e7019c47,santaisabel,14,costillar cerdo,Baby Back Ribs Super Cerdo Cong 1 kg,0,Online RM,Metropolitana,Santiago,2026-08-08,2026-08-08T00:26:34.246295
aa7ceb8005125033da654ee64d387d4c,santaisabel,15,costillar cerdo,Costillar Cerdo Americano St Louis Congelado kg,0,Online RM,Metropolitana,Santiago,2026-08-08,2026-08-08T00:26:34.246303
3748a9f87e985891cb322179ab8b620f,santaisabel,16,costillar cerdo,Costillitas de Cerdo A La Criolla 560 g,0,Online RM,Metropolitana,Santiago,2026-08-08,2026-08-08T00:26:34.246311
24c894e5963db240598a382a5b84ced5,santaisabel,1,pulpa de cerdo,Pulpa Cerdo Super Cerdo 900 g,0,Online RM,Metropolitana,Santiago,2026-08-08,2026-08-08T00:26:34.247040
8afc686c7712860dbff6cfc70ea55967,santaisabel,2,pulpa de cerdo,Pulpa Chimichurri Cerdo Super Cerdo 400 g,0,Online RM,Metropolitana,Santiago,2026-08-08,2026-08-08T00:26:34.247053
fc0caae12da9b79dc068caf2b0fa3ec7,santaisabel,3,pulpa de cerdo,Pulpa Chilena Cerdo Super Cerdo 900 g,0,Online RM,Metropolitana,Santiago,2026-08-08,2026-08-08T00:26:34.247062
483547a2ed5e5b4ecdafbc773efdc8b8,santaisabel,4,pulpa de cerdo,Lomo Centro Cerdo Super Cerdo 800 g,0,Online RM,Metropolitana,Santiago,2026-08-08,2026-08-08T00:26:34.247071
08a040249d94d1e90cd9b932d917f923,santaisabel,5,pulpa de cerdo,Pulpa Pierna Cerdo Cuisine & Co 700 g,0,Online RM,Metropolitana,Santiago,2026-08-08,2026-08-08T00:26:34.247080
9614c916faf617f6e95c42e4319f31f5,santaisabel,6,pulpa de cerdo,Medallon Lomo Cerdo Super Cerdo Cong 120 g,0,Online RM,Metropolitana,Santiago,2026-08-08,2026-08-08T00:26:34.247089
2cbf33c4260d6fd58f1ea2c640c11a28,santaisabel,7,pulpa de cerdo,Lomo Centro Medallon Cerdo Super Cerdo 800 g,0,Online RM,Metropolitana,Santiago,2026-08-08,2026-08-08T00:26:34.247097
784d1277070d71438586d40c9d79ec6e,santaisabel,8,pulpa de cerdo,Lomo Vetado Cerdo Super Cerdo kg,0,Online RM,Metropolitana,Santiago,2026-08-08,2026-08-08T00:26:34.247106
957abf7198534e1e0ad81e2ad1746af4,santaisabel,9,pulpa de cerdo,Asado Carnicero Super Cerdo 400 g,0,Online RM,Metropolitana,Santiago,2026-08-08,2026-08-08T00:26:34.247114
f61ecaf0e069cd44366528be40978ea5,santaisabel,10,pulpa de cerdo,Lomo Centro Medallon Cerdo Cuisine & Co 700 g,0,Online RM,Metropolitana,Santiago,2026-08-08,2026-08-08T00:26:34.247123
3ce3392ba972edccee001215641590f9,santaisabel,11,pulpa de cerdo,Lomo Centro Cerdo Cuisine & Co 800 g,0,Online RM,Metropolitana,Santiago,2026-08-08,2026-08-08T00:26:34.247132
f97f218df98f76e60b37d5a1127f2d96,santaisabel,12,pulpa de cerdo,Lomo Centro Cerdo Americano Congelado kg,0,Online RM,Metropolitana,Santiago,2026-08-08,2026-08-08T00:26:34.247140
1a3ef2ba49babafa211897c6ddd67fd5,santaisabel,13,pulpa de cerdo,Pulpa Pierna Chilena Super Cerdo 450 g,0,Online RM,Metropolitana,Santiago,2026-08-08,2026-08-08T00:26:34.247148
236cc347eb76421191c4c76424d07c89,santaisabel,14,pulpa de cerdo,Filete Cerdo Super Cerdo kg,0,Online RM,Metropolitana,Santiago,2026-08-08,2026-08-08T00:26:34.247157
d0f54bebbb9017258fcbef36ee1b0e5c,santaisabel,15,pulpa de cerdo,Pulpa Pierna Cerdo Chilena Cuisine & Co 700 g,0,Online RM,Metropolitana,Santiago,2026-08-08,2026-08-08T00:26:34.247165
db08a0e7c35ef724b695647e7c9a2f08,santaisabel,16,pulpa de cerdo,Malaya Cerdo Super Cerdo 400 g,0,Online RM,Metropolitana,Santiago,2026-08-08,2026-08-08T00:26:34.247173
24105df2d2dd00b8ca6d6c7cd9717fe0,santaisabel,17,pulpa de cerdo,Carne Molida Cerdo Super Cerdo 300 g,0,Online RM,Metropolitana,Santiago,2026-08-08,2026-08-08T00:26:34.247181
d9390e592c118cd541a3d2b412343591,santaisabel,18,pulpa de cerdo,Tiritas Pulpa Cong Super Cerdo 500 g,0,Online RM,Metropolitana,Santiago,2026-08-08,2026-08-08T00:26:34.247189
feb71d4204eff1f81a7d4097d3fa84cd,santaisabel,19,pulpa de cerdo,Cubitos Pulpa Cerdo Cong Super Cerdo 500 g,0,Online RM,Metropolitana,Santiago,2026-08-08,2026-08-08T00:26:34.247197
9ad16cc0c40c848fe54103106d7bfec6,santaisabel,20,pulpa de cerdo,Lomo Centro de Cerdo Receta Alemana 650 g,0,Online RM,Metropolitana,Santiago,2026-08-08,2026-08-08T00:26:34.247205
2a7ceebe0d7a53bf504ab03a6509141f,santaisabel,1,pechuga de pollo,Pechuga de Pollo Deshuesada 700 g,0,Online RM,Metropolitana,Santiago,2026-08-08,2026-08-08T00:26:34.248941
9454aeea0cf7a620f1738e1af97f0c69,santaisabel,2,pechuga de pollo,Pechuga de Pollo Asada Super Pollo Granel,0,Online RM,Metropolitana,Santiago,2026-08-08,2026-08-08T00:26:34.248964
12ac3e65f46ca5c2efee1dfa730577b0,santaisabel,3,pechuga de pollo,Pechuga de Pollo Asada Super Pollo 150 g,0,Online RM,Metropolitana,Santiago,2026-08-08,2026-08-08T00:26:34.248980
559c5db53cee586a53daa53bb133eee9,santaisabel,4,pechuga de pollo,Pechuga Pollo Acaram Super Pollo 150 g,0,Online RM,Metropolitana,Santiago,2026-08-08,2026-08-08T00:26:34.248995
01c7f1209ce3623bb632e0d8ced2c162,santaisabel,5,pechuga de pollo,Pechuga Entera de Pollo kg,0,Online RM,Metropolitana,Santiago,2026-08-08,2026-08-08T00:26:34.249010
2c1c5471166a061960d25a57c30f54c8,santaisabel,6,pechuga de pollo,Pechuga de Pavo Cocida Sopraval 200 g,0,Online RM,Metropolitana,Santiago,2026-08-08,2026-08-08T00:26:34.249026
0eb6a48e4160a3642b9ef743b3cfafe2,santaisabel,7,pechuga de pollo,Pechuga de Pavo Asada Sopraval 200 g,0,Online RM,Metropolitana,Santiago,2026-08-08,2026-08-08T00:26:34.249042
dbdd946c7b7221e3c742e01f46e0a777,santaisabel,8,pechuga de pollo,Pechuga de Pavo Asada Sopraval 125 g,0,Online RM,Metropolitana,Santiago,2026-08-08,2026-08-08T00:26:34.249058
6f1aaa2e37c67cea140eb0c6d88adf4c,santaisabel,9,pechuga de pollo,Jamón de Pavo Acaramelado Receta del Abuelo 125 g,0,Online RM,Metropolitana,Santiago,2026-08-08,2026-08-08T00:26:34.249073
c9b3e046c3f56d1083861c143a5e4bcb,santaisabel,10,pechuga de pollo,Pechuga de Pollo Deshuesada Sin Marinar 800 g,0,Online RM,Metropolitana,Santiago,2026-08-08,2026-08-08T00:26:34.249088
d34a6be0cb31863cfd37d79da040aac5,santaisabel,11,pechuga de pollo,Tiritas de Pechuga Super Pollo Congelado 700 g,0,Online RM,Metropolitana,Santiago,2026-08-08,2026-08-08T00:26:34.249102
4527b9e5ff29363ed3c4280aebf26840,santaisabel,12,pechuga de pollo,Pechuga de Pavo La Preferida Cocida 125 g,0,Online RM,Metropolitana,Santiago,2026-08-08,2026-08-08T00:26:34.249116
02ebc497c306847ea66040d21a486f1e,santaisabel,13,pechuga de pollo,Pechuga de Pavo Cocida Receta del Abuelo 125 g,0,Online RM,Metropolitana,Santiago,2026-08-08,2026-08-08T00:26:34.249130
b2f6c5cf3451c1ac65c75d38955ff4f9,santaisabel,14,pechuga de pollo,Filetitos de Pechuga Congelado 700 g,0,Online RM,Metropolitana,Santiago,2026-08-08,2026-08-08T00:26:34.249144
4c78eea2dc62e654b84c146489d51034,santaisabel,15,pechuga de pollo,Filetitos de Pollo 830 g,0,Online RM,Metropolitana,Santiago,2026-08-08,2026-08-08T00:26:34.249157
bbebdc8566d9da99eccf871d44ee5a33,santaisabel,16,pechuga de pollo,Filete de Pollo Natural 700 g,0,Online RM,Metropolitana,Santiago,2026-08-08,2026-08-08T00:26:34.249171
18a04427913c33a441e73359badd1823,santaisabel,17,pechuga de pollo,Pechuga de Pollo Asada Receta del Abuelo Granel,0,Online RM,Metropolitana,Santiago,2026-08-08,2026-08-08T00:26:34.249185
a694f90c7de3c4504d7524c34f454325,santaisabel,18,pechuga de pollo,Pechuga de Pavo Cocida Sopraval 125 g,0,Online RM,Metropolitana,Santiago,2026-08-08,2026-08-08T00:26:34.249199
edb942add1badc06e7971d8587753e52,santaisabel,19,pechuga de pollo,Cubitos de Pollo Congelados 500 g,0,Online RM,Metropolitana,Santiago,2026-08-08,2026-08-08T00:26:34.249214
c609d7b79050d3a7ca03d93a865fefb0,santaisabel,20,pechuga de pollo,"Pechuga de Pollo DeshuesadaQuirch Foods, Congelada, kg",0,Online RM,Metropolitana,Santiago,2026-08-08,2026-08-08T00:26:34.249228
ba117cee8656fd7d63efd52ca769f62b,santaisabel,21,pechuga de pollo,Pechuga de Pollo Pf Cocida 150 g,0,Online RM,Metropolitana,Santiago,2026-08-08,2026-08-08T00:26:34.249241
cc8eddbe7ab895b6c5a854e475ca3638,santaisabel,22,pechuga de pollo,Pechuga Deshuesada Sadia 1 kg,0,Online RM,Metropolitana,Santiago,2026-08-08,2026-08-08T00:26:34.249255
442d90ce03b9a74d2ab1c6d69142ec61,santaisabel,23,pechuga de pollo,Pechuga de Pavo Pf Finissimas 125 g,0,Online RM,Metropolitana,Santiago,2026-08-08,2026-08-08T00:26:34.249271
6d92f26f6ca4f5e1ab830f58201a5c8a,santaisabel,24,pechuga de pollo,Pechuga de Pavo La Preferida Acaramelado 125 g,0,Online RM,Metropolitana,Santiago,2026-08-08,2026-08-08T00:26:34.249286
d6823fdcfb06fa02dc2478b6d4740b22,santaisabel,25,pechuga de pollo,Pechuga Pollo Asada Receta del Abuelo Corte Pluma 125 g,0,Online RM,Metropolitana,Santiago,2026-08-08,2026-08-08T00:26:34.249302
c6fc68bd6d637a231099d520ac13b82c,santaisabel,26,pechuga de pollo,Pechuga de Pavo La Preferida Ahumada 125 g,0,Online RM,Metropolitana,Santiago,2026-08-08,2026-08-08T00:26:34.249318
24f2be03d4765ba93bd00de44f4a5ed5,santaisabel,27,pechuga de pollo,Filetitos de Pechuga Congelados 1.5 kg,0,Online RM,Metropolitana,Santiago,2026-08-08,2026-08-08T00:26:34.249335
048687ef4400fe0fa4f4cc848617020d,santaisabel,28,pechuga de pollo,Pechuga de Pavo La Preferida Cocida 250 g,0,Online RM,Metropolitana,Santiago,2026-08-08,2026-08-08T00:26:34.249350
0cb0348663d1ed1c020b6e3a878f90ee,santaisabel,29,pechuga de pollo,Filete de Pollo Asado 800 g,0,Online RM,Metropolitana,Santiago,2026-08-08,2026-08-08T00:26:34.249367
8a22ac9c9b9eb01f92c5944e86b098ee,santaisabel,30,pechuga de pollo,Filetillo de Pollo Sin Marinar 800 g,0,Online RM,Metropolitana,Santiago,2026-08-08,2026-08-08T00:26:34.249383
9dbac384bfd69e432a5d937e76f25a9f,santaisabel,31,pechuga de pollo,Suprema de Pollo Receta del Abuelo Jamón y Queso 120 g,0,Online RM,Metropolitana,Santiago,2026-08-08,2026-08-08T00:26:34.249398
4fecb27d33eab1e47529b32406e34e76,santaisabel,32,pechuga de pollo,Tiras de Pollo Asado 800 g,0,Online RM,Metropolitana,Santiago,2026-08-08,2026-08-08T00:26:34.249413
efdb38b04cdd665f3572d77464df4897,santaisabel,33,pechuga de pollo,Filetillos de Pollo Ariztía Sin Marinar 580 g,0,Online RM,Metropolitana,Santiago,2026-08-08,2026-08-08T00:26:34.249428
153b36dbbfb20feb18af20a5f4f4beb1,santaisabel,34,pechuga de pollo,Filetillos de Pollo Ariztía 650 g,0,Online RM,Metropolitana,Santiago,2026-08-08,2026-08-08T00:26:34.249444
f41fd8d8200a9ad9f21b8c4137a85096,santaisabel,35,pechuga de pollo,Filetitos de pollo grillado tira 400 g,0,Online RM,Metropolitana,Santiago,2026-08-08,2026-08-08T00:26:34.249459
30dd7146b924184550c1e256fa92317d,santaisabel,36,pechuga de pollo,Filetitos de Pollo Congelados kg,0,Online RM,Metropolitana,Santiago,2026-08-08,2026-08-08T00:26:34.249475
7126b5cf176e3ebb67215a11bf3a105d,santaisabel,37,pechuga de pollo,Pasta de Pechuga de Pollo La Piara 115 g,0,Online RM,Metropolitana,Santiago,2026-08-08,2026-08-08T00:26:34.249490
018e7e8e8da52953c1088d534f206d16,santaisabel,38,pechuga de pollo,Filetitos de Pollo Super Pollo 530 g,0,Online RM,Metropolitana,Santiago,2026-08-08,2026-08-08T00:26:34.249522
f74a3d456b8242968714db8dcf602410,santaisabel,39,pechuga de pollo,Pechuga Deshuesada Don Pollo kg,0,Online RM,Metropolitana,Santiago,2026-08-08,2026-08-08T00:26:34.249554
28c5ba870869f8e272974b772d1cc396,santaisabel,40,pechuga de pollo,Pechuga Deshuesada Natural 700 g,0,Online RM,Metropolitana,Santiago,2026-08-08,2026-08-08T00:26:34.249568
f1647bf3891ff9b0d7680e9fcb949023,santaisabel,1,pollo entero,Pollo Entero Ariztía kg,0,Online RM,Metropolitana,Santiago,2026-08-08,2026-08-08T00:26:34.250610
66dee40d664415443072831fb864ae67,santaisabel,2,pollo entero,Pollo Entero Sin Marinar kg,0,Online RM,Metropolitana,Santiago,2026-08-08,2026-08-08T00:26:34.250738
c66d374b3f0b02bf0f78fcbd6296d9f4,santaisabel,3,pollo entero,Pollo Asado kg,0,Online RM,Metropolitana,Santiago,2026-08-08,2026-08-08T00:26:34.250751
77651e2b00c20a7af83dc0087d0cbf22,santaisabel,4,pollo entero,Trutro Entero de Pollo kg,0,Online RM,Metropolitana,Santiago,2026-08-08,2026-08-08T00:26:34.250760
fa78753323536e02967bc5f7e7d0a722,santaisabel,5,pollo entero,Pack 9 un. Patas de Pollo Ariztía 350 g,0,Online RM,Metropolitana,Santiago,2026-08-08,2026-08-08T00:26:34.250769
ce3bc80d7d765aae4e9d9ed84b12b979,santaisabel,6,pollo entero,Mini Quiche Pollo Champiñón Degustar 10 un.,0,Online RM,Metropolitana,Santiago,2026-08-08,2026-08-08T00:26:34.250777
6917c3780121b899e62d225f303bb507,santaisabel,7,pollo entero,Pechuga Deshuesada Sadia 1 kg,0,Online RM,Metropolitana,Santiago,2026-08-08,2026-08-08T00:26:34.250785
a597ab168cc7a83300e963928f7befe3,santaisabel,8,pollo entero,Trutro Corto de Pollo Sadia 1 kg,0,Online RM,Metropolitana,Santiago,2026-08-08,2026-08-08T00:26:34.250799
9aa859d88c7207ff4b3934749b4219ef,santaisabel,9,pollo entero,Corazón de Pollo 500 g,0,Online RM,Metropolitana,Santiago,2026-08-08,2026-08-08T00:26:34.250808
6f55ebcc1b0f3d53ed15242996cad8d3,santaisabel,10,pollo entero,Trutro Largo de Pollo Sadia 1 kg,0,Online RM,Metropolitana,Santiago,2026-08-08,2026-08-08T00:26:34.250816
996e1ecc56212b72dbd4d5198735878a,santaisabel,11,pollo entero,Pechuga Deshuesada Congelada 1.5 kg,0,Online RM,Metropolitana,Santiago,2026-08-08,2026-08-08T00:26:34.250823
b33021a150fd62ed85550c184ac72a0f,santaisabel,12,pollo entero,Pana de Pollo Ariztía 600 g,0,Online RM,Metropolitana,Santiago,2026-08-08,2026-08-08T00:26:34.250831
8419162107f9be771a3ca9fa14605ab3,santaisabel,13,pollo entero,Trutro Largo de Pollo Ariztía Canto del Gallo kg,0,Online RM,Metropolitana,Santiago,2026-08-08,2026-08-08T00:26:34.250839
c0e931b489de4467d3a30b251707531e,santaisabel,14,pollo entero,Corazón de Pollo Ariztía 500 g,0,Online RM,Metropolitana,Santiago,2026-08-08,2026-08-08T00:26:34.250847
45f433feb17d062eadb00a025180348c,santaisabel,15,pollo entero,Trutro Entero de Pollo kg,0,Online RM,Metropolitana,Santiago,2026-08-08,2026-08-08T00:26:34.250855
ce7ce60fc71d7e390d1c9ee69de49b75,santaisabel,1,trutro de pollo,Tuto Corto Super Pollo 800 g Aprox,0,Online RM,Metropolitana,Santiago,2026-08-08,2026-08-08T00:26:34.251974
231595ba8457dc2bd42bc8c07768b46a,santaisabel,2,trutro de pollo,Tuto Corto Super Pollo Iqf 800 g,0,Online RM,Metropolitana,Santiago,2026-08-08,2026-08-08T00:26:34.251987
62b86bce9d85b707efe69afa59f30adb,santaisabel,3,trutro de pollo,Tuto Combinado Super Pollo 1 kg Aprox,0,Online RM,Metropolitana,Santiago,2026-08-08,2026-08-08T00:26:34.252002
637811e5b6f76fd10e519e12920350d9,santaisabel,4,trutro de pollo,Trutro Largo Con Piel Super Pollo 800 g,0,Online RM,Metropolitana,Santiago,2026-08-08,2026-08-08T00:26:34.252011
5ce1919a3c0bcc337b1c9be4c0fce253,santaisabel,5,trutro de pollo,Tuto Ala Sabor Americano 750 g,0,Online RM,Metropolitana,Santiago,2026-08-08,2026-08-08T00:26:34.252019
773dd1edbd2955ed76bd88cdba3ec1ad,santaisabel,6,trutro de pollo,Trutro Corto de Pollo Asado 1 kg,0,Online RM,Metropolitana,Santiago,2026-08-08,2026-08-08T00:26:34.252028
bb45795d78a64e8f3a03d3b044d088a0,santaisabel,7,trutro de pollo,Trutro Entero de Pollo kg,0,Online RM,Metropolitana,Santiago,2026-08-08,2026-08-08T00:26:34.252037
3293ee3b3fbb0c89a38bbcbbb6af6792,santaisabel,8,trutro de pollo,Trutro Largo de Pollo Sin Marinar 1 kg,0,Online RM,Metropolitana,Santiago,2026-08-08,2026-08-08T00:26:34.252047
bef7f89b968f2f928c048872eb6348d5,santaisabel,9,trutro de pollo,Alitas Sabor Barbecue Super Pollo 750 g,0,Online RM,Metropolitana,Santiago,2026-08-08,2026-08-08T00:26:34.252056
fff303ad672392cdc27afe2ad7710952,santaisabel,10,trutro de pollo,Trutros Largos de Pollo Congelado kg,0,Online RM,Metropolitana,Santiago,2026-08-08,2026-08-08T00:26:34.252065
0675067c0ec268105e2522a34c20770d,santaisabel,11,trutro de pollo,Trutro Largo de Pollo kg,0,Online RM,Metropolitana,Santiago,2026-08-08,2026-08-08T00:26:34.252073
b0adbe65f53c16081005017338762173,santaisabel,12,trutro de pollo,Trutro Corto de Pollo Sadia 1 kg,0,Online RM,Metropolitana,Santiago,2026-08-08,2026-08-08T00:26:34.252081
8021a6239169a81841493318c52892c3,santaisabel,13,trutro de pollo,Alitas Sabor Chileno 750 g,0,Online RM,Metropolitana,Santiago,2026-08-08,2026-08-08T00:26:34.252092
3e75060a757bc77a560e95921f1f7283,santaisabel,14,trutro de pollo,Trutro Largo de Pollo Sadia 1 kg,0,Online RM,Metropolitana,Santiago,2026-08-08,2026-08-08T00:26:34.252100
c09ada318c0a895fd4dbcde6fb157554,santaisabel,15,trutro de pollo,Trutro Largo de Pollo Ariztía Envasado kg,0,Online RM,Metropolitana,Santiago,2026-08-08,2026-08-08T00:26:34.252108
fcee6aec2126b3a809d348b31bdaa76a,santaisabel,16,trutro de pollo,Pechuga Entera de Pollo kg,0,Online RM,Metropolitana,Santiago,2026-08-08,2026-08-08T00:26:34.252116
219f568313c6750f76938844a2330a16,santaisabel,17,trutro de pollo,Midwings de Pollo Ariztía Sureñas 750 g,0,Online RM,Metropolitana,Santiago,2026-08-08,2026-08-08T00:26:34.252124
49f96fb3d81a2ff320a811b1768d811a,santaisabel,18,trutro de pollo,Tuto Largo kg,0,Online RM,Metropolitana,Santiago,2026-08-08,2026-08-08T00:26:34.252132
f18f228f59957241d48b5da603e3c4d8,santaisabel,19,trutro de pollo,Trutro Combinado Don Pollo kg,0,Online RM,Metropolitana,Santiago,2026-08-08,2026-08-08T00:26:34.252141
9df0e47c1a97d24c834aa0a0c59e7457,santaisabel,20,trutro de pollo,Truto de Ala de Pollo 500 g,0,Online RM,Metropolitana,Santiago,2026-08-08,2026-08-08T00:26:34.252148
4eaf7c134941912f71c804519ae7a97b,santaisabel,21,trutro de pollo,Trutro Largo Don Pollo kg,0,Online RM,Metropolitana,Santiago,2026-08-08,2026-08-08T00:26:34.252160
89af53d66ad11c70315236de1f40400f,santaisabel,22,trutro de pollo,Tuto Deshuesado Sabor Ají Ahumado 750 g,0,Online RM,Metropolitana,Santiago,2026-08-08,2026-08-08T00:26:34.252168
671a866bbb3880df6c4c87317ec49f82,santaisabel,23,trutro de pollo,Tuto Deshuesado Chileno Super Pollo 1 kg,0,Online RM,Metropolitana,Santiago,2026-08-08,2026-08-08T00:26:34.252178
f6318fb561d95ba435388094d8fabdef,santaisabel,24,trutro de pollo,Trutro Corto de Pollo Sin Marinar 1 kg,0,Online RM,Metropolitana,Santiago,2026-08-08,2026-08-08T00:26:34.252186
c7233de88c406c42a0ebf45433a300cf,santaisabel,25,trutro de pollo,Trutro Largo de Pollo Ariztía Canto del Gallo kg,0,Online RM,Metropolitana,Santiago,2026-08-08,2026-08-08T00:26:34.252194
1f85e860fd7b5736a905357419f3560c,santaisabel,26,trutro de pollo,Trutro Largo y Corto de Pollo Ariztía kg,0,Online RM,Metropolitana,Santiago,2026-08-08,2026-08-08T00:26:34.252219
9aa54afb748d16ed430a36cd42066b0d,santaisabel,27,trutro de pollo,Trutro Entero de Pollo kg,0,Online RM,Metropolitana,Santiago,2026-08-08,2026-08-08T00:26:34.252233
5939e9ec7964e8427f620fc96b3ada76,santaisabel,28,trutro de pollo,Tutitos de Ala Ariztía Sureña 750 g,0,Online RM,Metropolitana,Santiago,2026-08-08,2026-08-08T00:26:34.252246
643e374edb7de0b1f911335de229f97a,santaisabel,29,trutro de pollo,Midwings de Pollo Ariztía 750 g,0,Online RM,Metropolitana,Santiago,2026-08-08,2026-08-08T00:26:34.252259
eb67e8437546e1a5826f4ce28024210d,santaisabel,30,trutro de pollo,Tutitos de Ala Ariztía Barbecue 750 g,0,Online RM,Metropolitana,Santiago,2026-08-08,2026-08-08T00:26:34.252273
85f98afb0d37d4e6b7f1646d4569641a,santaisabel,1,salchichas vienesas,Salchicha Llanquihue Tradicional 20 un.,0,Online RM,Metropolitana,Santiago,2026-08-08,2026-08-08T00:26:34.253851
ad1eb56bee3a87319e6578d2dc14aa32,santaisabel,2,salchichas vienesas,Salchicha Llanquihue Tradicional 10 un.,0,Online RM,Metropolitana,Santiago,2026-08-08,2026-08-08T00:26:34.253867
581dc504690449786c9713ed01aa53e3,santaisabel,3,salchichas vienesas,Salchichas Receta del Abuelo Premium 250 g 5 un.,0,Online RM,Metropolitana,Santiago,2026-08-08,2026-08-08T00:26:34.253881
fcbd239e7ee7cebbce6ce4c842699eeb,santaisabel,4,salchichas vienesas,Salchicha de Ave Montina 20 un. 1 kg,0,Online RM,Metropolitana,Santiago,2026-08-08,2026-08-08T00:26:34.253890
5ad458c8acfe202fd8bdee712b231dd1,santaisabel,5,salchichas vienesas,Vienesa Tradicional Al Vacío 250 g,0,Online RM,Metropolitana,Santiago,2026-08-08,2026-08-08T00:26:34.253898
2a2eab33501596691b9c5ac71cd81e08,santaisabel,6,salchichas vienesas,Salchicha Tradicional Pf 1 kg,0,Online RM,Metropolitana,Santiago,2026-08-08,2026-08-08T00:26:34.253907
3d5e8b0b466fd7680608c8eb406120b3,santaisabel,7,salchichas vienesas,Salchicha Vegetal Rikü 250 g,0,Online RM,Metropolitana,Santiago,2026-08-08,2026-08-08T00:26:34.253915
69e9278d8e21306fa15be96a5e3031e2,santaisabel,8,salchichas vienesas,Salchicha Sureñas Pf 250 g 5 un.,0,Online RM,Metropolitana,Santiago,2026-08-08,2026-08-08T00:26:34.253923
c0d81087480f47ddcf69c3cea83fa985,santaisabel,9,salchichas vienesas,Salchicha Sureña San Jorge 1 kg 20 un.,0,Online RM,Metropolitana,Santiago,2026-08-08,2026-08-08T00:26:34.253932
01b0f99f5ac6b3c561c6636723c6f2a1,santaisabel,10,salchichas vienesas,Salchicha Montina 1 kg 20 un.,0,Online RM,Metropolitana,Santiago,2026-08-08,2026-08-08T00:26:34.253943
1f3737b914a1164eca0aef09c62c32b5,santaisabel,11,salchichas vienesas,Salchicha Pavo Pf 250 g 5 un.,0,Online RM,Metropolitana,Santiago,2026-08-08,2026-08-08T00:26:34.253952
98eca32fd3b99c908ae94053e2ed57e1,santaisabel,12,salchichas vienesas,Salchicha Llanquihue Tradicional 5 un.,0,Online RM,Metropolitana,Santiago,2026-08-08,2026-08-08T00:26:34.253960
4386fa0300d5cb597e463c86f9c77ed9,santaisabel,13,salchichas vienesas,Salchicha Sureña Pf 500 g 10 un.,0,Online RM,Metropolitana,Santiago,2026-08-08,2026-08-08T00:26:34.253970
b0f5b5427356c2139ef5c084e03ac80b,santaisabel,14,salchichas vienesas,Salchichas Múnich Al Vacío 250 g,0,Online RM,Metropolitana,Santiago,2026-08-08,2026-08-08T00:26:34.253978
af94780d1e66678dffc5cc3838df6e64,santaisabel,15,salchichas vienesas,Salchichas Húngaras Al Vacío 250 g,0,Online RM,Metropolitana,Santiago,2026-08-08,2026-08-08T00:26:34.253986
048f69fa39b90409fab808dbc4a368d2,santaisabel,16,salchichas vienesas,Salchichas Campesinas Al Vacío 250 g,0,Online RM,Metropolitana,Santiago,2026-08-08,2026-08-08T00:26:34.253997
9e7b42233d65d90e850ad897af97defd,santaisabel,17,salchichas vienesas,Salchicha Pollo La Montina Campestre Artesanal 250 g,0,Online RM,Metropolitana,Santiago,2026-08-08,2026-08-08T00:26:34.254006
b7105d1f0855b048b715ba8a3f6e0e88,santaisabel,18,salchichas vienesas,Salchichas Receta del Abuelo Premium 500 g 10 un.,0,Online RM,Metropolitana,Santiago,2026-08-08,2026-08-08T00:26:34.254015
e9927bc1e969983408bbebfc16e02db0,santaisabel,19,salchichas vienesas,Salchichas Receta del Abuelo Premium 750 g 15 un.,0,Online RM,Metropolitana,Santiago,2026-08-08,2026-08-08T00:26:34.254023
40e521b0e4df15468f4106728a5c32f2,santaisabel,20,salchichas vienesas,Salchicha Pollo Montina Sureña 800 g,0,Online RM,Metropolitana,Santiago,2026-08-08,2026-08-08T00:26:34.254031
4131026e09c981cbc3ce70117d092c0f,santaisabel,21,salchichas vienesas,Salchicha Pollo Montina Sureña 1 kg,0,Online RM,Metropolitana,Santiago,2026-08-08,2026-08-08T00:26:34.254039
2fac67e96e98ecf24f97fa3e961844f9,santaisabel,22,salchichas vienesas,Vienesas La Preferida Sin Piel 380 g 7 un.,0,Online RM,Metropolitana,Santiago,2026-08-08,2026-08-08T00:26:34.254047
3f4be5d175bbcee14c33abce15fe8a90,santaisabel,23,salchichas vienesas,Salchicha Sureña Receta del Abuelo 250 g,0,Online RM,Metropolitana,Santiago,2026-08-08,2026-08-08T00:26:34.254058
45433186e7c10ba68abd88ad7a4efaa9,santaisabel,24,salchichas vienesas,Salchichas San Jorge 1 kg 20 un.,0,Online RM,Metropolitana,Santiago,2026-08-08,2026-08-08T00:26:34.254066
fb8a758c19651570f9b6e620dff600e3,santaisabel,25,salchichas vienesas,Salchicha Pollo La Montina Criolla Artesanal 250 g,0,Online RM,Metropolitana,Santiago,2026-08-08,2026-08-08T00:26:34.254074
f937df4fd57681753c5e6d27d57b32ed,santaisabel,26,salchichas vienesas,Salchicha Sureña Pf 1 kg,0,Online RM,Metropolitana,Santiago,2026-08-08,2026-08-08T00:26:34.254082
a7bdde1b3c9f2ea69d3b6b173875cb4b,santaisabel,27,salchichas vienesas,Salchichas Pollo Winter 1 kg,0,Online RM,Metropolitana,Santiago,2026-08-08,2026-08-08T00:26:34.254090
b1d02275b68a25a3ca413efbeec3abfd,santaisabel,28,salchichas vienesas,Vienesas La Preferida Sin Piel 760 g 14 un.,0,Online RM,Metropolitana,Santiago,2026-08-08,2026-08-08T00:26:34.254098
d761f89a519288debf400ded89343e9c,santaisabel,29,salchichas vienesas,Salchicha Gorda Al Vacío 400 g,0,Online RM,Metropolitana,Santiago,2026-08-08,2026-08-08T00:26:34.254106
bc6bc9a0570d165a8e1abe1153fd1230,santaisabel,30,salchichas vienesas,Salchicha Pollo Sureña PF 1 kg,0,Online RM,Metropolitana,Santiago,2026-08-08,2026-08-08T00:26:34.254115
763d8cd24d7961832691c684b1948bd1,santaisabel,31,salchichas vienesas,Salchicha Winter Tradicional 1 kg,0,Online RM,Metropolitana,Santiago,2026-08-08,2026-08-08T00:26:34.254123
73a6094bb2d1fe7832128bea28155447,santaisabel,32,salchichas vienesas,Salchichas Schwencke 500 g,0,Online RM,Metropolitana,Santiago,2026-08-08,2026-08-08T00:26:34.254131
12b299c470cd813e33d8c10d50739e9a,santaisabel,33,salchichas vienesas,Salchicha Pavo Montina 1 kg 20 un.,0,Online RM,Metropolitana,Santiago,2026-08-08,2026-08-08T00:26:34.254144
24964dd60590e06216bc104df3978ec0,santaisabel,34,salchichas vienesas,Nothotdog Vegetal 250 g,0,Online RM,Metropolitana,Santiago,2026-08-08,2026-08-08T00:26:34.254152
eb89042c1579813f33a3d3a784d10dc9,santaisabel,35,salchichas vienesas,Salchicha Premium Schwencke 500,0,Online RM,Metropolitana,Santiago,2026-08-08,2026-08-08T00:26:34.254163
0b1e44f77e818e8f6e500ca84caa99ec,santaisabel,36,salchichas vienesas,Salchichas Sureñas La Preferida 10 un. 500 g,0,Online RM,Metropolitana,Santiago,2026-08-08,2026-08-08T00:26:34.254171
079af9ef071176aa1651e518c043988a,santaisabel,37,salchichas vienesas,Vienesas Emporio Alemán 250 g,0,Online RM,Metropolitana,Santiago,2026-08-08,2026-08-08T00:26:34.254179
4e12cb9cbce3e43c6c71d2185b78f057,santaisabel,38,salchichas vienesas,Salchicha Sureña San Jorge 250 g,0,Online RM,Metropolitana,Santiago,2026-08-08,2026-08-08T00:26:34.254187
5b9a1ea603a67077556e2878f0c3d8ce,santaisabel,39,salchichas vienesas,Salchicha Sureña Receta del Abuelo 500 g 10 un.,0,Online RM,Metropolitana,Santiago,2026-08-08,2026-08-08T00:26:34.254195
a10659e19b4186e28a101b4bc1d014e8,santaisabel,40,salchichas vienesas,Salchichas Villa Baviera 200 g,0,Online RM,Metropolitana,Santiago,2026-08-08,2026-08-08T00:26:34.254203
adeae169e296d9a5ada5373331f11bcf,santaisabel,1,longaniza,Longaniza Llanquihue 500 g 4 un.,0,Online RM,Metropolitana,Santiago,2026-08-08,2026-08-08T00:26:34.255672
7cb94796f54fae4ce7aea372a07c897b,santaisabel,2,longaniza,Longaniza Llanquihue 250 g,0,Online RM,Metropolitana,Santiago,2026-08-08,2026-08-08T00:26:34.255692
fcd9db60b36e8afcb6a5d5b724fb2338,santaisabel,3,longaniza,Longaniza Alemana Schwencke Ahumada 500 g,0,Online RM,Metropolitana,Santiago,2026-08-08,2026-08-08T00:26:34.255716
417834766334e7d97f715adc66a6ec11,santaisabel,4,longaniza,Longaniza Ahumada Chillán Tradicional 500 g,0,Online RM,Metropolitana,Santiago,2026-08-08,2026-08-08T00:26:34.255731
5b975b82ae8b461fb9b1fc5db8671dd6,santaisabel,5,longaniza,Longaniza Schwencke 500 g,0,Online RM,Metropolitana,Santiago,2026-08-08,2026-08-08T00:26:34.255740
84e574ee461334e3460cd01237e6a87d,santaisabel,6,longaniza,Longaniza Tradicional Al Vacío 250 g,0,Online RM,Metropolitana,Santiago,2026-08-08,2026-08-08T00:26:34.255748
52632de3aaccbc7f424aa3f8a060a59a,santaisabel,7,longaniza,Longaniza Schwencke 250 g,0,Online RM,Metropolitana,Santiago,2026-08-08,2026-08-08T00:26:34.255756
fcc3dbc14e360862063ba25d82915d6f,santaisabel,8,longaniza,Longaniza Choripán Al Vacío 250 g,0,Online RM,Metropolitana,Santiago,2026-08-08,2026-08-08T00:26:34.255764
4af793b5b82ebcbe0f8f6a6b1118108d,santaisabel,9,longaniza,Longaniza Choripán Al Vacío 500 g,0,Online RM,Metropolitana,Santiago,2026-08-08,2026-08-08T00:26:34.255772
5086b978e782f51330b021894e934976,santaisabel,10,longaniza,Longaniza Angus La Preferida 500 g,0,Online RM,Metropolitana,Santiago,2026-08-08,2026-08-08T00:26:34.255783
02946d467380c038f91a6886dbb41a66,santaisabel,11,longaniza,Longaniza Parrillera Alejandro 250 g,0,Online RM,Metropolitana,Santiago,2026-08-08,2026-08-08T00:26:34.255793
21e1346062f098e03071d7a8427ee9cc,santaisabel,12,longaniza,Longaniza Villa Baviera 360 g,0,Online RM,Metropolitana,Santiago,2026-08-08,2026-08-08T00:26:34.255801
f86666047fc04e7e583c1f5ab31bae87,santaisabel,13,longaniza,Longaniza Schwencke 1 kg,0,Online RM,Metropolitana,Santiago,2026-08-08,2026-08-08T00:26:34.255812
853103abc3eb587f05b3da29d9966017,santaisabel,14,longaniza,Longaniza Texmex Ají Verde Al Vacío 250 g,0,Online RM,Metropolitana,Santiago,2026-08-08,2026-08-08T00:26:34.255820
2ca6e51692f15c89a910663a3f2d7f9b,santaisabel,15,longaniza,Longaniza Bratwurst Parmesano Al Vacío 250 g,0,Online RM,Metropolitana,Santiago,2026-08-08,2026-08-08T00:26:34.255828
31340ce17714b376110f37fdf80d5d0b,santaisabel,16,longaniza,Longaniza Barbacoa Alejandro 250 g,0,Online RM,Metropolitana,Santiago,2026-08-08,2026-08-08T00:26:34.255836
8c85c4bc9d9318c1b5fe0944acbd4ce8,santaisabel,17,longaniza,Longaniza Parrillera Soler 500 g,0,Online RM,Metropolitana,Santiago,2026-08-08,2026-08-08T00:26:34.255844
996f1578be483e9b0436253744e3e724,santaisabel,18,longaniza,Longaniza Parrillera Pf 1 kg,0,Online RM,Metropolitana,Santiago,2026-08-08,2026-08-08T00:26:34.255852
731448b460ae63c43667b06a4ed25380,santaisabel,19,longaniza,Longaniza Bratwurst Boletus 1 un.,0,Online RM,Metropolitana,Santiago,2026-08-08,2026-08-08T00:26:34.255860
c2eb7d2c94c24485ea32ec1a68d78ef6,santaisabel,20,longaniza,Longaniza Patagónica JJ 500 g,0,Online RM,Metropolitana,Santiago,2026-08-08,2026-08-08T00:26:34.255868
3b95c325e7507cf6a44c24b7eead3922,santaisabel,21,longaniza,Longaniza Bratwurst Al Vacío 500 g,0,Online RM,Metropolitana,Santiago,2026-08-08,2026-08-08T00:26:34.255876
00d6f39c17cc8362d94bb1c2bcdc50c9,santaisabel,22,longaniza,Longaniza Natural Alejandro 250 g,0,Online RM,Metropolitana,Santiago,2026-08-08,2026-08-08T00:26:34.255884
c0a91bd5dce8b00fdcc5a4e4004d475f,santaisabel,23,longaniza,Longaniza Artesanal Centenario La Preferida 400 g,0,Online RM,Metropolitana,Santiago,2026-08-08,2026-08-08T00:26:34.255895
c3b244e40563443401c7decee02db3e4,santaisabel,24,longaniza,Longaniza Rústica Campo Al Vacío 250 g,0,Online RM,Metropolitana,Santiago,2026-08-08,2026-08-08T00:26:34.255903
58f366c905b3a9f59b6d5abd17ab7970,santaisabel,25,longaniza,Longaniza Rústica Tradicional Al Vacío 250 g,0,Online RM,Metropolitana,Santiago,2026-08-08,2026-08-08T00:26:34.255911
3b5cd97956278eb83a5d944006dd6b9c,santaisabel,26,longaniza,Longaniza Llanquihue 1 kg 8 un.,0,Online RM,Metropolitana,Santiago,2026-08-08,2026-08-08T00:26:34.255921
950c52d02c2cd5bd58362b3bb8f8fe74,santaisabel,27,longaniza,Longaniza Bratwurst Al Vacío 250 g,0,Online RM,Metropolitana,Santiago,2026-08-08,2026-08-08T00:26:34.255929
a43805d5bff1b1a846205d6a44cca52e,santaisabel,28,longaniza,Longaniza Parrillera Chillán Al Vacío 500 g,0,Online RM,Metropolitana,Santiago,2026-08-08,2026-08-08T00:26:34.255937
82a54bcbeb854b0c0abb60307def9374,santaisabel,29,longaniza,Chorizo con Angus Receta del Abuelo 400 g,0,Online RM,Metropolitana,Santiago,2026-08-08,2026-08-08T00:26:34.255945
6205eb8c74c2e8647b2027d5d6fab792,santaisabel,30,longaniza,Choricillo Cocktail Llanquihue 250 g,0,Online RM,Metropolitana,Santiago,2026-08-08,2026-08-08T00:26:34.255953
119781224c9ac3bd69c6260fa30f8ea1,santaisabel,31,longaniza,Prietas Llanquihue 250 g,0,Online RM,Metropolitana,Santiago,2026-08-08,2026-08-08T00:26:34.255962
fd7230b85023c5340124f2bba3cd0746,santaisabel,32,longaniza,Chorizo Cuisine & Co Laminado 80 g,0,Online RM,Metropolitana,Santiago,2026-08-08,2026-08-08T00:26:34.255970
478042032751c4e18715a745d188dab3,santaisabel,33,longaniza,Choricillo Cocktail Pf 180 g,0,Online RM,Metropolitana,Santiago,2026-08-08,2026-08-08T00:26:34.255980
9db07b557a415dca22defe9c6db4db81,santaisabel,34,longaniza,Chorizo Ibérico 100% Cuisine & Co 80 g,0,Online RM,Metropolitana,Santiago,2026-08-08,2026-08-08T00:26:34.255988
4c9f44e2eb7abd085c0a4c1cf7bfc133,santaisabel,35,longaniza,Chorizo Parrillero La Crianza 400 g,0,Online RM,Metropolitana,Santiago,2026-08-08,2026-08-08T00:26:34.255999
b7e2696ad4d85559666d20a53e3773ac,santaisabel,36,longaniza,Chorizo Angus La Preferida 1 kg 16 un.,0,Online RM,Metropolitana,Santiago,2026-08-08,2026-08-08T00:26:34.256007
cba578876e632c32f92f1e252ea6a241,santaisabel,37,longaniza,Chorizo de Campo La Crianza 400 g,0,Online RM,Metropolitana,Santiago,2026-08-08,2026-08-08T00:26:34.256015
cde651f84126e5dbb7f6eb588bf189b0,santaisabel,38,longaniza,Prieta Receta del Abuelo 350 g,0,Online RM,Metropolitana,Santiago,2026-08-08,2026-08-08T00:26:34.256022
d49811aa35a4628c43a555610650aa07,santaisabel,39,longaniza,Chorizo Parrillero Receta del Abuelo 400 g,0,Online RM,Metropolitana,Santiago,2026-08-08,2026-08-08T00:26:34.256031
bf6b17bbc701f6a5286f47d83f589848,santaisabel,40,longaniza,Chorizo Artesanal La Preferida Centenario 400 g,0,Online RM,Metropolitana,Santiago,2026-08-08,2026-08-08T00:26:34.256039
9966d56bdd3f71326c43b33edc6f16b0,santaisabel,1,jamon acaramelado,Jamón Acaramelado Receta del Abuelo Granel,0,Online RM,Metropolitana,Santiago,2026-08-08,2026-08-08T00:26:34.257238
4a89822cb8e19b8a74e26d2663a4afa2,santaisabel,2,jamon acaramelado,Jamón Pierna Acaramelado Granel 100 g,0,Online RM,Metropolitana,Santiago,2026-08-08,2026-08-08T00:26:34.257257
f72bfb30e84b3f6179f7fe90c356438f,santaisabel,3,jamon acaramelado,Jamón Acaramelado Super Cerdo Granel,0,Online RM,Metropolitana,Santiago,2026-08-08,2026-08-08T00:26:34.257281
405004532f43e808b8cdb62fad3da249,santaisabel,4,jamon acaramelado,Jamón Pierna de Cerdo La Crianza Acaramelado kg,0,Online RM,Metropolitana,Santiago,2026-08-08,2026-08-08T00:26:34.257305
06e238b92617508ee2e38f855703a13d,santaisabel,5,jamon acaramelado,Jamón Acaramelado Winter Granel,0,Online RM,Metropolitana,Santiago,2026-08-08,2026-08-08T00:26:34.257319
f4562f7dad161ea0a8736f17f53e719f,santaisabel,6,jamon acaramelado,Jamón Pierna Acaramelado Al Vacío 250 g,0,Online RM,Metropolitana,Santiago,2026-08-08,2026-08-08T00:26:34.257332
8b7aa8066121a80f5c661d654750f531,santaisabel,7,jamon acaramelado,Jamón Acaramelado San Jorge Granel,0,Online RM,Metropolitana,Santiago,2026-08-08,2026-08-08T00:26:34.257346
0122ff7e6a1930152bfdacbc57a55f96,santaisabel,8,jamon acaramelado,Jamón Pierna Cerdo La Crianza Acaramelado Corte Pluma 120 g,0,Online RM,Metropolitana,Santiago,2026-08-08,2026-08-08T00:26:34.257359
0840d801f5f0530fdfb824ca7c9077b6,santaisabel,9,jamon acaramelado,Jamón de Pavo Acaramelado Receta del Abuelo 125 g,0,Online RM,Metropolitana,Santiago,2026-08-08,2026-08-08T00:26:34.257372
d17a4f85ab139a5983c5617c200eaca9,santaisabel,10,jamon acaramelado,Jamón Artesanal Llanquihue Acaramelado Granel,0,Online RM,Metropolitana,Santiago,2026-08-08,2026-08-08T00:26:34.257386
8253762d56ae3b07b453fe4af3b75b01,santaisabel,11,jamon acaramelado,Jamón Acaramelado Receta del Abuelo Corte Pluma 125 g,0,Online RM,Metropolitana,Santiago,2026-08-08,2026-08-08T00:26:34.257400
8992fd53de2ad012c1d001dca1ce24c8,santaisabel,12,jamon acaramelado,Jamón Acaramelado Pf 200 g,0,Online RM,Metropolitana,Santiago,2026-08-08,2026-08-08T00:26:34.257414
065d9281d8ab7a9f7bd0a48ab0226a6d,santaisabel,13,jamon acaramelado,Jamón Acaramelado San Jorge 200 g,0,Online RM,Metropolitana,Santiago,2026-08-08,2026-08-08T00:26:34.257433
67ea0ce90216b19eca752d2ec0754cff,santaisabel,14,jamon acaramelado,Jamón Pierna Pf Acaramelado 125 g,0,Online RM,Metropolitana,Santiago,2026-08-08,2026-08-08T00:26:34.257448
1fa03cdddca8e183781a33fda14d0821,santaisabel,15,jamon acaramelado,Jamón Acaramelado Super Cerdo 150 g,0,Online RM,Metropolitana,Santiago,2026-08-08,2026-08-08T00:26:34.257463
1913e1b3169b13310e731efe99f8fd38,santaisabel,16,jamon acaramelado,Jamón Centenario La Preferida Acaramelado 125 g,0,Online RM,Metropolitana,Santiago,2026-08-08,2026-08-08T00:26:34.257478
600b29f93be29d9476e36451662ac547,santaisabel,17,jamon acaramelado,Pechuga de Pavo La Preferida Acaramelado 125 g,0,Online RM,Metropolitana,Santiago,2026-08-08,2026-08-08T00:26:34.257492
d5249699323ac60eea444685724937f6,santaisabel,18,jamon acaramelado,Jamón Acaramelado de Pavo Sopraval Granel,0,Online RM,Metropolitana,Santiago,2026-08-08,2026-08-08T00:26:34.257511
1f20344a2e24dd6b75354ae84af7cb04,santaisabel,19,jamon acaramelado,Jamón Pierna Pf Acaramelado Granel,0,Online RM,Metropolitana,Santiago,2026-08-08,2026-08-08T00:26:34.257527
d897996915c26be59e0bb22191feff9f,santaisabel,20,jamon acaramelado,Jamón Acaramelado 250 g,0,Online RM,Metropolitana,Santiago,2026-08-08,2026-08-08T00:26:34.257567
40d02cd7f44afbfbc3caede21c9ec116,santaisabel,21,jamon acaramelado,Jamón Pierna de Cerdo Acaramelado kg,0,Online RM,Metropolitana,Santiago,2026-08-08,2026-08-08T00:26:34.257583
1e3f103f372cf54e2abc8a7a75d52194,santaisabel,22,jamon acaramelado,Pechuga de Pavo La Preferida Acaramelado Granel,0,Online RM,Metropolitana,Santiago,2026-08-08,2026-08-08T00:26:34.257599
06cf112b7d21950494a02317a103d825,santaisabel,23,jamon acaramelado,Pechuga de Pavo Sopraval Acaramelado Granel,0,Online RM,Metropolitana,Santiago,2026-08-08,2026-08-08T00:26:34.257620
abfe97c1c72227c0ce490e88e6e8fa5a,santaisabel,24,jamon acaramelado,Pechuga de Pavo Sopraval Acaramelado 150 g,0,Online RM,Metropolitana,Santiago,2026-08-08,2026-08-08T00:26:34.257634
c124f23e78028215c79d3a0856316ecb,santaisabel,1,pate,Paté Teewurst Llanquihue 125 g,0,Online RM,Metropolitana,Santiago,2026-08-08,2026-08-08T00:26:34.259369
35e5d276a810849702205f8d1cfb4522,santaisabel,2,pate,Pasta Salame Receta del Abuelo 125 g,0,Online RM,Metropolitana,Santiago,2026-08-08,2026-08-08T00:26:34.259383
f915e6d3dc3bbc5a3702f94baaeef46f,santaisabel,3,pate,Paté de Ternera La Preferida 160 g,0,Online RM,Metropolitana,Santiago,2026-08-08,2026-08-08T00:26:34.259393
137bb696c7f26f665b12d3b566b33f6b,santaisabel,4,pate,Paté La Crianza de Ternera 125 g,0,Online RM,Metropolitana,Santiago,2026-08-08,2026-08-08T00:26:34.259402
165ea3d321b5fe82629bfc50ca79a634,santaisabel,5,pate,Paté Ternera Pf 125 g,0,Online RM,Metropolitana,Santiago,2026-08-08,2026-08-08T00:26:34.259415
cf953a668a6e7bc123b97a9896e48f79,santaisabel,6,pate,Paté de Campo Llanquihue 125 g,0,Online RM,Metropolitana,Santiago,2026-08-08,2026-08-08T00:26:34.259425
1ffbae7cd56decd9b9a2d77e3f3fb51f,santaisabel,7,pate,Paté de Cerdo Emporio Alemán 125 g,0,Online RM,Metropolitana,Santiago,2026-08-08,2026-08-08T00:26:34.259433
4871860b10404b5bfc4fc94453efe448,santaisabel,8,pate,Paté Sabor Ternera Receta del Abuelo 125 g,0,Online RM,Metropolitana,Santiago,2026-08-08,2026-08-08T00:26:34.259520
8428d3f8ab9f1428fbccfb1be21d190b,santaisabel,9,pate,Paté de Ternera Emporio Alemán 125 g,0,Online RM,Metropolitana,Santiago,2026-08-08,2026-08-08T00:26:34.259563
4f65b412e30aa2908f34459002231fd6,santaisabel,10,pate,Paté de Jamón Receta del Abuelo 125 g,0,Online RM,Metropolitana,Santiago,2026-08-08,2026-08-08T00:26:34.259575
2482c8baf694e504168a1e5124146825,santaisabel,11,pate,Pasta de Pechuga de Pollo La Piara 115 g,0,Online RM,Metropolitana,Santiago,2026-08-08,2026-08-08T00:26:34.259583
76eb933a5f6322c951289a05c65493f5,santaisabel,12,pate,Paté Teewurst Receta del Abuelo 125 g,0,Online RM,Metropolitana,Santiago,2026-08-08,2026-08-08T00:26:34.259592
bd0c652b742a9ba2ba3046280baba0ca,santaisabel,13,pate,Paté de Ternera San Jorge 125 g,0,Online RM,Metropolitana,Santiago,2026-08-08,2026-08-08T00:26:34.259600
e16b8724f0875614bf09a26abebda9fa,santaisabel,14,pate,Paté de Campo Receta del Abuelo 125 g,0,Online RM,Metropolitana,Santiago,2026-08-08,2026-08-08T00:26:34.259608
2d1a99690f2b7261d49bf0d058859cb7,santaisabel,15,pate,Paté de Cerdo Llanquihue 125 g,0,Online RM,Metropolitana,Santiago,2026-08-08,2026-08-08T00:26:34.259617
09681d9c6c304fb96dc1cb190e5b0eb2,santaisabel,16,pate,Pasta Ave Mayo Receta del Abuelo 125 g,0,Online RM,Metropolitana,Santiago,2026-08-08,2026-08-08T00:26:34.259626
80c170d31ff2c9b9e776b2c57d0bc6b3,santaisabel,17,pate,Teewurst Villa Baviera 130 g,0,Online RM,Metropolitana,Santiago,2026-08-08,2026-08-08T00:26:34.259637
0be354b70301f52c191c585b1c857fb6,santaisabel,18,pate,Paté de Pollo Finas Hierbas Receta del Abuelo 125 g,0,Online RM,Metropolitana,Santiago,2026-08-08,2026-08-08T00:26:34.259645
4ab4c9cff4d72f396c4d7833d15f7f04,santaisabel,19,pate,Paté de Jamón Pf 125 g,0,Online RM,Metropolitana,Santiago,2026-08-08,2026-08-08T00:26:34.259656
a6da5c84b4d61ee8bb6ea126f4d2c5c8,santaisabel,20,pate,Paté de Cerdo Villa Baviera 130 g,0,Online RM,Metropolitana,Santiago,2026-08-08,2026-08-08T00:26:34.259664
c2c99b2e2e109e7ec53548fb25577554,santaisabel,21,pate,Paté Teewurst La Preferida 125 g,0,Online RM,Metropolitana,Santiago,2026-08-08,2026-08-08T00:26:34.259672
2e619a17e78c4073ce01f7364539fd55,santaisabel,22,pate,Paté de Ternera La Piara 125 g,0,Online RM,Metropolitana,Santiago,2026-08-08,2026-08-08T00:26:34.259680
a968ec536aab0fa7b8832792db3963b9,santaisabel,23,pate,Paté de Campo La Piara 125 g,0,Online RM,Metropolitana,Santiago,2026-08-08,2026-08-08T00:26:34.259688
9e8d2b7771c5cf8e8305a0eb61e1176c,santaisabel,24,pate,Paté de Ternera Castillo 100 g,0,Online RM,Metropolitana,Santiago,2026-08-08,2026-08-08T00:26:34.259696
0181dd75036e4cf7b8d5c8a801f9b805,santaisabel,25,pate,Sucedáneo Paté Vegan Deli Natural 150 g,0,Online RM,Metropolitana,Santiago,2026-08-08,2026-08-08T00:26:34.259703
729a1d6e9edede3bcb26e8680f6e9e4d,santaisabel,26,pate,Sucedáneo Paté Vegan Deli French 150 g,0,Online RM,Metropolitana,Santiago,2026-08-08,2026-08-08T00:26:34.259711
d8b48320a47c830f0b7ab9902cd50a71,santaisabel,27,pate,Paté Finas Hierbas 100 g,0,Online RM,Metropolitana,Santiago,2026-08-08,2026-08-08T00:26:34.259719
a794cbeee1b5b183f3a0b6c8bb0083b6,santaisabel,28,pate,Paté Pavo Al Cognac 100 g,0,Online RM,Metropolitana,Santiago,2026-08-08,2026-08-08T00:26:34.259727
adee0696c4c612aa6aa40cd881754aff,santaisabel,29,pate,Paté Ternera Perello 100 g,0,Online RM,Metropolitana,Santiago,2026-08-08,2026-08-08T00:26:34.259737
8877ab2ab0da843881ae1f885150f714,santaisabel,30,pate,Paté Foie Perello 100 g,0,Online RM,Metropolitana,Santiago,2026-08-08,2026-08-08T00:26:34.259745
788e49bd3fc73b9992a50c073f048b65,santaisabel,31,pate,Pack de Paté Foie y Paté de Campo Henaff 234 g,0,Online RM,Metropolitana,Santiago,2026-08-08,2026-08-08T00:26:34.259753
d9efb46aa18e59974d130ec10fa82a11,santaisabel,32,pate,Pasta Sabor Jamón Serrano Recetas del Abuelo 125 g,0,Online RM,Metropolitana,Santiago,2026-08-08,2026-08-08T00:26:34.259761
fbc4c911dcbaa56bf3733bda95fe66fa,santaisabel,33,pate,Pasta Pollo Ciboulette La Preferida 125 g,0,Online RM,Metropolitana,Santiago,2026-08-08,2026-08-08T00:26:34.259769
03683a5de885821677171807752c246b,santaisabel,34,pate,Pate de Jamón 125 g,0,Online RM,Metropolitana,Santiago,2026-08-08,2026-08-08T00:26:34.259777
27b9ce4ed96725e3b9099db117ba19d4,santaisabel,35,pate,Pate de Campo 125 g,0,Online RM,Metropolitana,Santiago,2026-08-08,2026-08-08T00:26:34.259784
bc950091bbf7373d62974372481180b5,santaisabel,36,pate,Paté de Jamón San Jorge 125 g,0,Online RM,Metropolitana,Santiago,2026-08-08,2026-08-08T00:26:34.259792
b0eac4a88e76a841338b08e663dfa395,santaisabel,37,pate,Pack 2 un. Pasta Pechuga Pollo 230 g,0,Online RM,Metropolitana,Santiago,2026-08-08,2026-08-08T00:26:34.259800
227f1922f5d789576c4f6588bd4429a1,santaisabel,38,pate,Pasta Ave Ciboulette 125 g,0,Online RM,Metropolitana,Santiago,2026-08-08,2026-08-08T00:26:34.259808
55eeeb898f93a6da85c2953433d0a10f,santaisabel,39,pate,Paté de Jamón La Piara 115 g,0,Online RM,Metropolitana,Santiago,2026-08-08,2026-08-08T00:26:34.259819
6d6820676936c6111b8fdf7de219c6ea,santaisabel,1,merluza congelada,Merluza Premium Al Vacío Congelada 400 g,0,Online RM,Metropolitana,Santiago,2026-08-08,2026-08-08T00:26:34.260247
fa43a1fecff0722565ad005b928dac2f,santaisabel,2,merluza congelada,Merluza Filete Congelada 500 g,0,Online RM,Metropolitana,Santiago,2026-08-08,2026-08-08T00:26:34.260258
eca2724a2c1f52d0dacd419feede7500,santaisabel,3,merluza congelada,Hamburguesas de Merluza Congeladas 2 un.,0,Online RM,Metropolitana,Santiago,2026-08-08,2026-08-08T00:26:34.260267
3b1eff611b660c0aa1ee080b503af615,santaisabel,1,jurel en conserva,Jurel Al Natural San José Lata 300 g drenado,0,Online RM,Metropolitana,Santiago,2026-08-08,2026-08-08T00:26:34.260952
68b67f8fa6e810d3e182350834b53c43,santaisabel,2,jurel en conserva,Jurel Al Natural 300 g drenado,0,Online RM,Metropolitana,Santiago,2026-08-08,2026-08-08T00:26:34.260964
c03a6aa24fec6426f69da20b1475897c,santaisabel,3,jurel en conserva,Jurel Al Natural San José Reducido en Sodio 300 g drenado,0,Online RM,Metropolitana,Santiago,2026-08-08,2026-08-08T00:26:34.260974
9ca61369ceae733a93ae9ca8d007eef2,santaisabel,4,jurel en conserva,Jurel Natural 130 g drenado,0,Online RM,Metropolitana,Santiago,2026-08-08,2026-08-08T00:26:34.260982
09bf5911442f11c550807519c7bd1e88,santaisabel,5,jurel en conserva,Jurel Natural Bajo en Sodio 300 g drenado,0,Online RM,Metropolitana,Santiago,2026-08-08,2026-08-08T00:26:34.260992
6e2e2aa3f31d2e000c1d9ba878b2755b,santaisabel,6,jurel en conserva,Jurel en Salsa de Tomate 300 g drenado,0,Online RM,Metropolitana,Santiago,2026-08-08,2026-08-08T00:26:34.261001
d3616ca593f1386f3a9b0dbd56f380dc,santaisabel,7,jurel en conserva,Lomos de Jurel Natural San José 104 g drenado,0,Online RM,Metropolitana,Santiago,2026-08-08,2026-08-08T00:26:34.261016
6a1f6f926a6c8eb45a44ca54296fee1a,santaisabel,8,jurel en conserva,Lomos de Jurel en Aceite San José 104 g drenado,0,Online RM,Metropolitana,Santiago,2026-08-08,2026-08-08T00:26:34.261025
b118b64dd792a4833ee0501bcf88e842,santaisabel,9,jurel en conserva,Lomos de Jurel Ahumado San José 104 g drenado,0,Online RM,Metropolitana,Santiago,2026-08-08,2026-08-08T00:26:34.261033
0582c9e67de3c5e7a7cfe1d303b89b2c,santaisabel,10,jurel en conserva,Medallón de Jurel Al Natural San José 240 g drenado,0,Online RM,Metropolitana,Santiago,2026-08-08,2026-08-08T00:26:34.261042
77c3134778027ca268bbdb5a22a29c25,santaisabel,11,jurel en conserva,Jurel Filetes Congelado 500 g,0,Online RM,Metropolitana,Santiago,2026-08-08,2026-08-08T00:26:34.261050
44ea4e30552dc9677a5de8fefcc4294b,santaisabel,12,jurel en conserva,Jurel Medallón 245 g,0,Online RM,Metropolitana,Santiago,2026-08-08,2026-08-08T00:26:34.261058
d39363648ba2a7d047b945a39c51c43a,santaisabel,13,jurel en conserva,Lomos de Jurel Oliva Fisherman 104 g drenado,0,Online RM,Metropolitana,Santiago,2026-08-08,2026-08-08T00:26:34.261066
4c17fa6f834d9cca23e31f13d6def8b5,santaisabel,1,choritos en conserva,Choritos Al Natural Bajo en Sodio 100 g drenado,0,Online RM,Metropolitana,Santiago,2026-08-08,2026-08-08T00:26:34.262120
c12cf2c052560d8697ea35993e9bd436,santaisabel,2,choritos en conserva,"Choritos Lata 200 g drenado, 425 g neto",0,Online RM,Metropolitana,Santiago,2026-08-08,2026-08-08T00:26:34.262133
ac13b1760fbba8c174857854f6b3194e,santaisabel,3,choritos en conserva,Choritos en Agua 100 g drenado,0,Online RM,Metropolitana,Santiago,2026-08-08,2026-08-08T00:26:34.262142
29b224d3ef351d2b051d0fb5f46e720b,santaisabel,4,choritos en conserva,Choritos en Aceite Cuisine & Co 100 g drenado 190 g neto,0,Online RM,Metropolitana,Santiago,2026-08-08,2026-08-08T00:26:34.262158
e7b2e06b830707ae99be0b8b1645dc95,santaisabel,5,choritos en conserva,Choritos en Aceite 100 g drenado,0,Online RM,Metropolitana,Santiago,2026-08-08,2026-08-08T00:26:34.262167
142e84675ddc96e46ae2b7c70daa84ec,santaisabel,6,choritos en conserva,Choritos Ahumados Cuisine & Co 100 g drenado 190 g neto,0,Online RM,Metropolitana,Santiago,2026-08-08,2026-08-08T00:26:34.262179
ca36f0dd906e0533fd967cd14e218578,santaisabel,7,choritos en conserva,Choritos Al Natural Angelmo 100 g drenado,0,Online RM,Metropolitana,Santiago,2026-08-08,2026-08-08T00:26:34.262188
e126fa2ea784527fccd18556402c9484,santaisabel,8,choritos en conserva,Choritos Al Natural Cuisine & Co 100 g drenado 190 g neto,0,Online RM,Metropolitana,Santiago,2026-08-08,2026-08-08T00:26:34.262196
8fbb5b9a2cfb2f902058689ca1c8cd19,santaisabel,9,choritos en conserva,Choritos en Aceite 190 g drenado,0,Online RM,Metropolitana,Santiago,2026-08-08,2026-08-08T00:26:34.262205
34657572d87b79c3c9bae4cc87528cd9,santaisabel,10,choritos en conserva,Choritos en Salsa Picante 100 g drenado,0,Online RM,Metropolitana,Santiago,2026-08-08,2026-08-08T00:26:34.262214
4ce09d3936a6c98eda561c97773ee66f,santaisabel,11,choritos en conserva,Choritos Salsa Picante 100 g drenado,0,Online RM,Metropolitana,Santiago,2026-08-08,2026-08-08T00:26:34.262222
6607e43d1356e79d17e41c0f83cbfacf,santaisabel,12,choritos en conserva,"Choritos en Aceite 200 g drenado, 425 g neto",0,Online RM,Metropolitana,Santiago,2026-08-08,2026-08-08T00:26:34.262230
328b1afce2a023041aa8056348e66f7c,santaisabel,13,choritos en conserva,Choritos Al Natural Angelmo 213 g drenado,0,Online RM,Metropolitana,Santiago,2026-08-08,2026-08-08T00:26:34.262238
69f3d3a1409371a2bb41fb26fd667519,santaisabel,14,choritos en conserva,Choritos Robinson Crusoe Finas Hierbas 100 g drenado,0,Online RM,Metropolitana,Santiago,2026-08-08,2026-08-08T00:26:34.262249
1cdef9f2e8676a104c881c8822f1d0ee,santaisabel,15,choritos en conserva,Choritos en Aceite San José Lata 200 g drenado,0,Online RM,Metropolitana,Santiago,2026-08-08,2026-08-08T00:26:34.262256
d46ee65df2a5e660f8c57123c4788cbe,santaisabel,16,choritos en conserva,Choritos en Aceite 100 g drenado,0,Online RM,Metropolitana,Santiago,2026-08-08,2026-08-08T00:26:34.262264
ffce7b7514fdf3157e575900cd8288da,santaisabel,17,choritos en conserva,Choritos Al Natural San José 200 g drenado,0,Online RM,Metropolitana,Santiago,2026-08-08,2026-08-08T00:26:34.262272
9a67354e76b80610cb78accd83bbe703,santaisabel,18,choritos en conserva,Chorito Al Natural San José Bajo en Sodio 190 g neto,0,Online RM,Metropolitana,Santiago,2026-08-08,2026-08-08T00:26:34.262280
b08d8debf866ed4a39b849535552f1df,santaisabel,19,choritos en conserva,Choritos en Aceite Angelmo 104 g drenado,0,Online RM,Metropolitana,Santiago,2026-08-08,2026-08-08T00:26:34.262288
2915adee6e5cb78d045eb26b43b6b6f0,santaisabel,20,choritos en conserva,Choritos en Aceite San José 110 g drenado 190 g neto,0,Online RM,Metropolitana,Santiago,2026-08-08,2026-08-08T00:26:34.262296
8ce833ee46919818a76e5c7bba70619f,santaisabel,21,choritos en conserva,Choritos en Aceite 213 g drenado,0,Online RM,Metropolitana,Santiago,2026-08-08,2026-08-08T00:26:34.262304
60c43b96a94726d2b0049cc989e29ced,santaisabel,22,choritos en conserva,Choritos Al Natural San José 100 g drenado 190 g neto,0,Online RM,Metropolitana,Santiago,2026-08-08,2026-08-08T00:26:34.262312
77fb02386713459b8c35405a5608b31f,santaisabel,23,choritos en conserva,Choritos Al Natural 213 g drenado,0,Online RM,Metropolitana,Santiago,2026-08-08,2026-08-08T00:26:34.262320
ce20728bf51f7cdbea46735932f52f38,santaisabel,24,choritos en conserva,Choritos en Aceite Angelmo 213 g drenado,0,Online RM,Metropolitana,Santiago,2026-08-08,2026-08-08T00:26:34.262330
f61e7cc4c901a4488b1e62918ec71a66,santaisabel,1,surtido mariscos,Surtido de Mariscos 500 g,0,Online RM,Metropolitana,Santiago,2026-08-08,2026-08-08T00:26:34.264250
b4a508f153e0d0a0b15ffa4a4f77fcf0,santaisabel,2,surtido mariscos,Choritos Sin Concha Congelados 300 g,0,Online RM,Metropolitana,Santiago,2026-08-08,2026-08-08T00:26:34.264270
16676648a315a4039528334f17d0283d,santaisabel,3,surtido mariscos,Almejas Corrientes Fresca kg,0,Online RM,Metropolitana,Santiago,2026-08-08,2026-08-08T00:26:34.264285
29a461f1ba348d469256d0a88d3d91c6,santaisabel,4,surtido mariscos,Kanikama Congelado 300 g,0,Online RM,Metropolitana,Santiago,2026-08-08,2026-08-08T00:26:34.264299
d6e315390a23643fe1fde821f4c7b0b5,santaisabel,5,surtido mariscos,Bandeja Ostras Semi Export 20 un.,0,Online RM,Metropolitana,Santiago,2026-08-08,2026-08-08T00:26:34.264313
931c3cc1ab2752bc3eb105e03207a785,santaisabel,6,surtido mariscos,Piure Fresco 400 g,0,Online RM,Metropolitana,Santiago,2026-08-08,2026-08-08T00:26:34.264328
1654eaa0bdb4424fa26eb8cfe20eb3b2,santaisabel,7,surtido mariscos,Machas Frescas kg,0,Online RM,Metropolitana,Santiago,2026-08-08,2026-08-08T00:26:34.264343
fe3fd5c33419316f30f180eb44567a52,santaisabel,8,surtido mariscos,Locos Cocidos En Conserva 1 kg,0,Online RM,Metropolitana,Santiago,2026-08-08,2026-08-08T00:26:34.264358
39e12ac738000fce3f6649f68bf1fbdd,santaisabel,9,surtido mariscos,Pulpo Entero kg,0,Online RM,Metropolitana,Santiago,2026-08-08,2026-08-08T00:26:34.264371
df3c46a25a60bb811e876d0e188b66b7,santaisabel,10,surtido mariscos,Choro Maltón Fresco kg,0,Online RM,Metropolitana,Santiago,2026-08-08,2026-08-08T00:26:34.264389
a30949c8020a24a3a7c69fa4b15b8af4,santaisabel,11,surtido mariscos,Locos Cocidos Frescos 3 un.,0,Online RM,Metropolitana,Santiago,2026-08-08,2026-08-08T00:26:34.264403
14a324c22b1693c055d475369b521e56,santaisabel,12,surtido mariscos,Bandeja Ostiones Frescos 10 un.,0,Online RM,Metropolitana,Santiago,2026-08-08,2026-08-08T00:26:34.264416
285ea8ce89a279ec1f1f7636f86d988a,santaisabel,13,surtido mariscos,Jibia Filete kg,0,Online RM,Metropolitana,Santiago,2026-08-08,2026-08-08T00:26:34.264440
b84f05d5524171d73806daad82661f22,santaisabel,14,surtido mariscos,Anillos de Calamar Apanados 400 g,0,Online RM,Metropolitana,Santiago,2026-08-08,2026-08-08T00:26:34.264455
95299f879542d50da76bd9fa6b344c50,santaisabel,15,surtido mariscos,Machas Media Concha Congeladas 220 g 14 un.,0,Online RM,Metropolitana,Santiago,2026-08-08,2026-08-08T00:26:34.264469
e386fb8b2246afa8f3443440c13acf43,santaisabel,16,surtido mariscos,Pulpo Cocido Laminado Congelado 300 g,0,Online RM,Metropolitana,Santiago,2026-08-08,2026-08-08T00:26:34.264485
387adea4df16e2fe62d3a0523d1a4e18,santaisabel,17,surtido mariscos,Cholgas Frescas kg,0,Online RM,Metropolitana,Santiago,2026-08-08,2026-08-08T00:26:34.264501
a09ec98badca94971c1bd951457c0245,santaisabel,18,surtido mariscos,Ostiones Premium Media Concha Congelado 500 g,0,Online RM,Metropolitana,Santiago,2026-08-08,2026-08-08T00:26:34.264516
008e913f723a5f4fce18b82746139af4,santaisabel,19,surtido mariscos,Choritos con Concha Congelados 454 g,0,Online RM,Metropolitana,Santiago,2026-08-08,2026-08-08T00:26:34.264552
453f8f59ee4d379fd83dddcb9d45036f,santaisabel,20,surtido mariscos,Almeja Juliana Congelada 500 g,0,Online RM,Metropolitana,Santiago,2026-08-08,2026-08-08T00:26:34.264576
e75c22b02cbe996553a186eb6d2819c7,santaisabel,21,surtido mariscos,Carne de Jaiba Premium Congelada 500 g,0,Online RM,Metropolitana,Santiago,2026-08-08,2026-08-08T00:26:34.264592
8f8af6618fa2b90bc3306995b57b4318,santaisabel,22,surtido mariscos,Ulte Fresco 400 g,0,Online RM,Metropolitana,Santiago,2026-08-08,2026-08-08T00:26:34.264607
c6b6aa821f8c0127b53dd018dda949f4,santaisabel,23,surtido mariscos,Pinzas de Jaiba Premium Congelado 500 g,0,Online RM,Metropolitana,Santiago,2026-08-08,2026-08-08T00:26:34.264623
9a6d7b505ab74b83c67070ea8784cef8,santaisabel,24,surtido mariscos,Centolla Congelada 250 g,0,Online RM,Metropolitana,Santiago,2026-08-08,2026-08-08T00:26:34.264639
e857a66808f49e4ad0b2c7d9b45acde9,santaisabel,25,surtido mariscos,Bandeja Machas 20 un.,0,Online RM,Metropolitana,Santiago,2026-08-08,2026-08-08T00:26:34.264653
3f6bb2daa139d05ccd61677a30dd2a93,santaisabel,26,surtido mariscos,Erizos Frescos 200 g,0,Online RM,Metropolitana,Santiago,2026-08-08,2026-08-08T00:26:34.264668
6ff38377eea343c4291dd9785bf68634,santaisabel,27,surtido mariscos,Choro Fresco kg,0,Online RM,Metropolitana,Santiago,2026-08-08,2026-08-08T00:26:34.264684
fad815dbbe8264a8ea2bf29c1a5c1f0c,santaisabel,28,surtido mariscos,Pulpo Cocido Congelado 454 g,0,Online RM,Metropolitana,Santiago,2026-08-08,2026-08-08T00:26:34.264699
948cc90662c5915342a9f6fb0722fc8e,santaisabel,29,surtido mariscos,Colas de Langosta Norteamérica Luke’s 198 g,0,Online RM,Metropolitana,Santiago,2026-08-08,2026-08-08T00:26:34.264714
57e48ab02da18fc43848fa4968704c51,santaisabel,30,surtido mariscos,Molde de Carne de Jaiba Cuisine & Co 500 g,0,Online RM,Metropolitana,Santiago,2026-08-08,2026-08-08T00:26:34.264732
dac6e69f3c045b11c914b6356d33f67d,santaisabel,31,surtido mariscos,Machas A La Parmesana Congeladas 12 un.,0,Online RM,Metropolitana,Santiago,2026-08-08,2026-08-08T00:26:34.264746
06f9ae28ef3f8a5f81fc067c72088154,santaisabel,32,surtido mariscos,Pinzas de Jaiba Jumbo Cuisine & Co 500 g,0,Online RM,Metropolitana,Santiago,2026-08-08,2026-08-08T00:26:34.264761
b46013947282f8293e4f79a67cb28d24,santaisabel,33,surtido mariscos,Mariscos Surtidos Congelados 500 g,0,Online RM,Metropolitana,Santiago,2026-08-08,2026-08-08T00:26:34.264776
fd05ce98cfb3c895c4d007c2da6bc935,santaisabel,34,surtido mariscos,Paila Marina Congelada 500 g,0,Online RM,Metropolitana,Santiago,2026-08-08,2026-08-08T00:26:34.264791
980dc1005f15229568971e8a5a0692d0,santaisabel,35,surtido mariscos,Kanikama Congelado 200 g,0,Online RM,Metropolitana,Santiago,2026-08-08,2026-08-08T00:26:34.264807
0b0c9cb5edbf114ce1b9d3f63c61fa3b,santaisabel,1,leche entera 1l,Leche Colun Entera 1 L,0,Online RM,Metropolitana,Santiago,2026-08-08,2026-08-08T00:26:34.266051
bd96b388e7f91589f1cdc314e7d4c110,santaisabel,2,leche entera 1l,Leche Surlat Entera Sin Lactosa 1 L,0,Online RM,Metropolitana,Santiago,2026-08-08,2026-08-08T00:26:34.266064
77dc5eecb61a048d9e93093c6bf925e7,santaisabel,3,leche entera 1l,Leche Cuisine & Co Entera 1 L,0,Online RM,Metropolitana,Santiago,2026-08-08,2026-08-08T00:26:34.266074
77c841f604bf19577c1340ac98ac51e6,santaisabel,4,leche entera 1l,Leche Loncoleche Entera Sin Lactosa 1 L,0,Online RM,Metropolitana,Santiago,2026-08-08,2026-08-08T00:26:34.266083
e6575f24fb859cf88d671aac831b1955,santaisabel,5,leche entera 1l,Leche Ecoterra A2 Entera 1 L,0,Online RM,Metropolitana,Santiago,2026-08-08,2026-08-08T00:26:34.266097
bc9cd35d8d7febfb83804f75c299fa57,santaisabel,6,leche entera 1l,Leche Soprole Entera Cremosa 1 L,0,Online RM,Metropolitana,Santiago,2026-08-08,2026-08-08T00:26:34.266109
cffac834cd7e947436fa61552f25e289,santaisabel,7,leche entera 1l,Leche Colun Entera Sin Lactosa 1 L,0,Online RM,Metropolitana,Santiago,2026-08-08,2026-08-08T00:26:34.266119
a1bc50a21e0e5af694e21e39cf3296cd,santaisabel,8,leche entera 1l,Leche de Cabra Las Hualtatas Entera 1 L,0,Online RM,Metropolitana,Santiago,2026-08-08,2026-08-08T00:26:34.266128
caa97ed390f85f775591c34ca3459def,santaisabel,9,leche entera 1l,Leche Surlat Entera 1 L,0,Online RM,Metropolitana,Santiago,2026-08-08,2026-08-08T00:26:34.266136
884c713a5c344573cc8e3046fa340ed8,santaisabel,10,leche entera 1l,Leche Ecoterra Entera Vacas Libre Pastoreo 1 L,0,Online RM,Metropolitana,Santiago,2026-08-08,2026-08-08T00:26:34.266145
030dfa90180807ebb0d708523e9c6bc2,santaisabel,11,leche entera 1l,Leche Colun A2 Entera Sin Lactosa 1 L,0,Online RM,Metropolitana,Santiago,2026-08-08,2026-08-08T00:26:34.266156
2bafaca446ca2ed73e4cbd1234d7db06,santaisabel,12,leche entera 1l,Leche Loncoleche Entera 1 L,0,Online RM,Metropolitana,Santiago,2026-08-08,2026-08-08T00:26:34.266165
9844c199a75ee613bf85e9195bc51580,santaisabel,13,leche entera 1l,Leche San Ignacio Entera Fresca 1 L,0,Online RM,Metropolitana,Santiago,2026-08-08,2026-08-08T00:26:34.266176
107b702b574bd2b12647e88aa6c426c5,santaisabel,14,leche entera 1l,Leche Soprole Entera Natural 1 L,0,Online RM,Metropolitana,Santiago,2026-08-08,2026-08-08T00:26:34.266183
72a5eaea7b59771a7c430712af3c31ab,santaisabel,15,leche entera 1l,Leche Soprole Sin Lactosa Entera 1 L,0,Online RM,Metropolitana,Santiago,2026-08-08,2026-08-08T00:26:34.266194
6bc37a00b0b43712220a0c45c3b7b2d2,santaisabel,16,leche entera 1l,Pack 12 un. Leche Surlat Entera 1 L,0,Online RM,Metropolitana,Santiago,2026-08-08,2026-08-08T00:26:34.266202
c6ae4c5c00210d685804660168ca909f,santaisabel,17,leche entera 1l,Pack 12 un. Leche Colun Entera Sin Tapa 1 L,0,Online RM,Metropolitana,Santiago,2026-08-08,2026-08-08T00:26:34.266210
bba61d71eaedced94ffbeb52834cb4e1,santaisabel,18,leche entera 1l,Pack 12 un. Leche Cuisine & Co Entera 1 L,0,Online RM,Metropolitana,Santiago,2026-08-08,2026-08-08T00:26:34.266218
a0ce7a1dcf57e53e70af9277d49eb7c1,santaisabel,19,leche entera 1l,Pack 6 un. Leche Surlat Entera 1 L,0,Online RM,Metropolitana,Santiago,2026-08-08,2026-08-08T00:26:34.266226
911a60ccda56ac249e98a853c8446ae1,santaisabel,20,leche entera 1l,Pack 12 un. Leche Soprole Entera Natural 1 L,0,Online RM,Metropolitana,Santiago,2026-08-08,2026-08-08T00:26:34.266234
5ecf9a52ce7882e49d73d7f5349c73a7,santaisabel,21,leche entera 1l,Pack 12 un. Leche Colun Entera Sin Lactosa 1 L,0,Online RM,Metropolitana,Santiago,2026-08-08,2026-08-08T00:26:34.266242
50b2400c6ac6851affe4a85d2fea82d2,santaisabel,22,leche entera 1l,Pack 12 un. Leche Loncoleche Entera 1 L,0,Online RM,Metropolitana,Santiago,2026-08-08,2026-08-08T00:26:34.266250
4c029c1f2764f8070c902b0b03857f11,santaisabel,1,leche en polvo,Leche Polvo Colun Entera 900 g,0,Online RM,Metropolitana,Santiago,2026-08-08,2026-08-08T00:26:34.267476
43082cde8bb0a26ce338bac251301357,santaisabel,2,leche en polvo,Leche en Polvo Svelty Move+ Descremada 800 g,0,Online RM,Metropolitana,Santiago,2026-08-08,2026-08-08T00:26:34.267487
6fd34b36ca48d478fbe16338ad026863,santaisabel,3,leche en polvo,Leche en Polvo Svelty Sin Lactosa Descremada 800 g,0,Online RM,Metropolitana,Santiago,2026-08-08,2026-08-08T00:26:34.267499
858d67f5ce11491c9493d26007589b05,santaisabel,4,leche en polvo,Leche Polvo Calo Entera 850 g,0,Online RM,Metropolitana,Santiago,2026-08-08,2026-08-08T00:26:34.267507
c54847a998ce8add3fe28dfea16a36b5,santaisabel,5,leche en polvo,Leche Polvo Loncoleche Sin Lactosa 800 g,0,Online RM,Metropolitana,Santiago,2026-08-08,2026-08-08T00:26:34.267515
45788afa4682f99e6201c03a8f338287,santaisabel,6,leche en polvo,Leche Svelty Descremada Calcilock Huesos 800 g,0,Online RM,Metropolitana,Santiago,2026-08-08,2026-08-08T00:26:34.267524
663079dfc230c3a93d4ed3159fbe323a,santaisabel,7,leche en polvo,Leche Polvo Loncoleche Semidescremada 760 g,0,Online RM,Metropolitana,Santiago,2026-08-08,2026-08-08T00:26:34.267545
5b607ea2a4da366765f7602b96460d07,santaisabel,8,leche en polvo,Leche Polvo Soprole Entera 800 g,0,Online RM,Metropolitana,Santiago,2026-08-08,2026-08-08T00:26:34.267553
0605bbc660ad9c408ca13100fa845f03,santaisabel,9,leche en polvo,Leche Polvo Soprole Semidescremada 700 g,0,Online RM,Metropolitana,Santiago,2026-08-08,2026-08-08T00:26:34.267561
0095ad94791b6907b75b5b1ef9abc73a,santaisabel,10,leche en polvo,Leche en Polvo Descremada Loncoleche 760 g,0,Online RM,Metropolitana,Santiago,2026-08-08,2026-08-08T00:26:34.267569
d4a5ba187c120debd49ef0e25a77245d,santaisabel,11,leche en polvo,Leche Polvo Colun Semidescremada 900 g,0,Online RM,Metropolitana,Santiago,2026-08-08,2026-08-08T00:26:34.267578
7a1f63633b73ed635648ab20af14f23a,santaisabel,12,leche en polvo,Leche Polvo Nido +1 Nutri Esencial 500 g,0,Online RM,Metropolitana,Santiago,2026-08-08,2026-08-08T00:26:34.267591
4c5662e01bac008885ca5c9e2b66fc72,santaisabel,13,leche en polvo,Leche en Polvo Loncoleche Proteína Semidescremada 550 g,0,Online RM,Metropolitana,Santiago,2026-08-08,2026-08-08T00:26:34.267602
cd78a9cdcf1593154014f5e7c22f5c7f,santaisabel,14,leche en polvo,Leche Polvo Nido 5+ Protec 1.35 kg,0,Online RM,Metropolitana,Santiago,2026-08-08,2026-08-08T00:26:34.267611
761eda9936a8f6e9625a519e7e63fffd,santaisabel,15,leche en polvo,Leche Polvo Loncoleche Extra Calcio 800 g,0,Online RM,Metropolitana,Santiago,2026-08-08,2026-08-08T00:26:34.267619
30351a1524c6165f191d9079997cc7f5,santaisabel,16,leche en polvo,Leche en Polvo Nido Buen Día Semidescremada 700 g,0,Online RM,Metropolitana,Santiago,2026-08-08,2026-08-08T00:26:34.267627
acc9c85277bc614cea86c3ac28cb248c,santaisabel,17,leche en polvo,Leche Polvo Colun Descremada 800 g,0,Online RM,Metropolitana,Santiago,2026-08-08,2026-08-08T00:26:34.267635
5f804a07215d7cf8086c896b8f8808f2,santaisabel,18,leche en polvo,Leche Polvo Colun Descremada 350 g,0,Online RM,Metropolitana,Santiago,2026-08-08,2026-08-08T00:26:34.267643
2326bedd6819ad59523a20c310b7ba99,santaisabel,19,leche en polvo,Leche Polvo Nido Semidescremada Sin Lactosa 700 g,0,Online RM,Metropolitana,Santiago,2026-08-08,2026-08-08T00:26:34.267651
12ee83cd9472da5503b095b38c8a9035,santaisabel,20,leche en polvo,Leche Polvo Nido Etapa 5+ 700 g,0,Online RM,Metropolitana,Santiago,2026-08-08,2026-08-08T00:26:34.267659
eb7ab403ea1af006b7a6684cc82f8016,santaisabel,21,leche en polvo,Leche Polvo Calo Crecer 4+ 800 g,0,Online RM,Metropolitana,Santiago,2026-08-08,2026-08-08T00:26:34.267667
e85464dddbc450f20fbb3f1c14bf1025,santaisabel,22,leche en polvo,Leche Polvo Nido Semidescremada Sin Lactosa 1.35 kg,0,Online RM,Metropolitana,Santiago,2026-08-08,2026-08-08T00:26:34.267678
c2ed60e4a69a1c68b36a7fbbfb6ddf96,santaisabel,23,leche en polvo,Leche Polvo Calo Crecer 1+ 800 g,0,Online RM,Metropolitana,Santiago,2026-08-08,2026-08-08T00:26:34.267689
d96e08dc132dbd83c0b626b8f804b216,santaisabel,24,leche en polvo,Leche Polvo Súper Calo 850 g,0,Online RM,Metropolitana,Santiago,2026-08-08,2026-08-08T00:26:34.267700
e2e874a9661611f080d1020679107cf3,santaisabel,25,leche en polvo,Leche en Polvo Svelty Move+ Semidescremada Bolsa 700 g,0,Online RM,Metropolitana,Santiago,2026-08-08,2026-08-08T00:26:34.267708
07b6d6a29658bcd098fa00be4248635c,santaisabel,26,leche en polvo,Leche Polvo Colun Entera 1440 g,0,Online RM,Metropolitana,Santiago,2026-08-08,2026-08-08T00:26:34.267716
41bdd727d64677702d0415741253a1fc,santaisabel,27,leche en polvo,Leche en Polvo Svelty Move+ con Colágeno Sin Lactosa 500 g,0,Online RM,Metropolitana,Santiago,2026-08-08,2026-08-08T00:26:34.267797
235e3dc62bb0ba482df96927860b3c35,santaisabel,28,leche en polvo,Leche de Burra Polvo Asinolat Liofilizada 180 g,0,Online RM,Metropolitana,Santiago,2026-08-08,2026-08-08T00:26:34.267807
63ee228205f043153f9ca5be7d32a4d3,santaisabel,29,leche en polvo,Leche Polvo Nido Etapa 1+ 1.9 kg,0,Online RM,Metropolitana,Santiago,2026-08-08,2026-08-08T00:26:34.267815
298d28ee4b78b225d18a06ffaaf2f558,santaisabel,30,leche en polvo,Pediasure Polvo Sabor Vainilla 850 g,0,Online RM,Metropolitana,Santiago,2026-08-08,2026-08-08T00:26:34.267823
3bf71bd9ca7b7f2b125c6ce772c7af74,santaisabel,31,leche en polvo,Pediasure Polvo Sabor Chocolate 850 g,0,Online RM,Metropolitana,Santiago,2026-08-08,2026-08-08T00:26:34.267831
629da353c4a3e331a42cd677af273c81,santaisabel,32,leche en polvo,Leche Polvo Nido Entera 300 g,0,Online RM,Metropolitana,Santiago,2026-08-08,2026-08-08T00:26:34.267839
58dbf5728ee06a2af826b0b4bb4e4421,santaisabel,33,leche en polvo,Leche Polvo Nido Etapa 3+ 700 g,0,Online RM,Metropolitana,Santiago,2026-08-08,2026-08-08T00:26:34.267850
b09d3a82257883354f5aeeeb0e7c593e,santaisabel,34,leche en polvo,Leche Polvo Nido Semidescremada 1.35 kg,0,Online RM,Metropolitana,Santiago,2026-08-08,2026-08-08T00:26:34.267858
76a90bcca5c3eadd15d3b4670f812872,santaisabel,35,leche en polvo,Leche en Polvo Nido Entera 1350 g,0,Online RM,Metropolitana,Santiago,2026-08-08,2026-08-08T00:26:34.267866
d07ac04ff5b5db9fcaea94c2b6246644,santaisabel,36,leche en polvo,Leche Semidescremada Nido 3+ Protec 1.35 kg,0,Online RM,Metropolitana,Santiago,2026-08-08,2026-08-08T00:26:34.267874
4fd6199d167a8065789d05e6eb65c0bc,santaisabel,37,leche en polvo,Leche Polvo Nido 1+ Protec 1.35 kg,0,Online RM,Metropolitana,Santiago,2026-08-08,2026-08-08T00:26:34.267881
b21eabb4323c0d9756e0d4d28b4f1420,santaisabel,38,leche en polvo,Leche Polvo Nido Entera 800 g,0,Online RM,Metropolitana,Santiago,2026-08-08,2026-08-08T00:26:34.267889
8c7c94cb7343041063aac7a04a4928db,santaisabel,39,leche en polvo,Alimento Nutricional Ensure Advance Chocolate 850 g,0,Online RM,Metropolitana,Santiago,2026-08-08,2026-08-08T00:26:34.267897
b30161ffe61a18fe24beb0d109aca50c,santaisabel,40,leche en polvo,Fortificante Cola Cao Bolsa 700 g,0,Online RM,Metropolitana,Santiago,2026-08-08,2026-08-08T00:26:34.267905
abcd1ba5737c573874196778deb66281,santaisabel,1,yogurt natural,Yogurt Kéfir Colun Natural 120 g,0,Online RM,Metropolitana,Santiago,2026-08-08,2026-08-08T00:26:34.269231
37cdebd360de0331185e97de2bccc39d,santaisabel,2,yogurt natural,Yogurt Nestlé Goodnes Protein Natural Endulzado 140 g,0,Online RM,Metropolitana,Santiago,2026-08-08,2026-08-08T00:26:34.269251
b1e4b31707ee6edade3fc5e751dd8f8e,santaisabel,3,yogurt natural,Yogurt Griego Oikos Natural Sin Endulzar 150 g,0,Online RM,Metropolitana,Santiago,2026-08-08,2026-08-08T00:26:34.269271
cb549a2a247a02fd3934e2c9743a587f,santaisabel,4,yogurt natural,Yogurt Griego Nestlé Natural 120 g,0,Online RM,Metropolitana,Santiago,2026-08-08,2026-08-08T00:26:34.269286
668b70cf5527b5f83619ef07e411a8be,santaisabel,5,yogurt natural,Yogurt Batido Colun Piña 125 g,0,Online RM,Metropolitana,Santiago,2026-08-08,2026-08-08T00:26:34.269301
f140d233dc994645da9a1de82d916539,santaisabel,6,yogurt natural,Yogurt Natural 0% Quillayes Pote 800 g,0,Online RM,Metropolitana,Santiago,2026-08-08,2026-08-08T00:26:34.269316
cab542a9ac0fcd6da58467a55f65fb02,santaisabel,7,yogurt natural,Yogurt Natural Soprole Aflanado 155 g,0,Online RM,Metropolitana,Santiago,2026-08-08,2026-08-08T00:26:34.269329
9b36211428f19212dea3994823599bd3,santaisabel,8,yogurt natural,Yogurt Colun Origen Natural 120 g,0,Online RM,Metropolitana,Santiago,2026-08-08,2026-08-08T00:26:34.269344
e678d134f8fa32edf4ed5c0074c619f0,santaisabel,9,yogurt natural,Yogurt Batido Light & Free Natural Endulzado 115 g,0,Online RM,Metropolitana,Santiago,2026-08-08,2026-08-08T00:26:34.269358
61fce38fd33a728e41ef9bb310e532f7,santaisabel,10,yogurt natural,Yogurt Soprole 1+1 Botella 1 L,0,Online RM,Metropolitana,Santiago,2026-08-08,2026-08-08T00:26:34.269372
e971110b2f0c7d9d884302c870718da6,santaisabel,11,yogurt natural,Yogurt Natural Soprole 3 Ingredientes 155 g,0,Online RM,Metropolitana,Santiago,2026-08-08,2026-08-08T00:26:34.269386
02185f21fb6309f5538e69c6865113ae,santaisabel,12,yogurt natural,Yogurt Batido Colun Natural 1 kg,0,Online RM,Metropolitana,Santiago,2026-08-08,2026-08-08T00:26:34.269401
65fe491fa6df5b1db8d9cbf0d76890f1,santaisabel,13,yogurt natural,Yogurt Light & Free Natural Endulzado 900 g,0,Online RM,Metropolitana,Santiago,2026-08-08,2026-08-08T00:26:34.269421
2352df918bc538d20307e9d5673186ed,santaisabel,14,yogurt natural,Yogurt Skyr San Benito Natural 150 g,0,Online RM,Metropolitana,Santiago,2026-08-08,2026-08-08T00:26:34.269435
3ea25ac4aa2c72c5131ab8d7ded0b394,santaisabel,15,yogurt natural,Yogurt Soprole Batifrut Trozos Piña 165 g,0,Online RM,Metropolitana,Santiago,2026-08-08,2026-08-08T00:26:34.269448
81c696f043a06007820358ccc61c66ec,santaisabel,16,yogurt natural,Yogurt Soprole Sin Azúcar Natural Endulzado 120 g,0,Online RM,Metropolitana,Santiago,2026-08-08,2026-08-08T00:26:34.269461
9807c1ab829e1d3927e56a548b489426,santaisabel,17,yogurt natural,Yogurt Colun Origen Natural 900 ml,0,Online RM,Metropolitana,Santiago,2026-08-08,2026-08-08T00:26:34.269473
67c52a55eda518cd8a14e2af9a0983dc,santaisabel,18,yogurt natural,Yogurt Natural Soprole con Miel 5 Ingredientes 155 g,0,Online RM,Metropolitana,Santiago,2026-08-08,2026-08-08T00:26:34.269497
9d0161ae06b8fd8c6f6c95e58998aa99,santaisabel,19,yogurt natural,Yogurt Loncoleche Protein Natural Endulzado 140 g,0,Online RM,Metropolitana,Santiago,2026-08-08,2026-08-08T00:26:34.269510
61deb279c372832b8a4e3639d15d2fa3,santaisabel,20,yogurt natural,Yogurt Griego Artisan Natural 360 g,0,Online RM,Metropolitana,Santiago,2026-08-08,2026-08-08T00:26:34.269524
877109f2152b24bc7f6239cb6a9f9035,santaisabel,21,yogurt natural,Yogurt Kéfir Soprole Trozo Piña 155 g,0,Online RM,Metropolitana,Santiago,2026-08-08,2026-08-08T00:26:34.269555
7d33e88ffcbfe390e8dd13faa7d4f12f,santaisabel,22,yogurt natural,Yogurt Natural Pucará 210 g,0,Online RM,Metropolitana,Santiago,2026-08-08,2026-08-08T00:26:34.269569
4cb027463a0abbe902bf2a14c848adfb,santaisabel,23,yogurt natural,Yogurt Activia Semillas-Trozos Piña Sin Lactosa 140 g,0,Online RM,Metropolitana,Santiago,2026-08-08,2026-08-08T00:26:34.269587
92c78e5e0d14414d3e82f6e64effe758,santaisabel,24,yogurt natural,Yogurt Natural Quillayes Pote 800 g,0,Online RM,Metropolitana,Santiago,2026-08-08,2026-08-08T00:26:34.269601
88e8e7bc22288e3c43ad710f455ec511,santaisabel,25,yogurt natural,Yogurt Griego Quillayes Proteína Natural 800 g,0,Online RM,Metropolitana,Santiago,2026-08-08,2026-08-08T00:26:34.269617
564f3252e3b0652cde39069917f2392e,santaisabel,26,yogurt natural,Yogurt Light & Free Natural 900 g,0,Online RM,Metropolitana,Santiago,2026-08-08,2026-08-08T00:26:34.269631
26fc20a1d2981862d4c7876d8712dc12,santaisabel,27,yogurt natural,Yogurt Pucará Con Mermelada de Damasco 230 g,0,Online RM,Metropolitana,Santiago,2026-08-08,2026-08-08T00:26:34.269649
87e399bbff6d512006afaf46aedd540f,santaisabel,28,yogurt natural,Yogurt Pucará Con Mermelada de Mora 230 g,0,Online RM,Metropolitana,Santiago,2026-08-08,2026-08-08T00:26:34.269663
2c158781549c7af3b3b7d2b9c2082f8c,santaisabel,29,yogurt natural,Yogurt de Pajarito Ghali Vainilla 400 g,0,Online RM,Metropolitana,Santiago,2026-08-08,2026-08-08T00:26:34.269676
c1967ca7d5b919748ed1ba13a0d7fa30,santaisabel,30,yogurt natural,Yogurt Clásico Artisan Natural 360 g,0,Online RM,Metropolitana,Santiago,2026-08-08,2026-08-08T00:26:34.269689
a76df67b3b9002ba1fa981a2446dfcad,santaisabel,31,yogurt natural,Yogurt Griego Oikos Natural Endulzado 110 g,0,Online RM,Metropolitana,Santiago,2026-08-08,2026-08-08T00:26:34.269702
60202a215d24a4a182e18eaa4055094f,santaisabel,32,yogurt natural,Yogurt Pucará Con Mermelada de Frutilla 230 g,0,Online RM,Metropolitana,Santiago,2026-08-08,2026-08-08T00:26:34.269716
a427e7ca1421e43e5c8f6339ab29d9f5,santaisabel,33,yogurt natural,Yogurt Colun Light Natural 900 g,0,Online RM,Metropolitana,Santiago,2026-08-08,2026-08-08T00:26:34.269732
abb4468bb7e18ad3477872d4fd9bf8ef,santaisabel,34,yogurt natural,Yogurt Pucará Con Mermelada de Frambuesa 230 g,0,Online RM,Metropolitana,Santiago,2026-08-08,2026-08-08T00:26:34.269745
d41d2dd923bbb2654e9717eec1d26647,santaisabel,35,yogurt natural,Yogurt Artesanal Mermelada Frutilla 200 g,0,Online RM,Metropolitana,Santiago,2026-08-08,2026-08-08T00:26:34.269759
e9d8fa5d8e806435125ccc78d8fdb6b5,santaisabel,36,yogurt natural,Yogurt Artesanal Natural 200 g,0,Online RM,Metropolitana,Santiago,2026-08-08,2026-08-08T00:26:34.269773
81beb700edf88284d6845ddb68d7e623,santaisabel,37,yogurt natural,Yogurt Descremado Artisan Natural Durazno 150 g,0,Online RM,Metropolitana,Santiago,2026-08-08,2026-08-08T00:26:34.269787
94421215e411b6c7f9242c9df92f8fbc,santaisabel,38,yogurt natural,Yogurt Artesanal Mermelada Mora 200 g,0,Online RM,Metropolitana,Santiago,2026-08-08,2026-08-08T00:26:34.269802
ef159c4a7830ef56ee63947e54d701de,santaisabel,39,yogurt natural,Yogurt Batido Tinguiririca Natural 1 L,0,Online RM,Metropolitana,Santiago,2026-08-08,2026-08-08T00:26:34.269818
3534b9239be58620a2438b1d39b86e9a,santaisabel,40,yogurt natural,Yogurt Artesanal Mermelada Damasco 200 g,0,Online RM,Metropolitana,Santiago,2026-08-08,2026-08-08T00:26:34.269834
36aa3fadb67ce664173154bd592b3151,santaisabel,1,queso gouda,Queso Gouda Surlat Sin Lactosa Laminado 200 g,0,Online RM,Metropolitana,Santiago,2026-08-08,2026-08-08T00:26:34.270498
378e71e9d9816446354b2c4c40a3fe02,santaisabel,2,queso gouda,Queso Gouda Laminado Sin Lactosa Surlat 400 g,0,Online RM,Metropolitana,Santiago,2026-08-08,2026-08-08T00:26:34.270519
2dd722a3ea69ae7768ea78d19526c38a,santaisabel,3,queso gouda,Queso Gouda Santa Rosa Laminado 400 g,0,Online RM,Metropolitana,Santiago,2026-08-08,2026-08-08T00:26:34.270562
f8a4d997662110ad33187381964e509d,santaisabel,4,queso gouda,Queso Gouda Laminado 500 g,0,Online RM,Metropolitana,Santiago,2026-08-08,2026-08-08T00:26:34.270577
a94e4d9b8603d33c7f201d3be647e1a5,santaisabel,1,quesillo,Quesillo Quillayes 150 g,0,Online RM,Metropolitana,Santiago,2026-08-08,2026-08-08T00:26:34.272335
cd9137f54557c1c14fcd1f49d7d5719c,santaisabel,2,quesillo,Quesillo Colun Light Pote 320 g,0,Online RM,Metropolitana,Santiago,2026-08-08,2026-08-08T00:26:34.272348
54e081ba72cf256c71bb0801466be4f0,santaisabel,3,quesillo,Quesillo Sin Lactosa Colun 320 g,0,Online RM,Metropolitana,Santiago,2026-08-08,2026-08-08T00:26:34.272357
2ed1f1bb80a3a9f47d929aa589e37b96,santaisabel,4,quesillo,Quesillo Sin Lactosa 150 g,0,Online RM,Metropolitana,Santiago,2026-08-08,2026-08-08T00:26:34.272371
d4e5b117607c1160df43a931f460e32b,santaisabel,5,quesillo,Queso Fresco Colun 450 g,0,Online RM,Metropolitana,Santiago,2026-08-08,2026-08-08T00:26:34.272379
22e3a22fc297fa246b6485f8258d5255,santaisabel,6,quesillo,Queso Fresco Pote 320 g,0,Online RM,Metropolitana,Santiago,2026-08-08,2026-08-08T00:26:34.272387
692422f69ca6beb3a64fb096f4ab867d,santaisabel,7,quesillo,Queso Chacra 350 g,0,Online RM,Metropolitana,Santiago,2026-08-08,2026-08-08T00:26:34.272395
f8bc6107093efe0e2a5a7ffb9de81e03,santaisabel,8,quesillo,Queso Chacra Sin Lactosa El Roble Envasado Trozo 350 g,0,Online RM,Metropolitana,Santiago,2026-08-08,2026-08-08T00:26:34.272403
985d5da0e9aa311a6462ea8ed61643de,santaisabel,9,quesillo,Queso Fresco Los Tilos Envasado Trozo 350 g,0,Online RM,Metropolitana,Santiago,2026-08-08,2026-08-08T00:26:34.272414
1bc3d431a4e780b74eb2bc2549c7d4ed,santaisabel,10,quesillo,Queso Ricotta Quillayes Envasado Pote 200 g,0,Online RM,Metropolitana,Santiago,2026-08-08,2026-08-08T00:26:34.272422
773f9fb2fbe8276e313eaf0f6d551c49,santaisabel,11,quesillo,Queso Fresco Light Los Tilos Envasado Trozo 350 g,0,Online RM,Metropolitana,Santiago,2026-08-08,2026-08-08T00:26:34.272431
3ef68066c12dce3b83a4fda6d166801e,santaisabel,12,quesillo,Queso Chacra Quillayes Envasado Trozo 400 g,0,Online RM,Metropolitana,Santiago,2026-08-08,2026-08-08T00:26:34.272439
d3575feeae0ab3821ee881f1733d9747,santaisabel,13,quesillo,Queso Chacra San Ignacio Envasado Trozo 450 g,0,Online RM,Metropolitana,Santiago,2026-08-08,2026-08-08T00:26:34.272447
ec4f6c006dbd5e9088a41333a2733107,santaisabel,14,quesillo,Queso Fresco Light Sin Lactosa 400 g,0,Online RM,Metropolitana,Santiago,2026-08-08,2026-08-08T00:26:34.272455
857a93a72f9054643619f8ec61bae232,santaisabel,15,quesillo,Queso Fresco Sin Lactosa Las Aguilas Envasado Trozo 400 g,0,Online RM,Metropolitana,Santiago,2026-08-08,2026-08-08T00:26:34.272463
ad97d8463325dbd2fc5a9248b2283e9c,santaisabel,16,quesillo,Queso Cottage Artisan Envasado Trozo 250 g,0,Online RM,Metropolitana,Santiago,2026-08-08,2026-08-08T00:26:34.272471
fcf49cfa5e54f753049c9efbf692959b,santaisabel,17,quesillo,Queso Ricotta Quillayes Envasado Pote 500 g,0,Online RM,Metropolitana,Santiago,2026-08-08,2026-08-08T00:26:34.272479
b74881dbf43db9e744bbef50ae34233c,santaisabel,18,quesillo,Queso Crema Santa Rosa Envasado Pote 150 g,0,Online RM,Metropolitana,Santiago,2026-08-08,2026-08-08T00:26:34.272486
731bb0bd503d24c2320d77343a331410,santaisabel,19,quesillo,Queso Mozzarella Di Bufala Bufalina Envasado 350 g,0,Online RM,Metropolitana,Santiago,2026-08-08,2026-08-08T00:26:34.272497
0e2a979afbac1227c8a5bfdd070548ff,santaisabel,20,quesillo,Queso Mozzarella Di Bufala Envasado Pote 125 g,0,Online RM,Metropolitana,Santiago,2026-08-08,2026-08-08T00:26:34.272505
5af99450c3bf5a06717ea751fcb326d8,santaisabel,21,quesillo,Queso Mozzarella Margherita Envasado Trozo 240 g,0,Online RM,Metropolitana,Santiago,2026-08-08,2026-08-08T00:26:34.272513
31f8f53e75815973cb644769a0b5fa52,santaisabel,22,quesillo,Queso Chacra Río Bueno 400 g,0,Online RM,Metropolitana,Santiago,2026-08-08,2026-08-08T00:26:34.272520
6312bfbaba5af970120ff25f31020d3e,santaisabel,23,quesillo,Queso Fresco Quillayes Envasado Trozo 270 g,0,Online RM,Metropolitana,Santiago,2026-08-08,2026-08-08T00:26:34.272552
dcba20f5f48d7128f927e790647ba31d,santaisabel,24,quesillo,Queso Mozzarella Di Bufala Granarolo Envasado Trozo 125 g,0,Online RM,Metropolitana,Santiago,2026-08-08,2026-08-08T00:26:34.272565
971ae76c8563dbbc69952adc8facbafd,santaisabel,25,quesillo,Queso Mozzarella Granarolo Envasado Trozo 125 g,0,Online RM,Metropolitana,Santiago,2026-08-08,2026-08-08T00:26:34.272573
adaf6db1464ad11b823e3728785adb5f,santaisabel,26,quesillo,Queso Fresco El Roble Envasado Trozo 450 g,0,Online RM,Metropolitana,Santiago,2026-08-08,2026-08-08T00:26:34.272581
2c30917417274f958013e817829ff62d,santaisabel,27,quesillo,Queso Fresco Las Aguilas Envasado Trozo 400 g,0,Online RM,Metropolitana,Santiago,2026-08-08,2026-08-08T00:26:34.272589
cda8fae8ca98fc563b0e85dee7e40ee3,santaisabel,28,quesillo,Queso Fresco Las Aguilas Envasado Trozo 400 g,0,Online RM,Metropolitana,Santiago,2026-08-08,2026-08-08T00:26:34.272597
c1826ceb9f580ba913654a85a9df0fef,santaisabel,29,quesillo,Queso Ricotta Villa Baviera Envasado Pote 500 g,0,Online RM,Metropolitana,Santiago,2026-08-08,2026-08-08T00:26:34.272612
f3fe8a046c981354366785ec9754f257,santaisabel,30,quesillo,Queso Ricotta Villa Baviera Envasado Pote 200 g,0,Online RM,Metropolitana,Santiago,2026-08-08,2026-08-08T00:26:34.272621
b29948c03570ae08dc8a089189abdc96,santaisabel,31,quesillo,Queso Fresco Light Santa Rosa Envasado Trozo 250 g,0,Online RM,Metropolitana,Santiago,2026-08-08,2026-08-08T00:26:34.272631
ac8345e1c1aa703323e2a22f9deab5dc,santaisabel,32,quesillo,Queso Chacra San Benito Envasado Trozo 450 g,0,Online RM,Metropolitana,Santiago,2026-08-08,2026-08-08T00:26:34.272639
45f743d22451669ec91c4c5683bc63e1,santaisabel,33,quesillo,Queso Ricotta Light Quillayes Envasado 500 g,0,Online RM,Metropolitana,Santiago,2026-08-08,2026-08-08T00:26:34.272647
d9dbd34bbf28c2237207206542b461f4,santaisabel,34,quesillo,Queso Ricotta Quillayes Envasado Pote 200 g,0,Online RM,Metropolitana,Santiago,2026-08-08,2026-08-08T00:26:34.272655
357c135ef710fc742721684c5b48d451,santaisabel,35,quesillo,Queso Mozzarella Di Bufala Envasado Pote 250 g,0,Online RM,Metropolitana,Santiago,2026-08-08,2026-08-08T00:26:34.272664
87e18ff1b544ba32f21ea9ff205073e4,santaisabel,36,quesillo,Queso Mozzarella Granarolo Envasado Pote 125 g,0,Online RM,Metropolitana,Santiago,2026-08-08,2026-08-08T00:26:34.272672
447dc6b66dc607bfa788f4251b3164ee,santaisabel,37,quesillo,Quesillo Pote 320 g,0,Online RM,Metropolitana,Santiago,2026-08-08,2026-08-08T00:26:34.272682
ca5c8098b5174d6eb44329e9cf57af1d,santaisabel,38,quesillo,Quesillo Fresco Light Soprole Envasado Trozo 300 g,0,Online RM,Metropolitana,Santiago,2026-08-08,2026-08-08T00:26:34.272690
0982806851443d5d61acd2a969a4cee4,santaisabel,39,quesillo,Quesillo Soprole Envasado Trozo 300 g,0,Online RM,Metropolitana,Santiago,2026-08-08,2026-08-08T00:26:34.272702
8e9073e38c8a9039d7c624da4d5898aa,santaisabel,40,quesillo,Quesillo Colun Sin Sal Pote 320 g,0,Online RM,Metropolitana,Santiago,2026-08-08,2026-08-08T00:26:34.272711
f468962d29ea0cad7c25223d88de7ca4,santaisabel,1,queso crema,Cream Cheese Santa Rosa Light 200 g,0,Online RM,Metropolitana,Santiago,2026-08-08,2026-08-08T00:26:34.273917
58b7a7148f154ee7e5a47fa28844735c,santaisabel,2,queso crema,Queso Crema Untable Natural Colun 100 g,0,Online RM,Metropolitana,Santiago,2026-08-08,2026-08-08T00:26:34.273929
c47e68dcfefc4b9ed684f19ffac0c9a4,santaisabel,3,queso crema,Queso Crema Philadelphia Envasado 180 g,0,Online RM,Metropolitana,Santiago,2026-08-08,2026-08-08T00:26:34.273938
afa43998b72191109b8799f7c2716f92,santaisabel,4,queso crema,Queso Crema Colun Envasado 100 g,0,Online RM,Metropolitana,Santiago,2026-08-08,2026-08-08T00:26:34.273946
eb144060e8ea587584160f687fd62c01,santaisabel,5,queso crema,Queso Crema Milkaut Envasado Pote 285 g,0,Online RM,Metropolitana,Santiago,2026-08-08,2026-08-08T00:26:34.273954
cf604e5890a396fd8cfa7f3b56438f98,santaisabel,6,queso crema,Queso Crema Untable Ajo y Albahaca Colun 100 g,0,Online RM,Metropolitana,Santiago,2026-08-08,2026-08-08T00:26:34.273962
666c73fff9dabf1c3d0c0a6fb4f8b224,santaisabel,7,queso crema,Queso Crema Soprole Envasado 100 g,0,Online RM,Metropolitana,Santiago,2026-08-08,2026-08-08T00:26:34.273976
7e21b83113264237b64f3006ef1b22a5,santaisabel,8,queso crema,Queso Crema Colun Envasado 200 g,0,Online RM,Metropolitana,Santiago,2026-08-08,2026-08-08T00:26:34.273985
889571f787aa517a3c514932a7b03a33,santaisabel,9,queso crema,Queso Crema Light Arla Envasado Pote 200 g,0,Online RM,Metropolitana,Santiago,2026-08-08,2026-08-08T00:26:34.273996
28b16ea9e0e9523402c010bfd5ca49a9,santaisabel,10,queso crema,Queso Crema Kastanon Kochkäse 420 g,0,Online RM,Metropolitana,Santiago,2026-08-08,2026-08-08T00:26:34.274004
77c5c3fda4d979014cd4db30730bf523,santaisabel,11,queso crema,Queso Crema Santa Rosa Reducido en Calorías Pote 150 g,0,Online RM,Metropolitana,Santiago,2026-08-08,2026-08-08T00:26:34.274013
2a57dc952d1f6e3d118f29354507fbe2,santaisabel,12,queso crema,Queso Crema Sin Lactosa Santa Rosa Envasado Pote 150 g,0,Online RM,Metropolitana,Santiago,2026-08-08,2026-08-08T00:26:34.274022
30499fe94dc9a576a987092869a1d07f,santaisabel,13,queso crema,Queso Crema Santa Rosa Envasado Pote 150 g,0,Online RM,Metropolitana,Santiago,2026-08-08,2026-08-08T00:26:34.274030
f58a3b6e805e96c927a971b60d47822b,santaisabel,14,queso crema,Queso Crema Cuisine & Co Envasado 226 g,0,Online RM,Metropolitana,Santiago,2026-08-08,2026-08-08T00:26:34.274038
35e4a3f13f4465e7f0a078fd3b67c1f9,santaisabel,15,queso crema,Queso Crema Colun Ciboulette 200 g,0,Online RM,Metropolitana,Santiago,2026-08-08,2026-08-08T00:26:34.274049
caff1373301615f5faa51b77f0258afa,santaisabel,16,queso crema,Queso Crema Cuisine & Co Pote 200 g,0,Online RM,Metropolitana,Santiago,2026-08-08,2026-08-08T00:26:34.274058
d66e7877c7256b6c9527c27a576b006c,santaisabel,17,queso crema,Queso Crema Cuisine & Co Reducido en Calorías 200 g,0,Online RM,Metropolitana,Santiago,2026-08-08,2026-08-08T00:26:34.274066
eb24277e4df3982f309b1ce22c0ca18d,santaisabel,18,queso crema,Queso Crema Cuisine & Co Sin Lactosa 200 g,0,Online RM,Metropolitana,Santiago,2026-08-08,2026-08-08T00:26:34.274074
83ecc5f111d94bcaa1d9ab793f6ec476,santaisabel,19,queso crema,Queso Crema Cebolla Arla Envasado Pote 200 g,0,Online RM,Metropolitana,Santiago,2026-08-08,2026-08-08T00:26:34.274087
fdea0e3d4e1ef1f3c9280d0f2127eeee,santaisabel,20,queso crema,Queso Crema Tomate Albahaca Soprole Envasado 100 g,0,Online RM,Metropolitana,Santiago,2026-08-08,2026-08-08T00:26:34.274095
537b6c33b1281e21941a844147e8f6f9,santaisabel,21,queso crema,Queso Crema Sin Lactosa Arla Envasado Pote 200 g,0,Online RM,Metropolitana,Santiago,2026-08-08,2026-08-08T00:26:34.274104
18c839bb4c6b3e4314f2de8c092cdb0a,santaisabel,22,queso crema,Queso Crema Cuisine & Co 67 Calorías 227 g,0,Online RM,Metropolitana,Santiago,2026-08-08,2026-08-08T00:26:34.274112
e8f639817c0d472c88ab3ad4537ee6a7,santaisabel,23,queso crema,Queso Crema Colun Envasado 200 g,0,Online RM,Metropolitana,Santiago,2026-08-08,2026-08-08T00:26:34.274120
6625bbfee4b3a6d7227de502e9c06d44,santaisabel,24,queso crema,Queso Mascarpone Artisan Envasado Pote 200 g,0,Online RM,Metropolitana,Santiago,2026-08-08,2026-08-08T00:26:34.274128
7b1da56cac9b9cc80dc0233ce843a6d4,santaisabel,25,queso crema,Queso Crottin Albahaca Quillayes Envasado 140 g,0,Online RM,Metropolitana,Santiago,2026-08-08,2026-08-08T00:26:34.274136
22925eabbc84989ad386c8eadd03fb38,santaisabel,26,queso crema,Queso Mascarpone Granarolo Envasado 500 g,0,Online RM,Metropolitana,Santiago,2026-08-08,2026-08-08T00:26:34.274144
ba044165f89889b724e6d4bf9e4f3798,santaisabel,27,queso crema,Pasta de Yoghurt Mediterráneo San Benito Envasado 500 g,0,Online RM,Metropolitana,Santiago,2026-08-08,2026-08-08T00:26:34.274152
6f7c7d64c62802798e280a4adb58febd,santaisabel,28,queso crema,Sucedáneo de Queso Crema Cheddar & Cebolla 100% Vegetal The Other Cheese 200 g,0,Online RM,Metropolitana,Santiago,2026-08-08,2026-08-08T00:26:34.274160
5c7c85408966a1dd3e1b79b5f21cc980,santaisabel,29,queso crema,Sucedáneo de Queso Crema Ajo & Hierbas 100% Vegetal The Other Cheese 200 g,0,Online RM,Metropolitana,Santiago,2026-08-08,2026-08-08T00:26:34.274171
3af839cbd839c046681e31a973704b89,santaisabel,30,queso crema,Cream Cheese Santa Rosa 200 g,0,Online RM,Metropolitana,Santiago,2026-08-08,2026-08-08T00:26:34.274179
3f849a518f99d95654b7d907a0371cef,santaisabel,31,queso crema,Queso Crema Soprole Envasado 200 g,0,Online RM,Metropolitana,Santiago,2026-08-08,2026-08-08T00:26:34.274187
bd1b23a5e94fef56a19a3961d0f17a19,santaisabel,32,queso crema,Queso Crema Santa Rosa Envasado Pote 150 g,0,Online RM,Metropolitana,Santiago,2026-08-08,2026-08-08T00:26:34.274195
9befd874ddb91569124b2f73cb20083e,santaisabel,33,queso crema,Queso Crema Untable Tomate y Orégano Colun 100 g,0,Online RM,Metropolitana,Santiago,2026-08-08,2026-08-08T00:26:34.274206
7a1a20238e70ae4bd7af19b1dc3cf955,santaisabel,34,queso crema,Queso Crema Philadelphia Envasado 150 g,0,Online RM,Metropolitana,Santiago,2026-08-08,2026-08-08T00:26:34.274214
d4da1027632d74fdae7bd176e9ebe4af,santaisabel,35,queso crema,Queso Crema Soprole Envasado 100 g,0,Online RM,Metropolitana,Santiago,2026-08-08,2026-08-08T00:26:34.274222
34e12ac7d283bfd9b49a94a6658ac656,santaisabel,36,queso crema,Queso Crema Président Untable 200 g,0,Online RM,Metropolitana,Santiago,2026-08-08,2026-08-08T00:26:34.274234
00b518c5a9cd5d3cce8d45d17b14667a,santaisabel,1,huevos docena,Huevos Duros de Codorniz Doña Blanca 18 un.,0,Online RM,Metropolitana,Santiago,2026-08-08,2026-08-08T00:26:34.274743
1f2e10e7b2a3034a73d7fe58b6a982ec,santaisabel,2,huevos docena,Paila para Huevo con Tapa Tefal 16 cm,0,Online RM,Metropolitana,Santiago,2026-08-08,2026-08-08T00:26:34.274754
2a9a2fc30948d1f771cddb2219c83ac2,santaisabel,3,huevos docena,Cocedor de huevos Thomas TH-80,0,Online RM,Metropolitana,Santiago,2026-08-08,2026-08-08T00:26:34.274771
81a96345384b915df6c870fcc31b18bc,santaisabel,4,huevos docena,Seca Platos Con Bandeja Cromado Escurridor Blanco,0,Online RM,Metropolitana,Santiago,2026-08-08,2026-08-08T00:26:34.274780
484fc22b73cfab88bbeb22e68365e43b,santaisabel,5,huevos docena,Escurridor de Cubiertos,0,Online RM,Metropolitana,Santiago,2026-08-08,2026-08-08T00:26:34.274788
0d6623f73f69a91482d5e506b3dbdbdb,santaisabel,6,huevos docena,Seca Platos Con Bandeja Cromado Escurridor Negro,0,Online RM,Metropolitana,Santiago,2026-08-08,2026-08-08T00:26:34.274796
47f57eeef5490d948f54f08f35d7a557,santaisabel,7,huevos docena,Seca Platos Con Bandeja Escurridor Blanco,0,Online RM,Metropolitana,Santiago,2026-08-08,2026-08-08T00:26:34.274805
857bccb803e9976396e60bddddfdfcb1,santaisabel,8,huevos docena,Tabla para Cortar Flexible 32 x 25 cm,0,Online RM,Metropolitana,Santiago,2026-08-08,2026-08-08T00:26:34.274813
ef5668a10baa4c649aa8ef699bccc5e1,santaisabel,9,huevos docena,Huevos de Codorniz Doña Blanca 24 un.,0,Online RM,Metropolitana,Santiago,2026-08-08,2026-08-08T00:26:34.274821
153f117a5ed2b0e870b80b801b0ecb3d,santaisabel,10,huevos docena,Seca Platos Con Seca Vasos,0,Online RM,Metropolitana,Santiago,2026-08-08,2026-08-08T00:26:34.274830
33626e11a5549840c43fdb9d053bf18d,santaisabel,11,huevos docena,Repisa de Esquina,0,Online RM,Metropolitana,Santiago,2026-08-08,2026-08-08T00:26:34.274838
78b0ffc2162a7917791db0607d2ea337,santaisabel,1,mantequilla 250g,Mantequilla Colun con Sal 250 g,0,Online RM,Metropolitana,Santiago,2026-08-08,2026-08-08T00:26:34.275698
0bb43e7492c559b9d1a0fc950320dbb9,santaisabel,2,mantequilla 250g,Mantequilla Soprole Sin Sal 250 g,0,Online RM,Metropolitana,Santiago,2026-08-08,2026-08-08T00:26:34.275718
d819081f2d1ed10254f5c20ae837cc45,santaisabel,3,mantequilla 250g,Mantequilla Cuisine & Co con Sal 250 g,0,Online RM,Metropolitana,Santiago,2026-08-08,2026-08-08T00:26:34.275727
b5129dd81c090b74977a2edfc27bc64b,santaisabel,4,mantequilla 250g,Mantequilla Soprole con Sal de Mar 250 g,0,Online RM,Metropolitana,Santiago,2026-08-08,2026-08-08T00:26:34.275739
6ac087ad3d87ba3219c40eda5ba507e8,santaisabel,5,mantequilla 250g,Mantequilla Colun Sin Sal 250 g,0,Online RM,Metropolitana,Santiago,2026-08-08,2026-08-08T00:26:34.275747
0cd4e526e579a228ce801b7942330a80,santaisabel,6,mantequilla 250g,Mantequilla Kerrygold Irlandesa con Sal 250 g,0,Online RM,Metropolitana,Santiago,2026-08-08,2026-08-08T00:26:34.275758
4af9500224b9806f928e1c86e897c2f4,santaisabel,7,mantequilla 250g,Mantequilla Soprole con Sal 250 g,0,Online RM,Metropolitana,Santiago,2026-08-08,2026-08-08T00:26:34.275767
6f8b277c336976323f207c3df82a2edf,santaisabel,8,mantequilla 250g,Mantequilla Ecoterra con Sal Vacas Libre Pastoreo 250 g,0,Online RM,Metropolitana,Santiago,2026-08-08,2026-08-08T00:26:34.275775
8ba9aca18cfdc7f29e38661426807bb1,santaisabel,9,mantequilla 250g,Mantequilla Soprole Receta de Campo 250 g,0,Online RM,Metropolitana,Santiago,2026-08-08,2026-08-08T00:26:34.275783
c90b14765019413e4d86edd21a31415d,santaisabel,10,mantequilla 250g,Mantequilla Kumey de Campo 250 g,0,Online RM,Metropolitana,Santiago,2026-08-08,2026-08-08T00:26:34.275792
360b302f505ab9e8edb4eb5aeb2e58d9,santaisabel,11,mantequilla 250g,Mantequilla Loncoleche con Aceite de Canola 250 g,0,Online RM,Metropolitana,Santiago,2026-08-08,2026-08-08T00:26:34.275801
60864a8040585dd4803b5d5504239c33,santaisabel,12,mantequilla 250g,Mantequilla Los Alerces con Sal 250 g,0,Online RM,Metropolitana,Santiago,2026-08-08,2026-08-08T00:26:34.275811
e94b6bcdd7c86a18212c1ec67fb19c25,santaisabel,13,mantequilla 250g,Mantequilla Calo con Sal 250 g,0,Online RM,Metropolitana,Santiago,2026-08-08,2026-08-08T00:26:34.275820
97e1d633e80550fced6b66d1bd2b1ab3,santaisabel,14,mantequilla 250g,Mantequilla Maní B-Japi Triptofano 250 g,0,Online RM,Metropolitana,Santiago,2026-08-08,2026-08-08T00:26:34.275828
0b5478793c24972415663a5f2005d613,santaisabel,15,mantequilla 250g,Mantequilla Ecoterra Con Sal del Himalaya Vacas Libre Pastoreo 250 g,0,Online RM,Metropolitana,Santiago,2026-08-08,2026-08-08T00:26:34.275919
5955c1e9ebd8b969fc66bc872c9a4b09,santaisabel,16,mantequilla 250g,Mantequilla Ecoterra Sin Sal Vacas Libre Pastoreo 250 g,0,Online RM,Metropolitana,Santiago,2026-08-08,2026-08-08T00:26:34.275928
c7ecf433ca2178ec6923bfde48b6aaa9,santaisabel,17,mantequilla 250g,Margarina Soprole 250 g,0,Online RM,Metropolitana,Santiago,2026-08-08,2026-08-08T00:26:34.275937
b3b488273970af0a895fc055e889f784,santaisabel,18,mantequilla 250g,Mantequilla Futaleufú Artesanal 250 g,0,Online RM,Metropolitana,Santiago,2026-08-08,2026-08-08T00:26:34.275945
a4566c7cc55387bd220008020cd4f33e,santaisabel,19,mantequilla 250g,Mantequilla con Sal A2 Ecoterra 250 g,0,Online RM,Metropolitana,Santiago,2026-08-08,2026-08-08T00:26:34.275954
fc887622f12ca4952765ce827f440d2c,santaisabel,20,mantequilla 250g,Margarina Soprole Next Light 250 g,0,Online RM,Metropolitana,Santiago,2026-08-08,2026-08-08T00:26:34.275962
ac242b39a2372ac320c1730e44a64257,santaisabel,1,margarina,Margarina Soprole Mix con Mantequilla Pote 500 g,0,Online RM,Metropolitana,Santiago,2026-08-08,2026-08-08T00:26:34.278176
09ad75a4bd41aa6a83d3116b7ab03e9d,santaisabel,2,margarina,Margarina Sureña Mix 450 g,0,Online RM,Metropolitana,Santiago,2026-08-08,2026-08-08T00:26:34.278200
86f09ed3299688910e65afbd07a51c5c,santaisabel,3,margarina,Margarina Soprole Next Light Pote 500 g,0,Online RM,Metropolitana,Santiago,2026-08-08,2026-08-08T00:26:34.278217
289eec50ec8f7efb75f4dd72ec6181a1,santaisabel,4,margarina,Margarina Soprole Pote 500 g,0,Online RM,Metropolitana,Santiago,2026-08-08,2026-08-08T00:26:34.278226
66ef8351de122d63eae5d07650379b61,santaisabel,5,margarina,Margarina Soprole con Toques Mantequilla 500 g,0,Online RM,Metropolitana,Santiago,2026-08-08,2026-08-08T00:26:34.278235
132af3a5693462ad6924dc99d0b1cea4,santaisabel,6,margarina,Margarina Sureña 450 g,0,Online RM,Metropolitana,Santiago,2026-08-08,2026-08-08T00:26:34.278244
1ca8d2b50c67fec98a8de9e410a2a1f4,santaisabel,7,margarina,Margarina Sureña con Mantequilla 900 g,0,Online RM,Metropolitana,Santiago,2026-08-08,2026-08-08T00:26:34.278252
0d7b8dc29e73873e8fb35ad29a0c6a05,santaisabel,8,margarina,Margarina Soprole 250 g,0,Online RM,Metropolitana,Santiago,2026-08-08,2026-08-08T00:26:34.278261
4380eb7266583c3aa5bb39cf986f4731,santaisabel,9,margarina,Margarina Sureña Light 450 g,0,Online RM,Metropolitana,Santiago,2026-08-08,2026-08-08T00:26:34.278269
ac27d5cc2577bc438083d5acf6bb90c9,santaisabel,10,margarina,Margarina Qualy con Sal 1 kg,0,Online RM,Metropolitana,Santiago,2026-08-08,2026-08-08T00:26:34.278278
9dea0db4c87a1339f87f43deb52a3fb6,santaisabel,11,margarina,Margarina Qualy con Sal 500 g,0,Online RM,Metropolitana,Santiago,2026-08-08,2026-08-08T00:26:34.278286
1a9b203e535db103a6867bd09202c6cb,santaisabel,12,margarina,Margarina Deline Pote 500 g,0,Online RM,Metropolitana,Santiago,2026-08-08,2026-08-08T00:26:34.278298
c5b9254b2f5bbf290483e53462139175,santaisabel,13,margarina,Margarina Cuisine & Co Canola Pote 400 g,0,Online RM,Metropolitana,Santiago,2026-08-08,2026-08-08T00:26:34.278306
65c2b37477e35d8a899c9e0afdf675ca,santaisabel,14,margarina,Margarina Soprole Mix 30% Mantequilla Pote 500 g,0,Online RM,Metropolitana,Santiago,2026-08-08,2026-08-08T00:26:34.278313
478fdfa311ddf7adea36df453a2bed39,santaisabel,15,margarina,Margarina Cuisine & Co Mix 450 g,0,Online RM,Metropolitana,Santiago,2026-08-08,2026-08-08T00:26:34.278322
5af5b8c3b740d0301be9321a821dfe37,santaisabel,16,margarina,Mantequilla Colun con Sal 250 g,0,Online RM,Metropolitana,Santiago,2026-08-08,2026-08-08T00:26:34.278330
acd893604127450b16382d7e8108a8d5,santaisabel,17,margarina,Mantequilla Soprole Sin Sal 250 g,0,Online RM,Metropolitana,Santiago,2026-08-08,2026-08-08T00:26:34.278338
aa033543fc8fb20fc50d9a3f3a173ae0,santaisabel,18,margarina,Mantequilla Cuisine & Co con Sal 250 g,0,Online RM,Metropolitana,Santiago,2026-08-08,2026-08-08T00:26:34.278347
90b9a830726f1600fb759aa6aaba41ed,santaisabel,19,margarina,Mantequilla Calo con Sal Untable 350 g,0,Online RM,Metropolitana,Santiago,2026-08-08,2026-08-08T00:26:34.278357
89b70fe2c036a04e6ef8ad7d3ab738a5,santaisabel,20,margarina,Mantequilla Soprole Untable Pote 200 g,0,Online RM,Metropolitana,Santiago,2026-08-08,2026-08-08T00:26:34.278365
56f956b4fd3f15c56b9872340b4cdc8d,santaisabel,21,margarina,Mantequilla Soprole con Sal de Mar 250 g,0,Online RM,Metropolitana,Santiago,2026-08-08,2026-08-08T00:26:34.278373
e734add2696e3c491b790b44fb3c75f4,santaisabel,22,margarina,Mantequilla Colun Sin Sal 250 g,0,Online RM,Metropolitana,Santiago,2026-08-08,2026-08-08T00:26:34.278385
14ba7a853f9a41087f2f85a44aa9a908,santaisabel,23,margarina,Mantequilla Colun 200 g,0,Online RM,Metropolitana,Santiago,2026-08-08,2026-08-08T00:26:34.278393
bdb2d305f5d1c517b7e21caaaa11b0bd,santaisabel,24,margarina,Mantequilla Soprole Untable Pote 350 g,0,Online RM,Metropolitana,Santiago,2026-08-08,2026-08-08T00:26:34.278404
496b4352d6c6ee6c900a4e0453d33574,santaisabel,25,margarina,Sucedáneo de Mantequilla Quillayes Sin Lactosa 200 g,0,Online RM,Metropolitana,Santiago,2026-08-08,2026-08-08T00:26:34.278411
b166dd15b2560a1b10af9c67e5fce1f3,santaisabel,26,margarina,Manteca Crucina 200 g,0,Online RM,Metropolitana,Santiago,2026-08-08,2026-08-08T00:26:34.278419
66ed6566fb2a8eb550b3c3eacc2a46a8,santaisabel,27,margarina,Mantequilla Soprole con Sal 125 g,0,Online RM,Metropolitana,Santiago,2026-08-08,2026-08-08T00:26:34.278428
beaccb53bd9937b14a7a00d8c311124a,santaisabel,28,margarina,Mantequilla Quillayes con Sal 200 g,0,Online RM,Metropolitana,Santiago,2026-08-08,2026-08-08T00:26:34.278436
8db56544b44852623e14fcd2515a2238,santaisabel,29,margarina,Mantequilla Nutrileza Ghee Clarificada Sin Sal 350 g,0,Online RM,Metropolitana,Santiago,2026-08-08,2026-08-08T00:26:34.278443
756e6a51c17824690b05b27b2ff3f26e,santaisabel,30,margarina,Mantequilla Kerrygold Irlandesa Sin Sal 200 g,0,Online RM,Metropolitana,Santiago,2026-08-08,2026-08-08T00:26:34.278451
c1158488928c8b18fd73da81ed9199a5,santaisabel,31,margarina,Mantequilla Nutrileza Ghee Clarificada 200 g,0,Online RM,Metropolitana,Santiago,2026-08-08,2026-08-08T00:26:34.278458
70cb9320e17c05ca2ccbb6ad1ea9323d,santaisabel,32,margarina,Mantequilla Kerrygold Irlandesa con Sal 250 g,0,Online RM,Metropolitana,Santiago,2026-08-08,2026-08-08T00:26:34.278469
e0c60ad065b9f414d076dc48c6946127,santaisabel,33,margarina,Mantequilla Las Parcelas de Valdivia 200 g,0,Online RM,Metropolitana,Santiago,2026-08-08,2026-08-08T00:26:34.278477
e1ad9477e7b07d87b602f46c6b60d266,santaisabel,34,margarina,Mantequilla Soprole con Sal 250 g,0,Online RM,Metropolitana,Santiago,2026-08-08,2026-08-08T00:26:34.278485
1ffa1dd387ab797be6ca779e439fbdc3,santaisabel,35,margarina,Mantequilla Ecoterra con Sal Vacas Libre Pastoreo 250 g,0,Online RM,Metropolitana,Santiago,2026-08-08,2026-08-08T00:26:34.278493
ded95eacb57135e32d81f69c692ce02d,santaisabel,36,margarina,Mantequilla Colun con Sal 125 g,0,Online RM,Metropolitana,Santiago,2026-08-08,2026-08-08T00:26:34.278500
b3022cc9edd58a9d089004148711841e,santaisabel,37,margarina,Mantequilla Surlat con Sal 200 g,0,Online RM,Metropolitana,Santiago,2026-08-08,2026-08-08T00:26:34.278508
06054d5b1c64d42857d7115693010b81,santaisabel,38,margarina,Levadura Lefersa Fresca 38 g,0,Online RM,Metropolitana,Santiago,2026-08-08,2026-08-08T00:26:34.278516
6ce6f7dcb727c88511b144d557ec3c5f,santaisabel,39,margarina,Mantequilla San Ignacio de Campo 230 g,0,Online RM,Metropolitana,Santiago,2026-08-08,2026-08-08T00:26:34.278524
ad66de0b4d423885741c7a01c7bdf782,santaisabel,40,margarina,Manteca Crucina Panadera Vegetal 1 kg,0,Online RM,Metropolitana,Santiago,2026-08-08,2026-08-08T00:26:34.278572
5a22983d6746750fc72fa4a1965ffee0,santaisabel,1,aceite vegetal 1l,Aceite Vegetal Belmont para Freír 1 L,0,Online RM,Metropolitana,Santiago,2026-08-08,2026-08-08T00:26:34.278988
a5c51d34b683abbcfe6c919ac455c1d1,santaisabel,2,aceite vegetal 1l,Aceite Vegetal Belmont 1 L,0,Online RM,Metropolitana,Santiago,2026-08-08,2026-08-08T00:26:34.279006
8d1f4fc6d7c08435cddb655c78aaad6b,santaisabel,1,platanos,Plátano Extra Granel (1 A 2 un. Aprox),0,Online RM,Metropolitana,Santiago,2026-08-08,2026-08-08T00:26:34.279407
cb3d4cd8604d6f67f5b6962dc6da5d66,santaisabel,2,platanos,Plátano Baby Granel,0,Online RM,Metropolitana,Santiago,2026-08-08,2026-08-08T00:26:34.279418
16fe35587cdd1dff92ad5529a20b0f49,santaisabel,3,platanos,Plátano Barraganette Granel,0,Online RM,Metropolitana,Santiago,2026-08-08,2026-08-08T00:26:34.279426
bae1a609c96832ba8681f9da8f3bf3b9,santaisabel,4,platanos,Nectarín Plátano Exportación Granel,0,Online RM,Metropolitana,Santiago,2026-08-08,2026-08-08T00:26:34.279435
ab801866cf4b3a9ca277107175b68bc0,santaisabel,5,platanos,Plátano Liofilizado Atama Rodaja 15 g,0,Online RM,Metropolitana,Santiago,2026-08-08,2026-08-08T00:26:34.279443
0903d09271cba5083382a213b203c28f,santaisabel,1,manzanas,Manzana Fuji Importada Granel (2 A 3 un. Aprox),0,Online RM,Metropolitana,Santiago,2026-08-08,2026-08-08T00:26:34.279963
e9e8bcf6451895f7141a2c79f56874b6,santaisabel,2,manzanas,Manzana Royal Gala Granel,0,Online RM,Metropolitana,Santiago,2026-08-08,2026-08-08T00:26:34.279975
1657653c77f54f746d327d1f02f600e9,santaisabel,3,manzanas,Manzana SugarBee® kg,0,Online RM,Metropolitana,Santiago,2026-08-08,2026-08-08T00:26:34.279985
76ebd4bc17d8d3372580af1941de0d34,santaisabel,4,manzanas,Manzana Verde Bolsa 1 kg,0,Online RM,Metropolitana,Santiago,2026-08-08,2026-08-08T00:26:34.279993
b5c4a89003050deeecc167e7ec50ef8e,santaisabel,5,manzanas,Manzana Pink Lady Granel,0,Online RM,Metropolitana,Santiago,2026-08-08,2026-08-08T00:26:34.280008
899f7a9ed4f6d32323b48f8acb78089f,santaisabel,6,manzanas,Manzana Royal Gala 1 kg,0,Online RM,Metropolitana,Santiago,2026-08-08,2026-08-08T00:26:34.280017
ba64c30d5ca1e3fbf1b61d07e94f1cf9,santaisabel,7,manzanas,Manzana Fuji Bolsa 1 Kilo,0,Online RM,Metropolitana,Santiago,2026-08-08,2026-08-08T00:26:34.280025
f0533e126a8ae697e5be49874bdd54f4,santaisabel,8,manzanas,Manzana Envy Granel,0,Online RM,Metropolitana,Santiago,2026-08-08,2026-08-08T00:26:34.280033
0c8587a0b584bb2b55aa91706d61e848,santaisabel,9,manzanas,Manzana Verde Granel,0,Online RM,Metropolitana,Santiago,2026-08-08,2026-08-08T00:26:34.280041
45e047d489dc071aba6d0fe24aa935d2,santaisabel,10,manzanas,Manzanas Cripps Pink Orgánica 900 g,0,Online RM,Metropolitana,Santiago,2026-08-08,2026-08-08T00:26:34.280049
46004b6e90c1e56719af423044d60587,santaisabel,11,manzanas,Manzana Fuji Orgánica 900 g,0,Online RM,Metropolitana,Santiago,2026-08-08,2026-08-08T00:26:34.280057
e9916f5f5ef725a741811c8f569011e6,santaisabel,12,manzanas,Manzana Verde Orgánica 900 g,0,Online RM,Metropolitana,Santiago,2026-08-08,2026-08-08T00:26:34.280065
7c507ec2b787f0e4127adcf2fe183330,santaisabel,1,limones,Limón Sutil Malla 500 g,0,Online RM,Metropolitana,Santiago,2026-08-08,2026-08-08T00:26:34.280807
01a53892db0d62a57d1c9bedff661a1b,santaisabel,2,limones,Limón Granel (1 A 2 un. Aprox),0,Online RM,Metropolitana,Santiago,2026-08-08,2026-08-08T00:26:34.280820
c812053410c328dbcc77da668f0bdfa3,santaisabel,3,limones,Limón Sutil Granel,0,Online RM,Metropolitana,Santiago,2026-08-08,2026-08-08T00:26:34.280835
683b8152c53ec99126a9718c9ef54cf7,santaisabel,4,limones,Limón Cocktail Granel,0,Online RM,Metropolitana,Santiago,2026-08-08,2026-08-08T00:26:34.280844
fb3e171731f2720b8f38d7dbf8bbacca,santaisabel,5,limones,Limón Sin Semilla Malla 900 g,0,Online RM,Metropolitana,Santiago,2026-08-08,2026-08-08T00:26:34.280852
c4a32cbafe157f828ef1ecf9ad7a7155,santaisabel,6,limones,Limón Malla 1 kg,0,Online RM,Metropolitana,Santiago,2026-08-08,2026-08-08T00:26:34.280861
5d368799f0056aab9a08b3d2263a0c08,santaisabel,7,limones,Limón Orgánico 1 kg,0,Online RM,Metropolitana,Santiago,2026-08-08,2026-08-08T00:26:34.280869
97ebb0360485a54d6be518c49c0ea52b,santaisabel,8,limones,Sucedáneo de Limón 500 ml,0,Online RM,Metropolitana,Santiago,2026-08-08,2026-08-08T00:26:34.280877
ffbbbb9402c912fd0166c9499804666b,santaisabel,9,limones,Aliño Limón Traverso 60% Natural 320 ml,0,Online RM,Metropolitana,Santiago,2026-08-08,2026-08-08T00:26:34.280885
872b21311d8851edab1aff7100e4721a,santaisabel,10,limones,Sucedáneo Jugo Limón Traverso 1 L,0,Online RM,Metropolitana,Santiago,2026-08-08,2026-08-08T00:26:34.280896
a8c36c6ad80818bc9d6b4e9b8a3231ea,santaisabel,11,limones,Sucedáneo Jugo Limón Pica Traverso 1 L,0,Online RM,Metropolitana,Santiago,2026-08-08,2026-08-08T00:26:34.280905
b487dffa83b29c7aae06055043980f1d,santaisabel,12,limones,Sucedáneo Jugo Limón Pica Traverso 500 ml,0,Online RM,Metropolitana,Santiago,2026-08-08,2026-08-08T00:26:34.280913
e6e3a2ed44b66e158d931acd15cd59fd,santaisabel,13,limones,Sucedáneo Jugo Limón Traverso 500 ml,0,Online RM,Metropolitana,Santiago,2026-08-08,2026-08-08T00:26:34.280926
9694b194eef310a7c351cba9714065d4,santaisabel,14,limones,"Fideos Instantáneos Maruchan Bowl Sabor Camarón, Limón y Habanero 94.3 g",0,Online RM,Metropolitana,Santiago,2026-08-08,2026-08-08T00:26:34.280934
bd65810bb995ade2f4f32f051fb8bbc0,santaisabel,15,limones,Limón Cocktail Malla 500 g,0,Online RM,Metropolitana,Santiago,2026-08-08,2026-08-08T00:26:34.280942
90f00cf670fd086800bb9a6fb86b8283,santaisabel,16,limones,Sucedáneo Limón de Pica 500 ml,0,Online RM,Metropolitana,Santiago,2026-08-08,2026-08-08T00:26:34.280950
ccaa13b761ebbb2cceaedee7775fb9eb,santaisabel,17,limones,Base Maggi Jugoso Al Horno Pollo Al Limón 24G,0,Online RM,Metropolitana,Santiago,2026-08-08,2026-08-08T00:26:34.280958
e92a86099434c07ffc28eb1fb01e059c,santaisabel,18,limones,"Comida Instantánea Maruchan 64 g, Sabor Camarón, Limón y Habanero",0,Online RM,Metropolitana,Santiago,2026-08-08,2026-08-08T00:26:34.280966
cd51b7d30f34d3a40e72c0d0b344516e,santaisabel,1,palta hass,Palta Hass Extra Chilena (1 A 2 un. Aprox),0,Online RM,Metropolitana,Santiago,2026-08-08,2026-08-08T00:26:34.281421
56f928cf8315f54f31405caf317312c5,santaisabel,2,palta hass,Palta Hass Malla 1 kg,0,Online RM,Metropolitana,Santiago,2026-08-08,2026-08-08T00:26:34.281434
4eaa86dbb755eb57ed14e42574bbf43a,santaisabel,1,tomates,Tomate Larga Vida Granel (1 A 2 un. Aprox),0,Online RM,Metropolitana,Santiago,2026-08-08,2026-08-08T00:26:34.282253
1623309c095b9ad881763372189a1552,santaisabel,2,tomates,Tomates Triple Tasty 500 g,0,Online RM,Metropolitana,Santiago,2026-08-08,2026-08-08T00:26:34.282272
ef307f6dc246ff88f80f154c6628be1a,santaisabel,3,tomates,Tomate Romanini Eblooms 340 g,0,Online RM,Metropolitana,Santiago,2026-08-08,2026-08-08T00:26:34.282295
8ccf137395e335346ba2cfd74c83d893,santaisabel,4,tomates,Tomate Cocktail Variedades Granel,0,Online RM,Metropolitana,Santiago,2026-08-08,2026-08-08T00:26:34.282310
1c844429d2eca9f0ee4c520ba628b954,santaisabel,5,tomates,Tomate Cocktail Pote 250 g,0,Online RM,Metropolitana,Santiago,2026-08-08,2026-08-08T00:26:34.282324
2a7bf86d27c1fc019dbbf09a0812dd93,santaisabel,6,tomates,Tomate Cocktail Amarillo 250 g,0,Online RM,Metropolitana,Santiago,2026-08-08,2026-08-08T00:26:34.282338
69470728def0a84d5df5f3a606ba0054,santaisabel,7,tomates,Tomate Baby Roma 340 g,0,Online RM,Metropolitana,Santiago,2026-08-08,2026-08-08T00:26:34.282352
bcd6fb3cfd7e465e21c0207384baf0f0,santaisabel,8,tomates,Tomate Beef Granel,0,Online RM,Metropolitana,Santiago,2026-08-08,2026-08-08T00:26:34.282371
208eb43952e450b2d0df43a4609cc437,santaisabel,9,tomates,Tomate Deshidratado 200 g,0,Online RM,Metropolitana,Santiago,2026-08-08,2026-08-08T00:26:34.282385
b64f25392a528a50c1b291cf4c9ff252,santaisabel,10,tomates,Tomates Deshidratados 150 g,0,Online RM,Metropolitana,Santiago,2026-08-08,2026-08-08T00:26:34.282400
048e8f24ad7c56aef3b665f2660ce7bb,santaisabel,11,tomates,Tomate Romanita 340 g,0,Online RM,Metropolitana,Santiago,2026-08-08,2026-08-08T00:26:34.282417
f6c63c8e86fa3bf4e9b1fcb9840431f5,santaisabel,12,tomates,Tomate Mix Coctel Variedades 300 g,0,Online RM,Metropolitana,Santiago,2026-08-08,2026-08-08T00:26:34.282431
fe55773ae6906ddfe885d5b6ebcd3785,santaisabel,13,tomates,Mix Tomate Cherry 500 g,0,Online RM,Metropolitana,Santiago,2026-08-08,2026-08-08T00:26:34.282448
09edbb7a41a28dccb250e5a67c59b0d5,santaisabel,14,tomates,Queso Gauda Tomate Oliva Basiron Trozo Granel,0,Online RM,Metropolitana,Santiago,2026-08-08,2026-08-08T00:26:34.282461
e051f8e371e2bdf3e5816090869684c7,santaisabel,15,tomates,Chipolatta Tomate y Gruyere Al Vacío 250 g,0,Online RM,Metropolitana,Santiago,2026-08-08,2026-08-08T00:26:34.282475
f4bacb5f4f3de71c4dc47196fd85b370,santaisabel,16,tomates,Queso Feta Tomate Deshidratado Arla Envasado Trozo 100 g,0,Online RM,Metropolitana,Santiago,2026-08-08,2026-08-08T00:26:34.282488
b8e3600eec9e46e957f61840c1f648cf,santaisabel,17,tomates,Queso Crema Tomate Albahaca Soprole Envasado 100 g,0,Online RM,Metropolitana,Santiago,2026-08-08,2026-08-08T00:26:34.282502
1e52fdd6ebd760e40f3d43bcebf7fb3c,santaisabel,18,tomates,Queso de Cabra Pahuilmo Tomate Albahaca Trozo 200 g,0,Online RM,Metropolitana,Santiago,2026-08-08,2026-08-08T00:26:34.282516
278b7d19a81487e5e0a73317be370532,santaisabel,19,tomates,Tomate San Marsano kg,0,Online RM,Metropolitana,Santiago,2026-08-08,2026-08-08T00:26:34.282548
8e08a5def3545227a2024342435cbe8d,santaisabel,20,tomates,Tomate Hidropónico Racimo Granel,0,Online RM,Metropolitana,Santiago,2026-08-08,2026-08-08T00:26:34.282562
ecfa8c2184a684ff6a2f6d2ce322f942,santaisabel,21,tomates,Tomate Rústico Variedad kg,0,Online RM,Metropolitana,Santiago,2026-08-08,2026-08-08T00:26:34.282576
5230a08f7b294918f1493994446b0dd7,santaisabel,22,tomates,Tomate Larga Vida Malla 1 kg,0,Online RM,Metropolitana,Santiago,2026-08-08,2026-08-08T00:26:34.282590
a7a3d0d349f6f107b4b71d5df6169968,santaisabel,23,tomates,Tomate Cherry Clamshell 500 g,0,Online RM,Metropolitana,Santiago,2026-08-08,2026-08-08T00:26:34.282608
e593ac1d06b4f449396f0d72881a67e4,santaisabel,24,tomates,Tomates Whitney 340 g,0,Online RM,Metropolitana,Santiago,2026-08-08,2026-08-08T00:26:34.282622
3fa6d8b1134574312eb0c9f021d7aa49,santaisabel,25,tomates,Queso Crema Untable Tomate y Orégano Colun 100 g,0,Online RM,Metropolitana,Santiago,2026-08-08,2026-08-08T00:26:34.282636
462b82e5d585f5bf521381cb1d30e624,santaisabel,1,lechuga,Lechuga Escarola Bandeja 2 un.,0,Online RM,Metropolitana,Santiago,2026-08-08,2026-08-08T00:26:34.284194
3a949b28cf3f9d141aed6bcc203506f5,santaisabel,2,lechuga,Lechuga Hidropónica Española 1 un.,0,Online RM,Metropolitana,Santiago,2026-08-08,2026-08-08T00:26:34.284213
b90efe3feeda03e517aac9e7ca3c5e53,santaisabel,3,lechuga,Lechuga Fresh Cut Hojas Roble Verde 150 g,0,Online RM,Metropolitana,Santiago,2026-08-08,2026-08-08T00:26:34.284229
06b8c3bb2cdc8c4691c6499cdd9a1c3e,santaisabel,4,lechuga,Lechuga Costina 1 un.,0,Online RM,Metropolitana,Santiago,2026-08-08,2026-08-08T00:26:34.284244
bea731d241175221344183b99017346a,santaisabel,5,lechuga,Lechuga Escarola 1 un.,0,Online RM,Metropolitana,Santiago,2026-08-08,2026-08-08T00:26:34.284258
4c87cdb0c5d5cdd898bb02816df9394e,santaisabel,6,lechuga,Lechuga Lollo Bionda Hidropónica 1 un.,0,Online RM,Metropolitana,Santiago,2026-08-08,2026-08-08T00:26:34.284272
e081c1b1a3658682134e5ac11b20ceba,santaisabel,7,lechuga,Lechuga Fresh Cut Salanova Hojas 150 g,0,Online RM,Metropolitana,Santiago,2026-08-08,2026-08-08T00:26:34.284289
6defb47bedcb1060146359780e2a52f8,santaisabel,8,lechuga,Ensalada Dole Lechuga Escarola 300 g,0,Online RM,Metropolitana,Santiago,2026-08-08,2026-08-08T00:26:34.284307
7110f9dce71ec7cc6f9f44fb6af16772,santaisabel,9,lechuga,Lechuga Dole Española Hidropónica 1 un.,0,Online RM,Metropolitana,Santiago,2026-08-08,2026-08-08T00:26:34.284321
b86edf67f151314f4be945aba1698d06,santaisabel,10,lechuga,Trio de Lechugas Hidropónicas Pura Hoja 1 un.,0,Online RM,Metropolitana,Santiago,2026-08-08,2026-08-08T00:26:34.284338
af0931ca27c62ac482f2a97712ec3c0c,santaisabel,11,lechuga,Ensalada Lechuga Escarola 300 g,0,Online RM,Metropolitana,Santiago,2026-08-08,2026-08-08T00:26:34.284352
5c59c946bffc85ad3e44cb390967127d,santaisabel,12,lechuga,Lechuga Francesa 1 un.,0,Online RM,Metropolitana,Santiago,2026-08-08,2026-08-08T00:26:34.284365
d40a84eab5b7a4781d9d457e45820f21,santaisabel,13,lechuga,Lechuga Fresh Cut Roble Roja 150 g,0,Online RM,Metropolitana,Santiago,2026-08-08,2026-08-08T00:26:34.284379
19a7e5bae946f96876b3808b27df36ee,santaisabel,14,lechuga,Lechuga Roble Verde Hidropónica 1 un.,0,Online RM,Metropolitana,Santiago,2026-08-08,2026-08-08T00:26:34.284392
2d38d1c77f6f42907e265c7df2d02a77,santaisabel,15,lechuga,Lechuga Española 1 un.,0,Online RM,Metropolitana,Santiago,2026-08-08,2026-08-08T00:26:34.284407
33fac29dfacdd6e2c4626a12aed45e65,santaisabel,16,lechuga,Lechuga Lollo Rossa Hidropónica 1 un.,0,Online RM,Metropolitana,Santiago,2026-08-08,2026-08-08T00:26:34.284421
c5aedc9b372a56fdc0d0da2cbf3736b1,santaisabel,17,lechuga,Lechuga Fresh Cut Lollo Bionda 150 g,0,Online RM,Metropolitana,Santiago,2026-08-08,2026-08-08T00:26:34.284435
cded6196dfd47992274839908589bcb2,santaisabel,18,lechuga,Lechuga Costina 2 un.,0,Online RM,Metropolitana,Santiago,2026-08-08,2026-08-08T00:26:34.284458
d42e4ad5f9a10fc1bae35641f47c5add,santaisabel,19,lechuga,Lechuga Vegus Butterhead Orgánico Clamshell 500 g,0,Online RM,Metropolitana,Santiago,2026-08-08,2026-08-08T00:26:34.284472
4529306078ae3420e76c161274e31314,santaisabel,20,lechuga,Lechuga Escarola 600 g,0,Online RM,Metropolitana,Santiago,2026-08-08,2026-08-08T00:26:34.284486
8037928fdfb19a91d417bc108c59f5ff,santaisabel,21,lechuga,Lechuga Fresh Cut Salsanova Crispy 150 g,0,Online RM,Metropolitana,Santiago,2026-08-08,2026-08-08T00:26:34.284513
d3351e5dbc843da790a07257bcb63a05,santaisabel,22,lechuga,Lechuga Fresh Cut Lollo Rosa 150 g,0,Online RM,Metropolitana,Santiago,2026-08-08,2026-08-08T00:26:34.284527
051f51397ea2b5b795a9e9d78ce7c669,santaisabel,23,lechuga,Lechuga Vegus Roble Rojo Orgánica,0,Online RM,Metropolitana,Santiago,2026-08-08,2026-08-08T00:26:34.284557
db886b5087ad6de4aaaeba9bcbc9ebb9,santaisabel,24,lechuga,Lechuga Escarola 300 g,0,Online RM,Metropolitana,Santiago,2026-08-08,2026-08-08T00:26:34.284571
658473a3955d90e18411aa316e97d9cc,santaisabel,25,lechuga,Lechuga Escarola Feria 1 un.,0,Online RM,Metropolitana,Santiago,2026-08-08,2026-08-08T00:26:34.284586
f29c0b32d4d57cad721ebfcb7a8d26fb,santaisabel,26,lechuga,Lechuga Vegus Orgánica Butterhead 1 un.,0,Online RM,Metropolitana,Santiago,2026-08-08,2026-08-08T00:26:34.284602
d8e8dcf5de918d5a0adb64c2dd906790,santaisabel,27,lechuga,Lechuga Hidropónica Roble Verde,0,Online RM,Metropolitana,Santiago,2026-08-08,2026-08-08T00:26:34.284617
08a3a723fdec03a7e20b1001efd2aae9,santaisabel,28,lechuga,Mix de Lechugas Hidropónicas 150 g,0,Online RM,Metropolitana,Santiago,2026-08-08,2026-08-08T00:26:34.284639
139a0306fff40faeeffd9f086874e7b7,santaisabel,29,lechuga,Lechuga Costina Morada,0,Online RM,Metropolitana,Santiago,2026-08-08,2026-08-08T00:26:34.284655
210207e924eb38171925a597a00b3693,santaisabel,1,zapallo,Zapallo 1 un.,0,Online RM,Metropolitana,Santiago,2026-08-08,2026-08-08T00:26:34.285716
586e5e7266986035ddde605637d1e851,santaisabel,2,zapallo,Zapallo Italiano 1 un.,0,Online RM,Metropolitana,Santiago,2026-08-08,2026-08-08T00:26:34.285735
010d8731a14264b6c2992d58cad25baf,santaisabel,3,zapallo,Zapallo Camote 1 un.,0,Online RM,Metropolitana,Santiago,2026-08-08,2026-08-08T00:26:34.285750
04bf829928851095649f3f4ebf785747,santaisabel,4,zapallo,Zapallo en Cubos Minuto Verde 500 g,0,Online RM,Metropolitana,Santiago,2026-08-08,2026-08-08T00:26:34.285764
49218a97c98d7015269cc3e6c8b85b73,santaisabel,5,zapallo,Semilla de Calabaza 700 g,0,Online RM,Metropolitana,Santiago,2026-08-08,2026-08-08T00:26:34.285778
5c3f81777b1f3e67e6dd6372c3bc254b,santaisabel,6,zapallo,Zapallo Butternut Orgánico 1 un.,0,Online RM,Metropolitana,Santiago,2026-08-08,2026-08-08T00:26:34.285792
7d452ac810033c032c2646142e6332ce,santaisabel,7,zapallo,Zapallo en Cubos 500 g,0,Online RM,Metropolitana,Santiago,2026-08-08,2026-08-08T00:26:34.285806
140af737f52368fa37798d82a00ff4cf,santaisabel,8,zapallo,Zapallo Redondo 1 un.,0,Online RM,Metropolitana,Santiago,2026-08-08,2026-08-08T00:26:34.285820
1d188b9165b31695218f824c676deb16,santaisabel,9,zapallo,Zapallo Cubo Orgánico 500 g,0,Online RM,Metropolitana,Santiago,2026-08-08,2026-08-08T00:26:34.285841
dfc85d7db77c56ce0f82982def46a2fa,santaisabel,10,zapallo,Zapallo Camote Picado 500 g,0,Online RM,Metropolitana,Santiago,2026-08-08,2026-08-08T00:26:34.285856
3559cc89bb402eb2d583cccaedeb502c,santaisabel,11,zapallo,Proteína Nature’s Heart Snack 70 g,0,Online RM,Metropolitana,Santiago,2026-08-08,2026-08-08T00:26:34.285870
b90b8a92a2236db63c9b3f7fa5a92afd,santaisabel,12,zapallo,Zapallo Butternut 1 un.,0,Online RM,Metropolitana,Santiago,2026-08-08,2026-08-08T00:26:34.285883
bf179826f3cc2cf41814866c18c1b827,santaisabel,13,zapallo,Zapallo Spaguetti Vegus Orgánico 1 un.,0,Online RM,Metropolitana,Santiago,2026-08-08,2026-08-08T00:26:34.285902
56b7e2d1458154715ebd747f1a25ed5c,santaisabel,14,zapallo,Zapallo Vegus Orgánico Trozo 400 g,0,Online RM,Metropolitana,Santiago,2026-08-08,2026-08-08T00:26:34.285916
95d113dc9256b641a0909011e61328c7,santaisabel,15,zapallo,Zapallo Diaguita Orgánico 1 un.,0,Online RM,Metropolitana,Santiago,2026-08-08,2026-08-08T00:26:34.285930
1f63acda4a2f4bebdaa5b7aa2317053d,santaisabel,16,zapallo,Zapallo En Cubo Frutos del Maipo 350 g,0,Online RM,Metropolitana,Santiago,2026-08-08,2026-08-08T00:26:34.285943
18d73259150cb852f27bbb1d88fd0ab9,santaisabel,17,zapallo,Zapallo Orgánico 500 g,0,Online RM,Metropolitana,Santiago,2026-08-08,2026-08-08T00:26:34.285958
79f66596cc8a74492443b646b35f3e21,santaisabel,18,zapallo,Bolsa Calabaza Halloween,0,Online RM,Metropolitana,Santiago,2026-08-08,2026-08-08T00:26:34.286074
c0c8e31715f9640974d1f40ff75fe68d,santaisabel,19,zapallo,Sopaipilla Zapallo Salvia 328 g 15 un.,0,Online RM,Metropolitana,Santiago,2026-08-08,2026-08-08T00:26:34.286096
1c3c0c93d26b8dff17b57b3fd5302cc3,santaisabel,1,zanahorias,Zanahoria Bolsa 1 kg,0,Online RM,Metropolitana,Santiago,2026-08-08,2026-08-08T00:26:34.286915
05e2c70e12d369a34459aed81d1dfaba,santaisabel,2,zanahorias,Zanahoria Baby 454 g,0,Online RM,Metropolitana,Santiago,2026-08-08,2026-08-08T00:26:34.286935
dbd2d935d10809d210f78c0514516620,santaisabel,3,zanahorias,Zanahoria Dole Corte Juliana 300 g,0,Online RM,Metropolitana,Santiago,2026-08-08,2026-08-08T00:26:34.286944
5cda1a3857aba3c34ab5715b3fda456c,santaisabel,4,zanahorias,Zanahoria Baby Dole 454 g,0,Online RM,Metropolitana,Santiago,2026-08-08,2026-08-08T00:26:34.286952
f0b5c649e259ad632b77e14f50efe1c9,santaisabel,5,zanahorias,Zanahoria Orgánica 6 un.,0,Online RM,Metropolitana,Santiago,2026-08-08,2026-08-08T00:26:34.286961
bf9e6fa609a636ac56c43aecba1d494a,santaisabel,6,zanahorias,Zanahorias Jugo 1 kg,0,Online RM,Metropolitana,Santiago,2026-08-08,2026-08-08T00:26:34.286969
60037a14834725383f9c23f9e5c8fcb3,santaisabel,7,zanahorias,Ensalada Repollo y Zanahoria 300 g,0,Online RM,Metropolitana,Santiago,2026-08-08,2026-08-08T00:26:34.286978
851f744c7c7297988077984da2758639,santaisabel,8,zanahorias,Zanahoria Granel (3 A 4 un. Aprox),0,Online RM,Metropolitana,Santiago,2026-08-08,2026-08-08T00:26:34.286986
e3206a82e777e254dbeb0848971728d8,santaisabel,9,zanahorias,Ensalada Repollo y Zanahoria 300 g,0,Online RM,Metropolitana,Santiago,2026-08-08,2026-08-08T00:26:34.286994
9a7852c9340518c81dd2988c6d80c07f,santaisabel,10,zanahorias,Zanahoria Orgánica Jugo Bolsa 1 kg,0,Online RM,Metropolitana,Santiago,2026-08-08,2026-08-08T00:26:34.287005
037a9f15c66101ebf4c7a3c1db4ec997,santaisabel,11,zanahorias,Ensalada Zanahoria 300 g,0,Online RM,Metropolitana,Santiago,2026-08-08,2026-08-08T00:26:34.287013
6cb08b08a0b5960a2e6381dd00bebb78,santaisabel,12,zanahorias,Ensalada Dole Napolitana Repollo Blanco y Zanahoria 300 g,0,Online RM,Metropolitana,Santiago,2026-08-08,2026-08-08T00:26:34.287022
6c1d1e68c00f394a3a7053ab26b31e67,santaisabel,13,zanahorias,Zanahoria en Juliana 300 g,0,Online RM,Metropolitana,Santiago,2026-08-08,2026-08-08T00:26:34.287030
2b6025639453f85079270b83030b6e65,santaisabel,14,zanahorias,Tallarines de Zanahoria 400 g,0,Online RM,Metropolitana,Santiago,2026-08-08,2026-08-08T00:26:34.287038
489dee9ffc14e0a77cf7ec75e510b84a,santaisabel,15,zanahorias,Ensalada Dole Napolitana Repollo Blanco y Zanahoria Dole 600 g,0,Online RM,Metropolitana,Santiago,2026-08-08,2026-08-08T00:26:34.287046
2d1111b54c37b233b98b29bf9f004336,santaisabel,16,zanahorias,Zanahoria Bastón 200 g,0,Online RM,Metropolitana,Santiago,2026-08-08,2026-08-08T00:26:34.287055
ce7d5c353ca795fd0a3f59c5027e0b86,santaisabel,1,cebolla,Cebolla Malla 3 un.,0,Online RM,Metropolitana,Santiago,2026-08-08,2026-08-08T00:26:34.289096
7a3693e92091a4235d5dfbacbb058b84,santaisabel,2,cebolla,Cebolla Crujiente Ligeramente Salada 80 g,0,Online RM,Metropolitana,Santiago,2026-08-08,2026-08-08T00:26:34.289123
d473c963d30bc8f7ccd515615eac96ff,santaisabel,3,cebolla,Cebolla Morada Granel (1 un. Aprox),0,Online RM,Metropolitana,Santiago,2026-08-08,2026-08-08T00:26:34.289138
a325ccb8b12dde2392e4189fb839093c,santaisabel,4,cebolla,Cebolla Granel (1 A 2 un. Aprox),0,Online RM,Metropolitana,Santiago,2026-08-08,2026-08-08T00:26:34.289157
2ac851a07e6fdaf30ccb07bd680511f1,santaisabel,5,cebolla,Cebolla Malla 1 kg,0,Online RM,Metropolitana,Santiago,2026-08-08,2026-08-08T00:26:34.289171
a13b760006c32ba8b2fc022e91de4119,santaisabel,6,cebolla,Cebolla en Cubos Pote 200 g,0,Online RM,Metropolitana,Santiago,2026-08-08,2026-08-08T00:26:34.289185
7f4f9bb3dc609a905247466ddac54676,santaisabel,7,cebolla,Cebolla Morada 1 kg,0,Online RM,Metropolitana,Santiago,2026-08-08,2026-08-08T00:26:34.289199
06f7432a8ec71fcdf72639f2fb133bcd,santaisabel,8,cebolla,Cebolla Trío Malla 3 un.,0,Online RM,Metropolitana,Santiago,2026-08-08,2026-08-08T00:26:34.289213
b2d1903cf642c57ebb296a0ade8c4ffe,santaisabel,9,cebolla,Cebolla Orgánica 1 kg,0,Online RM,Metropolitana,Santiago,2026-08-08,2026-08-08T00:26:34.289226
2ea02a77cbb09d11c973d0d4c010d154,santaisabel,10,cebolla,Cebolla Blanca Malla 3 un.,0,Online RM,Metropolitana,Santiago,2026-08-08,2026-08-08T00:26:34.289240
9a544029227f6c95c7f74e4bf7840c78,santaisabel,11,cebolla,Crutones Tribu Protein Cebolla 80 g,0,Online RM,Metropolitana,Santiago,2026-08-08,2026-08-08T00:26:34.289254
6cb654e296756da9d7514fc288b1a409,santaisabel,12,cebolla,Cebolla orgánica malla 3 un.,0,Online RM,Metropolitana,Santiago,2026-08-08,2026-08-08T00:26:34.289267
464c4ad838add9e0b27936ff6bc1b5f1,santaisabel,13,cebolla,Cebolla en Polvo Gourmet Sobre 15 g,0,Online RM,Metropolitana,Santiago,2026-08-08,2026-08-08T00:26:34.289280
c284860fc71fc41d759e792e9ab68e9b,santaisabel,14,cebolla,Papas Rústicas Marco Polo Cebolla 185 g,0,Online RM,Metropolitana,Santiago,2026-08-08,2026-08-08T00:26:34.289297
749f898696a058cd573e9c880021559d,santaisabel,15,cebolla,Papas Fritas Nativas Cebolla Caramelizada 150 g,0,Online RM,Metropolitana,Santiago,2026-08-08,2026-08-08T00:26:34.289311
9a1b99edd2a34f91e5f8e5626fcfb55e,santaisabel,16,cebolla,Snack Papas Ramitas Cebolla Grillada 170 g,0,Online RM,Metropolitana,Santiago,2026-08-08,2026-08-08T00:26:34.289324
b9c7884295e7c06bef070a3fa87f07bc,santaisabel,17,cebolla,Caldo Tocino Ajo y Cebolla Gourmet Polvo 48 g 6 un.,0,Online RM,Metropolitana,Santiago,2026-08-08,2026-08-08T00:26:34.289337
8c649703f4a8c2bdb091460484e47bc0,santaisabel,18,cebolla,Papas Fritas Kryzpo Cebolla 37 g,0,Online RM,Metropolitana,Santiago,2026-08-08,2026-08-08T00:26:34.289354
534afaf5c53c2b69500b09fd6f47fd4c,santaisabel,19,cebolla,"Chips Tortika Hummus, Tomate y Cebolla 180 g",0,Online RM,Metropolitana,Santiago,2026-08-08,2026-08-08T00:26:34.289364
fc93d229304c65055218a576133d43bd,santaisabel,20,cebolla,Trozos de Cebolla Frita Kühne 100 g,0,Online RM,Metropolitana,Santiago,2026-08-08,2026-08-08T00:26:34.289372
06c26aeeae107b6899c513a792062b20,santaisabel,21,cebolla,Mermelada Perfect Choice Cebolla Morada 160 g,0,Online RM,Metropolitana,Santiago,2026-08-08,2026-08-08T00:26:34.289381
52558f48decd477335213bc263c10df3,santaisabel,22,cebolla,Cebolla Perla Traverso 200 g,0,Online RM,Metropolitana,Santiago,2026-08-08,2026-08-08T00:26:34.289389
d0e95ecec066ce65759e18e77b8effb2,santaisabel,23,cebolla,Cebolla Apanada Specia Doypack 100 g,0,Online RM,Metropolitana,Santiago,2026-08-08,2026-08-08T00:26:34.289397
8f724471f28e8e1aed364c96c01341f8,santaisabel,24,cebolla,Cebolla Mccormick en Polvo 74 g,0,Online RM,Metropolitana,Santiago,2026-08-08,2026-08-08T00:26:34.289408
72bc0cc0255cc97dadbb7a9ab34d45e7,santaisabel,25,cebolla,"Condimento McCormick Ajo, Cebolla y Pimienta 120 g",0,Online RM,Metropolitana,Santiago,2026-08-08,2026-08-08T00:26:34.289415
9b0fe601a8a3475e92fa96d83bfe4ae7,santaisabel,26,cebolla,Cebollas Mccormick Picadas 56 g,0,Online RM,Metropolitana,Santiago,2026-08-08,2026-08-08T00:26:34.289423
e394ed48c63a294a2b6cfb478dff94c2,santaisabel,27,cebolla,Cebolla Apanada Specia Tocino Doypack 100 g,0,Online RM,Metropolitana,Santiago,2026-08-08,2026-08-08T00:26:34.289433
4144af6a57635fa4da09776f8dabf346,santaisabel,28,cebolla,Papas Fritas The Fresh Market Crema y Cebolla 255 g,0,Online RM,Metropolitana,Santiago,2026-08-08,2026-08-08T00:26:34.289441
8fb901c515380a98b83cb8d68d728c06,santaisabel,29,cebolla,Cebolla Morada By María 400 g,0,Online RM,Metropolitana,Santiago,2026-08-08,2026-08-08T00:26:34.289449
3056fec80a5556b4efcf0255275e6160,santaisabel,30,cebolla,Papas Fritas BBQ Cebolla Inka Chips 150 g,0,Online RM,Metropolitana,Santiago,2026-08-08,2026-08-08T00:26:34.289463
0b083b2dbdedd5c37dc84a4b77cf547c,santaisabel,31,cebolla,"Pretzels con Cebolla, Miel y Mostaza Snyders 283 g",0,Online RM,Metropolitana,Santiago,2026-08-08,2026-08-08T00:26:34.289472
d81fe918a870c65b37ab21fa7f46c8d5,santaisabel,32,cebolla,Confitura de Cebolla Buka Bolsa 160 g,0,Online RM,Metropolitana,Santiago,2026-08-08,2026-08-08T00:26:34.289480
43c23d4efd35aaf897c576df43547f27,santaisabel,33,cebolla,Cebolla Picada Badia 155 cc,0,Online RM,Metropolitana,Santiago,2026-08-08,2026-08-08T00:26:34.289488
1090474c51174820e221a966d5171c0d,santaisabel,34,cebolla,Cebolla Caramelizada La Sazonería Con Vino 250 g,0,Online RM,Metropolitana,Santiago,2026-08-08,2026-08-08T00:26:34.289499
548f3d40fe03083a222fa8ce58de80e7,santaisabel,35,cebolla,Salsa para Untar Gourmet Premium Cebolla y Ajo 200 g,0,Online RM,Metropolitana,Santiago,2026-08-08,2026-08-08T00:26:34.289507
7bfe10410e0b57f1478a966d2268b9ef,santaisabel,36,cebolla,Papas Fritas Pringles Crema y Cebolla 109 g,0,Online RM,Metropolitana,Santiago,2026-08-08,2026-08-08T00:26:34.289515
94c33b2ff0898da39cdfeabe780734ac,santaisabel,37,cebolla,Sopa Gourmet Premium Cebolla 34 g,0,Online RM,Metropolitana,Santiago,2026-08-08,2026-08-08T00:26:34.289524
8aaa98711e9af41d2ddbee60528e5b20,santaisabel,38,cebolla,Cebolla en Polvo Badia 510 g,0,Online RM,Metropolitana,Santiago,2026-08-08,2026-08-08T00:26:34.289559
3001477f74fb88a60b33735a234f6bf6,santaisabel,39,cebolla,Cebolla Crispy La Sazoneria 165 g,0,Online RM,Metropolitana,Santiago,2026-08-08,2026-08-08T00:26:34.289568
4f77754bb45aafb54a3fc26693889316,santaisabel,40,cebolla,Papas Fritas Lay's Stax Crema y Cebolla 134 g,0,Online RM,Metropolitana,Santiago,2026-08-08,2026-08-08T00:26:34.289576
46dc0a8385fdc60657b8a35131d8f30e,santaisabel,1,choclo congelado,Choclo en Granos Frutos del Maipo 500 g,0,Online RM,Metropolitana,Santiago,2026-08-08,2026-08-08T00:26:34.290428
75b96cc13ccfed2f86ac427664cb8e8d,santaisabel,2,choclo congelado,Choclo Grano Cuisine & Co 1 kg,0,Online RM,Metropolitana,Santiago,2026-08-08,2026-08-08T00:26:34.290439
1c983598d268322a426e291991a4568a,santaisabel,3,choclo congelado,Choclo Tierno La Crianza 400 g,0,Online RM,Metropolitana,Santiago,2026-08-08,2026-08-08T00:26:34.290448
dd08aeccb50131d3c82b8bead5289180,santaisabel,4,choclo congelado,Choclo Trozo Minuto Verde 680 g,0,Online RM,Metropolitana,Santiago,2026-08-08,2026-08-08T00:26:34.290462
a7dab9648ca593f1b41aa022aa7e783d,santaisabel,5,choclo congelado,Choclo en Trozos Frutos del Maipo 350 g,0,Online RM,Metropolitana,Santiago,2026-08-08,2026-08-08T00:26:34.290471
311fdd29955b0035dee823bf706bfea1,santaisabel,6,choclo congelado,Choclo Peruano Minuto Verde 400 g,0,Online RM,Metropolitana,Santiago,2026-08-08,2026-08-08T00:26:34.290480
8a524fe32bca1d45a19f8813b13aa25d,santaisabel,7,choclo congelado,Choclo Tierno Minuto Verde 400 g,0,Online RM,Metropolitana,Santiago,2026-08-08,2026-08-08T00:26:34.290493
e696e63a1989cdc02915aee063ce37e3,santaisabel,8,choclo congelado,Choclo Congelado Minuto Verde 100% Natural 500 g,0,Online RM,Metropolitana,Santiago,2026-08-08,2026-08-08T00:26:34.290502
c20a5421ca14b1b884d6a22449fcac60,santaisabel,9,choclo congelado,Choclo Congelado en Grano 500 g,0,Online RM,Metropolitana,Santiago,2026-08-08,2026-08-08T00:26:34.290510
2ef943e4b444a5cb49655a3a59c3ccd6,santaisabel,10,choclo congelado,Choclo Ribs Minuto Verde 370 g,0,Online RM,Metropolitana,Santiago,2026-08-08,2026-08-08T00:26:34.290518
25cceb678631a35e7c3f2b80bfbfe34b,santaisabel,11,choclo congelado,Choclo Sabor Peruano 500 g,0,Online RM,Metropolitana,Santiago,2026-08-08,2026-08-08T00:26:34.290527
3b6ddc61dab2f11f0b9f63d9fd692f74,santaisabel,12,choclo congelado,Arvejas Cuisine & Co 500 g,0,Online RM,Metropolitana,Santiago,2026-08-08,2026-08-08T00:26:34.290551
1609b5a8edadb89c5286b26d7f3bb1a7,santaisabel,13,choclo congelado,Pasta de Choclo Frutos del Maipo 1 kg,0,Online RM,Metropolitana,Santiago,2026-08-08,2026-08-08T00:26:34.290559
11761b945f682bee1dca492b4e7a5c58,santaisabel,14,choclo congelado,Pasta de Choclo Pimentón Minuto Verde 1 kg,0,Online RM,Metropolitana,Santiago,2026-08-08,2026-08-08T00:26:34.290570
1887613c6dae23abd147b831d8228e88,santaisabel,15,choclo congelado,Pasta de Choclo Espinaca Minuto Verde 1 kg,0,Online RM,Metropolitana,Santiago,2026-08-08,2026-08-08T00:26:34.290578
1051c42dec5994b8a0f17ca7ec5e7838,santaisabel,16,choclo congelado,Mix del Huerto Frutos del Maipo 500 g,0,Online RM,Metropolitana,Santiago,2026-08-08,2026-08-08T00:26:34.290586
b95ea7a160817aff634a0b357771bc9e,santaisabel,17,choclo congelado,Ensalada Rusa Congelada Cuisine & Co 500 g,0,Online RM,Metropolitana,Santiago,2026-08-08,2026-08-08T00:26:34.290594
1c1bd096df78aabe43a54850f7caea5c,santaisabel,18,choclo congelado,Pasta de Choclo Minuto Verde 1 kg,0,Online RM,Metropolitana,Santiago,2026-08-08,2026-08-08T00:26:34.290602
3db6d1f406928f3f369f0990c7f61d8a,santaisabel,19,choclo congelado,Choclo Entero Minuto Verde 1 kg,0,Online RM,Metropolitana,Santiago,2026-08-08,2026-08-08T00:26:34.290610
61391f9b00b8f88971f252a5e8fa6445,santaisabel,20,choclo congelado,Choclo Grano Sabor Peruano Congelado 400 g,0,Online RM,Metropolitana,Santiago,2026-08-08,2026-08-08T00:26:34.290618
5c0b07b0a4a59088c36aff531368ea17,santaisabel,1,papas 1kg,Papa Baby 1 kg,0,Online RM,Metropolitana,Santiago,2026-08-08,2026-08-08T00:26:34.291351
b1cbe6923800ecccf8fea29d0a5435aa,santaisabel,2,papas 1kg,Papas Fritas Extra Fina Congeladas 1 kg,0,Online RM,Metropolitana,Santiago,2026-08-08,2026-08-08T00:26:34.291363
da52a502ee0583e08c28b23ccb86ff45,santaisabel,3,papas 1kg,Papas Prefritas Frutos del Maipo 1 kg,0,Online RM,Metropolitana,Santiago,2026-08-08,2026-08-08T00:26:34.291372
2a2159dd2dd664ce38103a07cb25abb9,santaisabel,4,papas 1kg,Papas Duquesas 1 kg,0,Online RM,Metropolitana,Santiago,2026-08-08,2026-08-08T00:26:34.291388
bd027de4877a62ed879ab1bb4131db6c,santaisabel,5,papas 1kg,Papas Duquesas Frutos del Maipo 1 kg,0,Online RM,Metropolitana,Santiago,2026-08-08,2026-08-08T00:26:34.291397
777e444c88174ae7be5ba40b25f86541,santaisabel,6,papas 1kg,Papas Pre Fritas Minuto Verde 1 kg,0,Online RM,Metropolitana,Santiago,2026-08-08,2026-08-08T00:26:34.291405
0bb437763c065be86177daff696ea8b9,santaisabel,7,papas 1kg,Papas Crinkle Congeladas 1 kg,0,Online RM,Metropolitana,Santiago,2026-08-08,2026-08-08T00:26:34.291413
ec70c345be6f47507fd11e99a51d8417,santaisabel,8,papas 1kg,Papas Pre Fritas 1 kg,0,Online RM,Metropolitana,Santiago,2026-08-08,2026-08-08T00:26:34.291421
d55c87d4526c71aebe142cf68e26a3da,santaisabel,9,papas 1kg,Papa Nativa Orgánica 1 kg,0,Online RM,Metropolitana,Santiago,2026-08-08,2026-08-08T00:26:34.291432
04beee4a1f067d3ab4493edd0c33a03e,santaisabel,10,papas 1kg,Papas Duquesas Minuto Verde 1 kg,0,Online RM,Metropolitana,Santiago,2026-08-08,2026-08-08T00:26:34.291440
012568d95247f5c2fb9db7eb69ad2a24,santaisabel,11,papas 1kg,Puré de Papas Hoffmann 1 kg,0,Online RM,Metropolitana,Santiago,2026-08-08,2026-08-08T00:26:34.291448
a1b174e28958be9925eb474a5d839cae,santaisabel,12,papas 1kg,Puré de Papas Instantáneo Alcafood Tradicional 1 kg,0,Online RM,Metropolitana,Santiago,2026-08-08,2026-08-08T00:26:34.291456
48af7fcc40d2270e490cb854caaa8ee4,santaisabel,1,porotos secos,Maní Doritos Queso Maniax 150 g,0,Online RM,Metropolitana,Santiago,2026-08-08,2026-08-08T00:26:34.291863
9ed5cd692afdb56f14de2c71d2fc8ac7,santaisabel,1,lentejas 1kg,Lentejas 6 Mm Iansa Agro 1 kg,0,Online RM,Metropolitana,Santiago,2026-08-08,2026-08-08T00:26:34.293428
d389ebcda219d8997c9f4c7786814fcd,santaisabel,2,lentejas 1kg,Lentejas Banquete 6 Mm 1 kg,0,Online RM,Metropolitana,Santiago,2026-08-08,2026-08-08T00:26:34.293457
66e2b0a570fa5443cbf0ca3d6f85bd90,santaisabel,3,lentejas 1kg,Lentejas 6 Mm Cuisine & Co 1 kg,0,Online RM,Metropolitana,Santiago,2026-08-08,2026-08-08T00:26:34.293473
8b6d8e7bd5492fcd2c5d7644e355351c,santaisabel,4,lentejas 1kg,Lentejas Banquete 5 Mm 1 kg,0,Online RM,Metropolitana,Santiago,2026-08-08,2026-08-08T00:26:34.293488
3264d49abdbf598504864fd298e97439,santaisabel,5,lentejas 1kg,Lentejas 4 Mm Cuisine & Co 1 kg,0,Online RM,Metropolitana,Santiago,2026-08-08,2026-08-08T00:26:34.293503
4a0975122a2713045fff507375f060da,santaisabel,6,lentejas 1kg,Lentejas 5 Mm Cuisine & Co 1 kg,0,Online RM,Metropolitana,Santiago,2026-08-08,2026-08-08T00:26:34.293519
030142cb27c9c65ad7427ec111b535e5,santaisabel,7,lentejas 1kg,Lentejas 4 Mm Iansa Agro 1 kg,0,Online RM,Metropolitana,Santiago,2026-08-08,2026-08-08T00:26:34.293554
bd90260d1ac4e4c46ba1e208444ae79f,santaisabel,8,lentejas 1kg,Lentejas 5 Mm Iansa Agro 1 kg,0,Online RM,Metropolitana,Santiago,2026-08-08,2026-08-08T00:26:34.293570
0d59e201817a2f081c3523e538027469,santaisabel,9,lentejas 1kg,Lentejas Banquete 4 Mm 1 kg,0,Online RM,Metropolitana,Santiago,2026-08-08,2026-08-08T00:26:34.293585
29981f64bb6e09e73a8efded6a50481e,santaisabel,10,lentejas 1kg,Porotos Tórtola Banquete 1 kg,0,Online RM,Metropolitana,Santiago,2026-08-08,2026-08-08T00:26:34.293600
ad4ed2516781756b4e2a9af3c1eb19f1,santaisabel,11,lentejas 1kg,Porotos Tórtola Cuisine & Co 1 kg,0,Online RM,Metropolitana,Santiago,2026-08-08,2026-08-08T00:26:34.293623
04c7426a4b293ff911b55468ce7e7f74,santaisabel,12,lentejas 1kg,Porotos Negros Banquete 1 kg,0,Online RM,Metropolitana,Santiago,2026-08-08,2026-08-08T00:26:34.293638
9283f49b0c2dc2a3f5bbfa9169dd2e2d,santaisabel,13,lentejas 1kg,Porotos Negros Cuisine & Co 1 kg,0,Online RM,Metropolitana,Santiago,2026-08-08,2026-08-08T00:26:34.293657
20fcb9f63fffe9a982842b795b42a64a,santaisabel,14,lentejas 1kg,Porotos Español Cuisine & Co 1 kg,0,Online RM,Metropolitana,Santiago,2026-08-08,2026-08-08T00:26:34.293672
0c594150c843eb8c3b5047d7e1648a96,santaisabel,15,lentejas 1kg,Porotos Blancos Banquete 1 kg,0,Online RM,Metropolitana,Santiago,2026-08-08,2026-08-08T00:26:34.293686
ca9c960a11621b74a5cee80269bb4f9f,santaisabel,16,lentejas 1kg,Porotos Rojos Cuisine & Co 1 kg,0,Online RM,Metropolitana,Santiago,2026-08-08,2026-08-08T00:26:34.293702
946bf7867860ffb470902cc31a8f35fd,santaisabel,17,lentejas 1kg,Porotos Hallados Cuisine & Co 1 kg,0,Online RM,Metropolitana,Santiago,2026-08-08,2026-08-08T00:26:34.293717
7048661db353566785d8a7625595aa5f,santaisabel,18,lentejas 1kg,Porotos Hallados Banquete 1 kg,0,Online RM,Metropolitana,Santiago,2026-08-08,2026-08-08T00:26:34.293733
3cfdbd200da2aefe3455ef49e00e3ee8,santaisabel,19,lentejas 1kg,Porotos Blancos Iansa Agro 1 kg,0,Online RM,Metropolitana,Santiago,2026-08-08,2026-08-08T00:26:34.293748
79d3fe7a886a5e2b9f200ad4ce2ac982,santaisabel,20,lentejas 1kg,Porotos Hallados 1 kg,0,Online RM,Metropolitana,Santiago,2026-08-08,2026-08-08T00:26:34.293763
050c93554419a8835411d53f1f47a38e,santaisabel,1,mani salado,Maní Salado Cuisine & Co 180 g,0,Online RM,Metropolitana,Santiago,2026-08-08,2026-08-08T00:26:34.294880
154248fc2953c236358fa0aed52d07f9,santaisabel,2,mani salado,Pistachos Salados Millantú 150 g,0,Online RM,Metropolitana,Santiago,2026-08-08,2026-08-08T00:26:34.294898
55f63d9c309577eb5e367563587d4ff3,santaisabel,3,mani salado,Surtido Salado Millantú 120 g,0,Online RM,Metropolitana,Santiago,2026-08-08,2026-08-08T00:26:34.294913
45ea7894c6553551c7855bfdd8586de0,santaisabel,4,mani salado,Maní Salado XL 430 g,0,Online RM,Metropolitana,Santiago,2026-08-08,2026-08-08T00:26:34.294934
c0eec94d3719d5a1c689e3ae95da87f8,santaisabel,5,mani salado,Maní Salado Con Piel 500 g,0,Online RM,Metropolitana,Santiago,2026-08-08,2026-08-08T00:26:34.294948
811e377852313cf7c855259ae9927a7b,santaisabel,6,mani salado,Pistachos Salados Millantú 80 g,0,Online RM,Metropolitana,Santiago,2026-08-08,2026-08-08T00:26:34.294961
4fb3b4bbc7c57eb4b639f175c01af3e9,santaisabel,7,mani salado,Maní Kirkland Signature Extra Grande Salado 1.13 kg,0,Online RM,Metropolitana,Santiago,2026-08-08,2026-08-08T00:26:34.294975
9484267709bfc812a0af80abd23d5e15,santaisabel,8,mani salado,Maní Evercrisp Salado 140 g,0,Online RM,Metropolitana,Santiago,2026-08-08,2026-08-08T00:26:34.294988
3918233778d8013adf90ee4b19300f7a,santaisabel,9,mani salado,Maní Salado Marco Polo 150 g,0,Online RM,Metropolitana,Santiago,2026-08-08,2026-08-08T00:26:34.295002
6bbbce73aa934b85fb09f1b6507625e3,santaisabel,10,mani salado,Maní Salado con Miel Granuts 130 g,0,Online RM,Metropolitana,Santiago,2026-08-08,2026-08-08T00:26:34.295016
787c0dfd6ed7533ce7c29af629d8f965,santaisabel,11,mani salado,Maní Salado Marco Polo 380 g,0,Online RM,Metropolitana,Santiago,2026-08-08,2026-08-08T00:26:34.295028
138b1ac4d31a49f591a9db97199d64f5,santaisabel,12,mani salado,Maní Salado Sin Piel 500 g,0,Online RM,Metropolitana,Santiago,2026-08-08,2026-08-08T00:26:34.295036
7b192fe8abc3a1f4f74b59cd0c119b8c,santaisabel,13,mani salado,Evercrisp Maní Salado 380 g,0,Online RM,Metropolitana,Santiago,2026-08-08,2026-08-08T00:26:34.295044
84f67ca66a23fa0c5f780efd6ba4bf01,santaisabel,14,mani salado,Maní Salado 150 g,0,Online RM,Metropolitana,Santiago,2026-08-08,2026-08-08T00:26:34.295052
545f6f6c888749801f1a8004f96a579f,santaisabel,1,azucar 1kg,Hamburguesa Vacuno La Crianza Light 1 kg 10 un.,0,Online RM,Metropolitana,Santiago,2026-08-08,2026-08-08T00:26:34.295712
c5c3cc81c2b806c9dd92bc900f31040a,santaisabel,2,azucar 1kg,Azúcar Light Cuisine & Co con Sucralosa 1 kg,0,Online RM,Metropolitana,Santiago,2026-08-08,2026-08-08T00:26:34.295723
b7230dc50a040253c2226171c1cec9bd,santaisabel,3,azucar 1kg,Azúcar Stevia Cuisine & Co Light 1 kg,0,Online RM,Metropolitana,Santiago,2026-08-08,2026-08-08T00:26:34.295732
00550e2f16bb546a452ad8ca65dce423,santaisabel,4,azucar 1kg,Azúcar Blanca Iansa 1 kg,0,Online RM,Metropolitana,Santiago,2026-08-08,2026-08-08T00:26:34.295745
71ecb909c0fced46b3ae6980aeb4e735,santaisabel,5,azucar 1kg,Azúcar Rubia Iansa 1 kg,0,Online RM,Metropolitana,Santiago,2026-08-08,2026-08-08T00:26:34.295753
7553f4c592797cd8635c668eefb017b2,santaisabel,6,azucar 1kg,Azúcar Rubia Cuisine & Co 1 kg,0,Online RM,Metropolitana,Santiago,2026-08-08,2026-08-08T00:26:34.295762
8bc07f704e4e08258eaedbf5a52ce0d5,santaisabel,7,azucar 1kg,Azúcar Cuisine & Co Blanca Granulada 1 kg,0,Online RM,Metropolitana,Santiago,2026-08-08,2026-08-08T00:26:34.295772
fae3aa4f609c480af5f8f3a1a55b66d3,santaisabel,8,azucar 1kg,Azúcar Flor Iansa 1 kg,0,Online RM,Metropolitana,Santiago,2026-08-08,2026-08-08T00:26:34.295780
e82c463108dacc0f20a9634f65b6d534,santaisabel,9,azucar 1kg,Azúcar Rubia Manare Orgánica 1 kg,0,Online RM,Metropolitana,Santiago,2026-08-08,2026-08-08T00:26:34.295789
957b033788236fac596af2185525303e,santaisabel,10,azucar 1kg,Azúcar Orgánica La Fuente Natural Dorado Native 1 kg,0,Online RM,Metropolitana,Santiago,2026-08-08,2026-08-08T00:26:34.295798
d1ca23e73dc8aa194afd47ac6f89c0c7,santaisabel,11,azucar 1kg,Azúcar Blanca Formato Papel 1 kg,0,Online RM,Metropolitana,Santiago,2026-08-08,2026-08-08T00:26:34.295806
0c83465da2fea01e1c3183dbfcb7320f,santaisabel,1,salsa de tomate,Puré de Tomate Mutti Passata Al Basilico 700 g,0,Online RM,Metropolitana,Santiago,2026-08-08,2026-08-08T00:26:34.297220
5ccfa72ed08094343d81fad33db3d5e1,santaisabel,2,salsa de tomate,Salsa de Tomate Basilico Barilla con Albahaca 400 g,0,Online RM,Metropolitana,Santiago,2026-08-08,2026-08-08T00:26:34.297241
e285ec39323c72f4f799acf9653c0291,santaisabel,3,salsa de tomate,Tomates Triturados Mutti 690 g,0,Online RM,Metropolitana,Santiago,2026-08-08,2026-08-08T00:26:34.297255
c7c2318ef96586aa3e0a2b5299794c12,santaisabel,4,salsa de tomate,Pure Tomate Passata La Molisana 690 g,0,Online RM,Metropolitana,Santiago,2026-08-08,2026-08-08T00:26:34.297269
336536c397e8199c67fbebd59a1e4a01,santaisabel,5,salsa de tomate,Passata Tostani Di Pomodoro 680 g,0,Online RM,Metropolitana,Santiago,2026-08-08,2026-08-08T00:26:34.297283
df85e2c48490ddf63d87f0eae9a1e0fa,santaisabel,6,salsa de tomate,Tomates Pelados Centauro 490 g drenado,0,Online RM,Metropolitana,Santiago,2026-08-08,2026-08-08T00:26:34.297307
a4ccaed50c4d445a6ada22ac210eb4dc,santaisabel,7,salsa de tomate,Salsa de Tomate Italiana Barilla Napoletana 400 g,0,Online RM,Metropolitana,Santiago,2026-08-08,2026-08-08T00:26:34.297321
bd56950376aa03ac78860adcff8cff48,santaisabel,8,salsa de tomate,Puré de Tomate Mutti Passata 700 g,0,Online RM,Metropolitana,Santiago,2026-08-08,2026-08-08T00:26:34.297339
262e5c734170c2c7ae752a5c53fd29f4,santaisabel,9,salsa de tomate,Passata Verace Cirio 700 g,0,Online RM,Metropolitana,Santiago,2026-08-08,2026-08-08T00:26:34.297353
052744bad1f25abdf4ad126d0ef1326e,santaisabel,10,salsa de tomate,Salsa Passata Tetra Pak 200 g,0,Online RM,Metropolitana,Santiago,2026-08-08,2026-08-08T00:26:34.297368
63a45c60230f42ece6749933ead1b78e,santaisabel,11,salsa de tomate,Tomate Triturado Tostani 690 g,0,Online RM,Metropolitana,Santiago,2026-08-08,2026-08-08T00:26:34.297382
fb79164efc8d3b214597b9255e2657bd,santaisabel,12,salsa de tomate,Tomates Mutti Pelados Mediterraneo 260 g drenado,0,Online RM,Metropolitana,Santiago,2026-08-08,2026-08-08T00:26:34.297400
134b6c37ac2a0a2fb7fbe282e4a0d9f4,santaisabel,13,salsa de tomate,Concentrado de Tomate Mutti 210 g,0,Online RM,Metropolitana,Santiago,2026-08-08,2026-08-08T00:26:34.297415
1f0fc684ea2df430c080563c75ccf6ec,santaisabel,14,salsa de tomate,Tomates pelados en cubitos 800 g,0,Online RM,Metropolitana,Santiago,2026-08-08,2026-08-08T00:26:34.297428
27ee3b64b19947064c517b4982fc8da5,santaisabel,15,salsa de tomate,Salsa Passata Talliani 700 g,0,Online RM,Metropolitana,Santiago,2026-08-08,2026-08-08T00:26:34.297452
11abbea9e7b90191ddc4d65234846283,santaisabel,16,salsa de tomate,Tomate Picado The Fresh Market Pequeño 794 g,0,Online RM,Metropolitana,Santiago,2026-08-08,2026-08-08T00:26:34.297581
76d72a83351a5e789de6f11fd5a428fb,santaisabel,17,salsa de tomate,Tomate Entero The Fresh Market 794 g,0,Online RM,Metropolitana,Santiago,2026-08-08,2026-08-08T00:26:34.297602
21f4920b74ee26745ef865b1473c75f2,santaisabel,18,salsa de tomate,Salsa de Tomate Mutti con Parmiggiano 00 g,0,Online RM,Metropolitana,Santiago,2026-08-08,2026-08-08T00:26:34.297619
0395d2ddae51ba273bdbd5f2f2f7570a,santaisabel,19,salsa de tomate,Salsa de Tomates Cirio Rústica 680 g,0,Online RM,Metropolitana,Santiago,2026-08-08,2026-08-08T00:26:34.297634
32547f2cdd0f3ab2fe404da369c00ab3,santaisabel,20,salsa de tomate,Puré de Tomate Mutti Passata 2.5 kg,0,Online RM,Metropolitana,Santiago,2026-08-08,2026-08-08T00:26:34.297649
197edc7d86af532cd37f6c2606e6bc55,santaisabel,21,salsa de tomate,Puré de Tomate Mutti 400 g,0,Online RM,Metropolitana,Santiago,2026-08-08,2026-08-08T00:26:34.297665
31466e896ef3ae078e972043b6c2b5aa,santaisabel,22,salsa de tomate,Pack Salsas de Tomate Italianas 200 ml 6 un.,0,Online RM,Metropolitana,Santiago,2026-08-08,2026-08-08T00:26:34.297681
dabb759e00ed3c223b4aed2a2d8a6b4d,santaisabel,23,salsa de tomate,Tomates Cherry Asados Akapacha 400 g,0,Online RM,Metropolitana,Santiago,2026-08-08,2026-08-08T00:26:34.297697
2084f623dfd1f9ceb2c99ddaffcfb08b,santaisabel,24,salsa de tomate,Puré de Tomate The Fresh Market 794 g,0,Online RM,Metropolitana,Santiago,2026-08-08,2026-08-08T00:26:34.297712
6b8951b32ded3ea0d937c2c140810916,santaisabel,25,salsa de tomate,Puré Tomate Passata Pomodoro 400 g 4 un.,0,Online RM,Metropolitana,Santiago,2026-08-08,2026-08-08T00:26:34.297727
b8cbc6a2e5b0d9b9b7fec7cf32eb880e,santaisabel,26,salsa de tomate,Salsa de Tomate Italiana 200 g,0,Online RM,Metropolitana,Santiago,2026-08-08,2026-08-08T00:26:34.297746
406a31d9e7c3118041354cac2c503e22,santaisabel,27,salsa de tomate,Salsa de Tomate Natural 200 g,0,Online RM,Metropolitana,Santiago,2026-08-08,2026-08-08T00:26:34.297762
d629766e693322a9df1bdc5a0479bee2,santaisabel,28,salsa de tomate,Salsa de Tomate Pomarola Italiana 200 g,0,Online RM,Metropolitana,Santiago,2026-08-08,2026-08-08T00:26:34.297777
aa81e61fc0fadfd442e3e8e595fad5a7,santaisabel,29,salsa de tomate,Salsa de Tomates Mamma Mia Boloñesa Doypack 200 g,0,Online RM,Metropolitana,Santiago,2026-08-08,2026-08-08T00:26:34.297792
5911834752133fa0fac53e23abd573d9,santaisabel,30,salsa de tomate,Salsa de Tomate Malloa Italiana 200 g,0,Online RM,Metropolitana,Santiago,2026-08-08,2026-08-08T00:26:34.297807
4ec2b965e78cc96df3c847976873cc31,santaisabel,31,salsa de tomate,Salsa de Tomate Maggi Tuco con Carne 245 g,0,Online RM,Metropolitana,Santiago,2026-08-08,2026-08-08T00:26:34.297822
e37731c122165c4a40fbf756e95a2ae3,santaisabel,32,salsa de tomate,Salsa de Tomate Maggi Tuco con Carne 980 g,0,Online RM,Metropolitana,Santiago,2026-08-08,2026-08-08T00:26:34.297838
f485ef8f90f0ea9fc3a2bcd6c0b4aa67,santaisabel,33,salsa de tomate,Salsa de Tomates Lucchetti Natural Doypack 200 g,0,Online RM,Metropolitana,Santiago,2026-08-08,2026-08-08T00:26:34.297856
695a458c179ea8cb403a3568862a3b73,santaisabel,34,salsa de tomate,Salsa de Tomates Lucchetti Italiana Doypack 200 g,0,Online RM,Metropolitana,Santiago,2026-08-08,2026-08-08T00:26:34.297872
0517a8c1613a93f68627a0c9aa4acefa,santaisabel,35,salsa de tomate,Salsa de Tomate Carozzi Toscana Arrabbiata 200 g,0,Online RM,Metropolitana,Santiago,2026-08-08,2026-08-08T00:26:34.297888
653b276708b8ae0dc1f4b4989d2cbe5e,santaisabel,36,salsa de tomate,Salsa de Tomate Carozzi Toscana Al Pesto 200 g,0,Online RM,Metropolitana,Santiago,2026-08-08,2026-08-08T00:26:34.297906
cb66343218b3a6a4d8ac321508108674,santaisabel,37,salsa de tomate,Salsa de Tomate Carozzi Toscana Bolognesa 200 g,0,Online RM,Metropolitana,Santiago,2026-08-08,2026-08-08T00:26:34.297921
fc8f3e148c7f957283cf753bee0d1977,santaisabel,38,salsa de tomate,Salsa de Tomate Pomarola Natural 200 g,0,Online RM,Metropolitana,Santiago,2026-08-08,2026-08-08T00:26:34.297936
3f70781ef88190f2b612e66bfea1a42a,santaisabel,39,salsa de tomate,Salsa de Tomate Pomarola 200 g 6 un.,0,Online RM,Metropolitana,Santiago,2026-08-08,2026-08-08T00:26:34.297952
b2a89642dd7b61efa6b1a85c6d2e8896,santaisabel,40,salsa de tomate,Salsa de Tomate Pomarola Pizza 200 g,0,Online RM,Metropolitana,Santiago,2026-08-08,2026-08-08T00:26:34.297968
69c905ed14a411a7cc16324b883ae084,santaisabel,1,sal de mesa,Sal de Mar Fina 1 kg,0,Online RM,Metropolitana,Santiago,2026-08-08,2026-08-08T00:26:34.299594
13e8f23e78225832c7e049f89e61cb65,santaisabel,2,sal de mesa,Sal Lobos Fina 1 kg,0,Online RM,Metropolitana,Santiago,2026-08-08,2026-08-08T00:26:34.299607
23447103e9d79e62a4b713a5e9e01a3d,santaisabel,3,sal de mesa,Sal Lobos de Selección Yodada 125 g,0,Online RM,Metropolitana,Santiago,2026-08-08,2026-08-08T00:26:34.299617
ee6bbca275eada1576bbfe39191879be,santaisabel,4,sal de mesa,Sal de Mar Lobos Entrefina 800 g,0,Online RM,Metropolitana,Santiago,2026-08-08,2026-08-08T00:26:34.299626
6f09fb16fb26851b6a9ae0a8f7f10500,santaisabel,5,sal de mesa,Sal de Mar Lobos Fina 900 g,0,Online RM,Metropolitana,Santiago,2026-08-08,2026-08-08T00:26:34.299634
1d8338c727ebd4aeb09d6057298b17fb,santaisabel,6,sal de mesa,Sal Fina Cuisine & Co 1 kg,0,Online RM,Metropolitana,Santiago,2026-08-08,2026-08-08T00:26:34.299648
ffa90fdee69acaadf1a0e31447cb5cab,santaisabel,7,sal de mesa,Sal Rosada Los Boldos Fina Doypack 1 kg,0,Online RM,Metropolitana,Santiago,2026-08-08,2026-08-08T00:26:34.299657
b491c9c546476d449806c80e8c69fdd0,santaisabel,8,sal de mesa,Sal Lobos Fina de Mesa Pote 850 g,0,Online RM,Metropolitana,Santiago,2026-08-08,2026-08-08T00:26:34.299667
af6dafe3fc2832cb72cf72886e00b148,santaisabel,9,sal de mesa,Sal Parrillera Lobos Yodada Frasco 750 g,0,Online RM,Metropolitana,Santiago,2026-08-08,2026-08-08T00:26:34.299675
abcf1f8cb8eba68e8b8a8bf8fcf243ee,santaisabel,10,sal de mesa,Sal de Mar Lobos Extra Gruesa 800 g,0,Online RM,Metropolitana,Santiago,2026-08-08,2026-08-08T00:26:34.299684
677e8b8d1fe640f0a53fc27f669a6e42,santaisabel,11,sal de mesa,Salero Biosal Light 125 g,0,Online RM,Metropolitana,Santiago,2026-08-08,2026-08-08T00:26:34.299692
de314e6b2ab97e51ea0aca9b4a9f5aa9,santaisabel,12,sal de mesa,Sal Rosada Manare Fina 1 kg,0,Online RM,Metropolitana,Santiago,2026-08-08,2026-08-08T00:26:34.299700
66f3118b22735f19f43fa94694d7000c,santaisabel,13,sal de mesa,Sal Lobos de Selección Yodada Frasco 500 g,0,Online RM,Metropolitana,Santiago,2026-08-08,2026-08-08T00:26:34.299708
94e38eecd35559f0dc336af613f4fc93,santaisabel,14,sal de mesa,Sal Parrillera 750 g,0,Online RM,Metropolitana,Santiago,2026-08-08,2026-08-08T00:26:34.299716
0afa4a45dcb8cba67e501447358ac3d2,santaisabel,15,sal de mesa,Sal de Mar Gourmet Molinillo Premium 100 g,0,Online RM,Metropolitana,Santiago,2026-08-08,2026-08-08T00:26:34.299724
76af06a5c1b4073939f30b4d8702086d,santaisabel,16,sal de mesa,Sal Rosada Los Boldos Gruesa Doypack 1 kg,0,Online RM,Metropolitana,Santiago,2026-08-08,2026-08-08T00:26:34.299737
71b67f1e54050f1aeb1e4933a1646014,santaisabel,17,sal de mesa,Sal Ajo Pimienta Specia 300 g,0,Online RM,Metropolitana,Santiago,2026-08-08,2026-08-08T00:26:34.299746
15beda2bc23064602c582c71ec3d8753,santaisabel,18,sal de mesa,Sal Rosada Lobos Fina Selección 800 g,0,Online RM,Metropolitana,Santiago,2026-08-08,2026-08-08T00:26:34.299753
76a01dba7888bd1b0811fcada5b7ebc9,santaisabel,19,sal de mesa,Sal Gruesa de Mar La Fuente Natural 1 kg,0,Online RM,Metropolitana,Santiago,2026-08-08,2026-08-08T00:26:34.299761
dd1fd64b1edfd5b722d58c50e71b53a7,santaisabel,20,sal de mesa,Sal Rosada del Himalaya KA Fina 130 g,0,Online RM,Metropolitana,Santiago,2026-08-08,2026-08-08T00:26:34.299769
b372ddf417aebde99d01a37af242a813,santaisabel,21,sal de mesa,Sal de Mar Lobos Parrillera 380 g,0,Online RM,Metropolitana,Santiago,2026-08-08,2026-08-08T00:26:34.299777
3835a97a6b6f1ca14a5facb70b9da88a,santaisabel,22,sal de mesa,Sal de Mar Fina 800 g,0,Online RM,Metropolitana,Santiago,2026-08-08,2026-08-08T00:26:34.299785
e301e1995f3b6f7edae176b46ff6e2b8,santaisabel,23,sal de mesa,Sal de Mar Gourmet Ajo y Perejil 75 g,0,Online RM,Metropolitana,Santiago,2026-08-08,2026-08-08T00:26:34.299793
0cfe45d01a793e3da1ddacac218be3ba,santaisabel,24,sal de mesa,Sal Rosada Los Boldos Fina Doypack 500 g,0,Online RM,Metropolitana,Santiago,2026-08-08,2026-08-08T00:26:34.299801
16dcf4726da3cbf3e6da826164c8d125,santaisabel,25,sal de mesa,Sal Rosada del Himalaya KA Fina 300 g,0,Online RM,Metropolitana,Santiago,2026-08-08,2026-08-08T00:26:34.299812
2e3740ca5b1801234d906f0079942a65,santaisabel,26,sal de mesa,Sal Lobos Molinillo 88 g,0,Online RM,Metropolitana,Santiago,2026-08-08,2026-08-08T00:26:34.299822
021147e9db48e55c6015baac4b444f35,santaisabel,27,sal de mesa,Sal Rosada Manare Gruesa 500 g,0,Online RM,Metropolitana,Santiago,2026-08-08,2026-08-08T00:26:34.299830
857bdb217116e1ccbd94413f2a4ed93f,santaisabel,28,sal de mesa,Sal Lobos Fina Yodada Doypack 1 kg,0,Online RM,Metropolitana,Santiago,2026-08-08,2026-08-08T00:26:34.299838
7bd5fc32388eeaa161b3ad91d8265e91,santaisabel,29,sal de mesa,Sal Rosada Los Boldos Gruesa Doypack 500 g,0,Online RM,Metropolitana,Santiago,2026-08-08,2026-08-08T00:26:34.299845
2f8bc87e0b9ce15e5dc69a02c883a6c0,santaisabel,30,sal de mesa,Sal Rosada Gourmet del Himalaya Molinillo 105 g,0,Online RM,Metropolitana,Santiago,2026-08-08,2026-08-08T00:26:34.299853
fe93b9f4e313c09c82cc92ac50cfb81d,santaisabel,31,sal de mesa,Sal Rosada de Los Andes Aukas Molinillo 180 g,0,Online RM,Metropolitana,Santiago,2026-08-08,2026-08-08T00:26:34.299862
5e24e266ecf55ad9f1c762d341abdc2a,santaisabel,32,sal de mesa,Sal Marina Carmencita Mediterránea 115 g,0,Online RM,Metropolitana,Santiago,2026-08-08,2026-08-08T00:26:34.299870
8edc740af60f72f869810297657d7604,santaisabel,33,sal de mesa,Pack Pimienta Negra/Sal Carmencita 550 g,0,Online RM,Metropolitana,Santiago,2026-08-08,2026-08-08T00:26:34.299881
a66b145204ab55713647b404b1f52293,santaisabel,34,sal de mesa,Sal Fina Cuisine & Co 1 kg,0,Online RM,Metropolitana,Santiago,2026-08-08,2026-08-08T00:26:34.299889
91148b77570f76df3af098045a6feb28,santaisabel,35,sal de mesa,Sal Rosada Manare Fina 500 g,0,Online RM,Metropolitana,Santiago,2026-08-08,2026-08-08T00:26:34.299896
9baf2926e328e88cafb78ad1c6526882,santaisabel,36,sal de mesa,Sal Rosada Los Boldos Molinillo 200 g,0,Online RM,Metropolitana,Santiago,2026-08-08,2026-08-08T00:26:34.299907
74e7d77576b68dfb0b595c7373b9b816,santaisabel,37,sal de mesa,Sal Marina Carmencita Con Hierbas 328 g,0,Online RM,Metropolitana,Santiago,2026-08-08,2026-08-08T00:26:34.299915
ac8e1f073cc3c556c8723bb8df39c9c7,santaisabel,38,sal de mesa,Sal Picante Carmencita 320 g,0,Online RM,Metropolitana,Santiago,2026-08-08,2026-08-08T00:26:34.299923
0fbf1bf2d6f37261c776e2e81cbe4d9e,santaisabel,39,sal de mesa,Sal del Desierto de Atacama Aukas Merkén 180 g,0,Online RM,Metropolitana,Santiago,2026-08-08,2026-08-08T00:26:34.299931
592716f677179009b0f0f9b542d4aa18,santaisabel,40,sal de mesa,Sal Parrillera Aukas Ahumada 500 g,0,Online RM,Metropolitana,Santiago,2026-08-08,2026-08-08T00:26:34.299939
4d17ffa8ec31725cac071edda5b2e0b7,santaisabel,1,mayonesa,Mayonesa Kraft 394 g,0,Online RM,Metropolitana,Santiago,2026-08-08,2026-08-08T00:26:34.301396
54ef2560689c71dd5d9135e7d68bd97f,santaisabel,2,mayonesa,Mayonesa Kraft Pote 1.26 kg,0,Online RM,Metropolitana,Santiago,2026-08-08,2026-08-08T00:26:34.301408
50178891f85013fced7ec0e6a2ad8970,santaisabel,3,mayonesa,Mayonesa Hellmann's Supreme Deli 700 g,0,Online RM,Metropolitana,Santiago,2026-08-08,2026-08-08T00:26:34.301416
a042f700c388acdbbec7476641878488,santaisabel,4,mayonesa,Mayonesa Cuisine & Co Americana 759 g,0,Online RM,Metropolitana,Santiago,2026-08-08,2026-08-08T00:26:34.301425
46c2b8a3fe36e9c031f7e53dcf347af8,santaisabel,5,mayonesa,Mayonesa Hellmann's Light 700 g,0,Online RM,Metropolitana,Santiago,2026-08-08,2026-08-08T00:26:34.301433
9d3c3af366d71b0970d1b52b9031e7be,santaisabel,6,mayonesa,Mayonesa Kraft 350 g,0,Online RM,Metropolitana,Santiago,2026-08-08,2026-08-08T00:26:34.301447
41004c897f1b0761e6c9f77ca54d582c,santaisabel,7,mayonesa,Mayonesa Vegana Hellmann's Doypack 670 g,0,Online RM,Metropolitana,Santiago,2026-08-08,2026-08-08T00:26:34.301456
930caa2d11c54d622104829e15c04fae,santaisabel,8,mayonesa,Mayonesa Hellmann's Supreme Artesana 315 g,0,Online RM,Metropolitana,Santiago,2026-08-08,2026-08-08T00:26:34.301463
2ad2f605da5e17f3e6c3501dc61f8eb0,santaisabel,9,mayonesa,Mayonesa Casera Ybarra Sin Gluten y Sin Lactosa 426 g,0,Online RM,Metropolitana,Santiago,2026-08-08,2026-08-08T00:26:34.301471
5c33d101d3828a6f6e765af4c99a7293,santaisabel,10,mayonesa,Mayonesa Tradicional 800 g,0,Online RM,Metropolitana,Santiago,2026-08-08,2026-08-08T00:26:34.301483
2a6de3510fdb54720f0f58ca2dba4fd8,santaisabel,11,mayonesa,Mayonesa Kraft 850 g,0,Online RM,Metropolitana,Santiago,2026-08-08,2026-08-08T00:26:34.301492
3451a9af518d63af0d0fee1b68214350,santaisabel,12,mayonesa,Mayonesa Hellmann's Regular 700 g,0,Online RM,Metropolitana,Santiago,2026-08-08,2026-08-08T00:26:34.301499
aff3ed59df5ae0c012aac5fda5ca4c61,santaisabel,13,mayonesa,Mayonesa Hellmann's Sachet 93 g,0,Online RM,Metropolitana,Santiago,2026-08-08,2026-08-08T00:26:34.301510
51853f455df26a1ba309bad6f5809611,santaisabel,14,mayonesa,Mayonesa Regular 950 g,0,Online RM,Metropolitana,Santiago,2026-08-08,2026-08-08T00:26:34.301518
1f76a2df317593728a9c36b3c2a854f6,santaisabel,15,mayonesa,Mayonesa Hellmann's Regular Doypack 372 g,0,Online RM,Metropolitana,Santiago,2026-08-08,2026-08-08T00:26:34.301526
c7d2297b28d51c91cfddb1566b43d9cd,santaisabel,16,mayonesa,Mayonesa Tradicional 400 g,0,Online RM,Metropolitana,Santiago,2026-08-08,2026-08-08T00:26:34.301550
5020314933fc33a4f22a62001e74b183,santaisabel,17,mayonesa,Mayonesa Hellmann's Supreme Artesana 380 g,0,Online RM,Metropolitana,Santiago,2026-08-08,2026-08-08T00:26:34.301558
e006dc7df45fd6a0d425a8f2cd934c8c,santaisabel,18,mayonesa,Mayonesa Light Cuisine 950 g,0,Online RM,Metropolitana,Santiago,2026-08-08,2026-08-08T00:26:34.301566
40198ef1dd2d74597cd162809cf94668,santaisabel,19,mayonesa,Mayonesa Cuisine & Co Americana 379 g,0,Online RM,Metropolitana,Santiago,2026-08-08,2026-08-08T00:26:34.301574
0907b3744b5e21ae2d622c7ae6a6ed88,santaisabel,20,mayonesa,Mayonesa Light 760 g,0,Online RM,Metropolitana,Santiago,2026-08-08,2026-08-08T00:26:34.301582
dd9bcd3039f0ce72a9d7c8a4ddefb600,santaisabel,21,mayonesa,Mayonesa Alacena 475 g,0,Online RM,Metropolitana,Santiago,2026-08-08,2026-08-08T00:26:34.301590
fb3dc5c4938460be51769be101b86a32,santaisabel,22,mayonesa,Mayonesa Mccormick Limón 828 ml,0,Online RM,Metropolitana,Santiago,2026-08-08,2026-08-08T00:26:34.301597
99ec783feff07c06cd77497be51af34b,santaisabel,23,mayonesa,Mayonesa Kraft Real Mayo Regular Pote 789 g,0,Online RM,Metropolitana,Santiago,2026-08-08,2026-08-08T00:26:34.301605
4bf5751e7059490e01ee8eca769f57d9,santaisabel,24,mayonesa,Mayonesa con Ajo Chovi 820 cc,0,Online RM,Metropolitana,Santiago,2026-08-08,2026-08-08T00:26:34.301613
9d76d1080b0cd72012f5a6141fb722c2,santaisabel,25,mayonesa,Mayonesa Regular 760 g,0,Online RM,Metropolitana,Santiago,2026-08-08,2026-08-08T00:26:34.301621
998f5ecb879b4ee891de5fc71fa18b20,santaisabel,26,mayonesa,Mayonesa Kraft Real Mayo Regular Squeeze 578 g,0,Online RM,Metropolitana,Santiago,2026-08-08,2026-08-08T00:26:34.301632
a5535f24f503c4fd12865490a1734bc9,santaisabel,27,mayonesa,Mayonesa Kraft Real Mayo Light Squeeze 656 g,0,Online RM,Metropolitana,Santiago,2026-08-08,2026-08-08T00:26:34.301640
a343199e30704c06c96a826561197f09,santaisabel,28,mayonesa,Mayonesa Hellmann's Regular 900 g,0,Online RM,Metropolitana,Santiago,2026-08-08,2026-08-08T00:26:34.301648
61023035a917f26681ee280f6cb64ba0,santaisabel,29,mayonesa,Mayonesa Hellmann's Light Frasco 430 g,0,Online RM,Metropolitana,Santiago,2026-08-08,2026-08-08T00:26:34.301656
77c0874110bd6a49c009bae86fc9c89f,santaisabel,30,mayonesa,Mostaza Cre-Mos Merken 250 g,0,Online RM,Metropolitana,Santiago,2026-08-08,2026-08-08T00:26:34.301664
4a7a9a058cda4ba018b1fee742985620,santaisabel,31,mayonesa,Mostaza Cre-Mos Fuerte 250 g,0,Online RM,Metropolitana,Santiago,2026-08-08,2026-08-08T00:26:34.301673
502338d3d975c852b639b2e90df91e3c,santaisabel,32,mayonesa,Mayonesa Kraft Real Mayo Light Pote 896 g,0,Online RM,Metropolitana,Santiago,2026-08-08,2026-08-08T00:26:34.301680
014805c4dfa6f5c9cdcd393a7fb132d5,santaisabel,33,mayonesa,Mayonesa Kraft Real Mayo Light Pote 447 g,0,Online RM,Metropolitana,Santiago,2026-08-08,2026-08-08T00:26:34.301688
77e534b8dc90ddf6d770a105afa2e419,santaisabel,34,mayonesa,Mayonesa Kraft Real Mayo Regular Squeeze 315 g,0,Online RM,Metropolitana,Santiago,2026-08-08,2026-08-08T00:26:34.301696
9274e84b7512d9220f1b3c639a81a947,santaisabel,35,mayonesa,Mayonesa Vegana Ybarra Sin Gluten 300 ml,0,Online RM,Metropolitana,Santiago,2026-08-08,2026-08-08T00:26:34.301707
f426eebbe1e2398f213fe64ca6379dc0,santaisabel,36,mayonesa,Mayonesa Hellmann's Frasco 430 g,0,Online RM,Metropolitana,Santiago,2026-08-08,2026-08-08T00:26:34.301719
1a6637c4c1d79bb20ca25e9ef5924819,santaisabel,37,mayonesa,Mayonesa Vintage Traverso Doypack 700 g,0,Online RM,Metropolitana,Santiago,2026-08-08,2026-08-08T00:26:34.301728
c0d417349684c4c8ada3b0197e76ac39,santaisabel,38,mayonesa,Pack 2 un. Mayonesa Hellmann's Supreme Artesana Frasco 735 g,0,Online RM,Metropolitana,Santiago,2026-08-08,2026-08-08T00:26:34.301736
e43a1755bfca7e8ca343453fba43961b,santaisabel,39,mayonesa,Mayonesa Hellmann's Frasco 780 g,0,Online RM,Metropolitana,Santiago,2026-08-08,2026-08-08T00:26:34.301744
0ee8a9151b445b534bedf76941242b77,santaisabel,40,mayonesa,Mayonesa Mayo Deli Kraft Doypack 1.1 kg,0,Online RM,Metropolitana,Santiago,2026-08-08,2026-08-08T00:26:34.301752
5b79708cd555c6fddbdc2ffd6dcbf0f5,santaisabel,1,cafe instantaneo,Café Gold Descafeinado 170 g,0,Online RM,Metropolitana,Santiago,2026-08-08,2026-08-08T00:26:34.302788
fd64e500f18c11b5464cab8d9fb05632,santaisabel,2,cafe instantaneo,Café Gold Premier Clásico Frasco 170 g,0,Online RM,Metropolitana,Santiago,2026-08-08,2026-08-08T00:26:34.302799
a57effc691dbc3c2f69828945e0d0b12,santaisabel,3,cafe instantaneo,Café Nescafé Decaf Tarro 170 g,0,Online RM,Metropolitana,Santiago,2026-08-08,2026-08-08T00:26:34.302808
98885ec2551eaf76bc288b4518ccf1dd,santaisabel,4,cafe instantaneo,Café Lavazza Prontissimo Clásico 95 g,0,Online RM,Metropolitana,Santiago,2026-08-08,2026-08-08T00:26:34.302817
00e33673262abfffca3d52024eae0918,santaisabel,5,cafe instantaneo,Café Monterrey Clásico 170 g,0,Online RM,Metropolitana,Santiago,2026-08-08,2026-08-08T00:26:34.302825
652e2b8d5fbaebf17cd633903b572252,santaisabel,6,cafe instantaneo,Café Gold Descafeinado 100 g,0,Online RM,Metropolitana,Santiago,2026-08-08,2026-08-08T00:26:34.302839
316bba38c8e8618dc40e1e7f3efa36a6,santaisabel,7,cafe instantaneo,Café Nescafé Decaf Tarro 100 g,0,Online RM,Metropolitana,Santiago,2026-08-08,2026-08-08T00:26:34.302847
14f9e349516a5fee280749a1d64aa671,santaisabel,8,cafe instantaneo,Café Nescafé Tradición 170 g,0,Online RM,Metropolitana,Santiago,2026-08-08,2026-08-08T00:26:34.302855
9d1419f0dfa140aec3c3bbb37150aa9b,santaisabel,9,cafe instantaneo,Café Gold Primera Selección 100 g,0,Online RM,Metropolitana,Santiago,2026-08-08,2026-08-08T00:26:34.302863
9a89b7d2a59fd3d9641d92263e37d56d,santaisabel,10,cafe instantaneo,Café Revitta Coffit Energizante 300 g,0,Online RM,Metropolitana,Santiago,2026-08-08,2026-08-08T00:26:34.302871
a5683e1cdea764c857fb47a4815d856c,santaisabel,11,cafe instantaneo,Café Nescafé Tradición 170 g,0,Online RM,Metropolitana,Santiago,2026-08-08,2026-08-08T00:26:34.302879
8538e299e193424fe3d6093b85a53da4,santaisabel,12,cafe instantaneo,Café Gold Primera Selección 170 g,0,Online RM,Metropolitana,Santiago,2026-08-08,2026-08-08T00:26:34.302887
e0ff644da174395b4a0fc83959b42220,santaisabel,13,cafe instantaneo,Café Nescafé Tradición 50 g,0,Online RM,Metropolitana,Santiago,2026-08-08,2026-08-08T00:26:34.302895
8aa55c70a629058c40b9afc72ac9d13e,santaisabel,14,cafe instantaneo,Café Instantáneo Cuisine & Co 150 g,0,Online RM,Metropolitana,Santiago,2026-08-08,2026-08-08T00:26:34.302903
145560812ae8e6df0f9ef0687eb79786,santaisabel,15,cafe instantaneo,Café Claridad Melen Deleón Fungeat 150 g,0,Online RM,Metropolitana,Santiago,2026-08-08,2026-08-08T00:26:34.302912
dcbd27a371d935c1ac1cd431017bd723,santaisabel,16,cafe instantaneo,Café Performance Shiitake Fungeat 150 g,0,Online RM,Metropolitana,Santiago,2026-08-08,2026-08-08T00:26:34.302923
1ad382dc3cca09999a7d03d2c998a1d1,santaisabel,17,cafe instantaneo,Café Armonía Maitake Fungeat 150 g,0,Online RM,Metropolitana,Santiago,2026-08-08,2026-08-08T00:26:34.302931
8a464f15fbdcb461c0e8f530db198658,santaisabel,18,cafe instantaneo,Café Nescafé Black Roast 170 g,0,Online RM,Metropolitana,Santiago,2026-08-08,2026-08-08T00:26:34.302939
b43f6aed3aadcf2e2db50d729c624707,santaisabel,19,cafe instantaneo,Café Instantáneo Illy 100 g,0,Online RM,Metropolitana,Santiago,2026-08-08,2026-08-08T00:26:34.302947
c5be324ecbd5f8c472a1bef457577750,santaisabel,20,cafe instantaneo,Bebida A Base de Cebada Ecco Instantáneo 170 g,0,Online RM,Metropolitana,Santiago,2026-08-08,2026-08-08T00:26:34.302961
a7b5b0a2f7596acbcc1af4c8a29b087c,santaisabel,21,cafe instantaneo,Café Nescafé Dolca 170 g,0,Online RM,Metropolitana,Santiago,2026-08-08,2026-08-08T00:26:34.302969
3e13f84b49c0e0f599ad22a30a2f71e9,santaisabel,22,cafe instantaneo,Café Revitta Coffit Protein 300 g,0,Online RM,Metropolitana,Santiago,2026-08-08,2026-08-08T00:26:34.302983
ee58d76efe13d7e0b61ccda4fff460d6,santaisabel,23,cafe instantaneo,Café Gold Dark Roast 170 g,0,Online RM,Metropolitana,Santiago,2026-08-08,2026-08-08T00:26:34.302991
0180c1c35599c9e0a72b91f7a75428bf,santaisabel,24,cafe instantaneo,Café Juan Valdez Liofilizado Instantáneo 50 g,0,Online RM,Metropolitana,Santiago,2026-08-08,2026-08-08T00:26:34.302999
985ea20168d2912f5bffc381cb744dc2,santaisabel,25,cafe instantaneo,Café Juan Valdez Liofilizado Instantáneo 190 g,0,Online RM,Metropolitana,Santiago,2026-08-08,2026-08-08T00:26:34.303007
978af139c494134f70d39ca7e7de174a,santaisabel,26,cafe instantaneo,Café Juan Valdez Liofilizado Instantáneo 95 g,0,Online RM,Metropolitana,Santiago,2026-08-08,2026-08-08T00:26:34.303017
97fabfdf68538418b2b593758ed8b8f7,santaisabel,27,cafe instantaneo,Café Instantáneo Starbucks Caramel Latte 92 g,0,Online RM,Metropolitana,Santiago,2026-08-08,2026-08-08T00:26:34.303025
5aaeb651db7115f278f309137073900f,santaisabel,28,cafe instantaneo,Café Instantáneo Nescafé Black Roast Frasco 100 g,0,Online RM,Metropolitana,Santiago,2026-08-08,2026-08-08T00:26:34.303033
1b5b6d1e8990f7d5a935264d2ee0e116,santaisabel,29,cafe instantaneo,Café Nescafé Fina Selección Sumatra Frasco 100 g,0,Online RM,Metropolitana,Santiago,2026-08-08,2026-08-08T00:26:34.303041
f1d6a24312bb9d0dc4324f38655ce3bf,santaisabel,30,cafe instantaneo,Café Primera Selección 50 g,0,Online RM,Metropolitana,Santiago,2026-08-08,2026-08-08T00:26:34.303048
658ffaa62b4127dadd3cbd82cce699dd,santaisabel,31,cafe instantaneo,Café Gold Micromolido 100 g,0,Online RM,Metropolitana,Santiago,2026-08-08,2026-08-08T00:26:34.303056
d044f880bc83e0b55c311523b9ad634d,santaisabel,32,cafe instantaneo,Café Instantáneo Nescafé Cappuccino Frasco 280 g,0,Online RM,Metropolitana,Santiago,2026-08-08,2026-08-08T00:26:34.303064
aeae27f9c3cc69c1112ae17377ce07fc,santaisabel,1,te ceylan,Té Ceylán Supremo Premium 200 g 100 un.,0,Online RM,Metropolitana,Santiago,2026-08-08,2026-08-08T00:26:34.303848
778b9d6bcedd2679779979233579e026,santaisabel,2,te ceylan,Té Ceylán Supremo Manzana y Canela Caja 40 g 20 un.,0,Online RM,Metropolitana,Santiago,2026-08-08,2026-08-08T00:26:34.303859
36615111f02640fcbb1f3ce56c582e71,santaisabel,3,te ceylan,Té Ceylán Supremo Premium Doble Cámara Caja 40 g 20 un.,0,Online RM,Metropolitana,Santiago,2026-08-08,2026-08-08T00:26:34.303868
edefbe99e29795d9784f1a19b2bc7f9e,santaisabel,4,te ceylan,Té en Hojas Superior Ceylán Bolsa 250 g,0,Online RM,Metropolitana,Santiago,2026-08-08,2026-08-08T00:26:34.303879
67a92c763a224c1d47d4778fb58d3ba5,santaisabel,5,te ceylan,Té Ceylán Mildred Tea Caja 100 Bolsitas 200 g,0,Online RM,Metropolitana,Santiago,2026-08-08,2026-08-08T00:26:34.303888
051a0295712e1ae8f364dd19e5e91a80,santaisabel,6,te ceylan,Té Ceylán Teefix 100 Bolsas Caja 200 g,0,Online RM,Metropolitana,Santiago,2026-08-08,2026-08-08T00:26:34.303897
1caee7272116d6fae07f326b272fa82b,santaisabel,7,te ceylan,Té Ceylán Supremo Naranja Caja 40 g 20 un.,0,Online RM,Metropolitana,Santiago,2026-08-08,2026-08-08T00:26:34.303906
2f4316e31e12b658c63383135c29f34f,santaisabel,8,te ceylan,Té Ceylán Supremo Oro 50 Bolsitas,0,Online RM,Metropolitana,Santiago,2026-08-08,2026-08-08T00:26:34.303914
e5eeeac7eca604f42a162ec9ddca85b1,santaisabel,9,te ceylan,Té Ceylán Canela Supremo Aromatizado Caja 40 g 20 Bolsas,0,Online RM,Metropolitana,Santiago,2026-08-08,2026-08-08T00:26:34.303924
1b6aab898cc94955ad6e00304eade7f2,santaisabel,10,te ceylan,Té Ceylán Supremo Línea Oro Caja 200 g 100 un.,0,Online RM,Metropolitana,Santiago,2026-08-08,2026-08-08T00:26:34.303933
65d9e1dda120054c7fa0406e2f2f2f94,santaisabel,11,te ceylan,Té en Hojas Superior Ceylán Bolsa 500 g,0,Online RM,Metropolitana,Santiago,2026-08-08,2026-08-08T00:26:34.303941
8fc1c3bfc7dec25e8cfb76b8db6e4686,santaisabel,12,te ceylan,Té Ceylán Supremo Mystic 80 Bolsitas,0,Online RM,Metropolitana,Santiago,2026-08-08,2026-08-08T00:26:34.303949
052c7cb2b5761e2e2ec80f45a6f0862f,santaisabel,13,te ceylan,Té Ceylán Mildred Tea Bolsa 250 g,0,Online RM,Metropolitana,Santiago,2026-08-08,2026-08-08T00:26:34.303957
283700a12ae709215a78b06835e052b3,santaisabel,14,te ceylan,Té Ceylán Supremo Express Caja 200 g 100 un.,0,Online RM,Metropolitana,Santiago,2026-08-08,2026-08-08T00:26:34.303971
e414272f7d27ee331806e871ab61c580,santaisabel,15,te ceylan,Té Ceylán Supremo Limón 40 g 20 un.,0,Online RM,Metropolitana,Santiago,2026-08-08,2026-08-08T00:26:34.303981
f26ad3b6cad39f788ee794ad0c9576fd,santaisabel,16,te ceylan,Té Ceylán Supremo Menta 40 g 20 un.,0,Online RM,Metropolitana,Santiago,2026-08-08,2026-08-08T00:26:34.303989
9111385becac77afa24b8b017e9cdeac,santaisabel,17,te ceylan,Té Akbar Ceylán Negro 100 Bolsas Caja 200 g,0,Online RM,Metropolitana,Santiago,2026-08-08,2026-08-08T00:26:34.304000
aba69b03f6a16d95c96c4f1994387e32,santaisabel,18,te ceylan,Té Ceylán Supremo en Hojas Bolsa 250 g,0,Online RM,Metropolitana,Santiago,2026-08-08,2026-08-08T00:26:34.304008
2c066bd987f482a5d40fec91cfd1f37d,santaisabel,19,te ceylan,Té Ceylán Mildred Tea Caja 40 g 20 Bolsas,0,Online RM,Metropolitana,Santiago,2026-08-08,2026-08-08T00:26:34.304016
416062a9b1b20264db111588bc33ba85,santaisabel,20,te ceylan,Té Ceylán Supremo Mystic 50 Bolsitas,0,Online RM,Metropolitana,Santiago,2026-08-08,2026-08-08T00:26:34.304024
5ad98db82d3986ee27418f7ba36ad0d6,santaisabel,21,te ceylan,Té en Hojas Sir Winston Tea Ceylán en Bolsa 250 g,0,Online RM,Metropolitana,Santiago,2026-08-08,2026-08-08T00:26:34.304033
c9f3f17bc591427e60aaf075ba7efb24,santaisabel,22,te ceylan,Té Club Ceylán Classic Sobre Envoltura 100 un.,0,Online RM,Metropolitana,Santiago,2026-08-08,2026-08-08T00:26:34.304042
3b665481de4c42833c4e6da9787f70fa,santaisabel,23,te ceylan,Té Club Ceylán Premium Sobre Envoltura 100 un.,0,Online RM,Metropolitana,Santiago,2026-08-08,2026-08-08T00:26:34.304124
d6d2313ca12bdf9a9fbe6a6fb1b0064b,santaisabel,1,agua mineral 1.5l,Agua Mineral Solán de Cabras Sin Gas 1.5 L,0,Online RM,Metropolitana,Santiago,2026-08-08,2026-08-08T00:26:34.304787
b88d5ab06d18b9e7660469d27606e03b,santaisabel,2,agua mineral 1.5l,Agua Mineral Puyehue Sin Gas 1.5 L,0,Online RM,Metropolitana,Santiago,2026-08-08,2026-08-08T00:26:34.304800
29d5b31baabe44327aeab6e94de294d0,santaisabel,3,agua mineral 1.5l,Agua Mineral Porvenir Sin Gas 1.5 L,0,Online RM,Metropolitana,Santiago,2026-08-08,2026-08-08T00:26:34.304809
2012dca4004e4a1e865098bb4edcdf25,santaisabel,4,agua mineral 1.5l,Agua Mineral Puyehue Light Gasificada 1.5 L,0,Online RM,Metropolitana,Santiago,2026-08-08,2026-08-08T00:26:34.304818
41afd38c76600d175c9aab15dade2bfa,santaisabel,5,agua mineral 1.5l,Agua Mineral Puyehue Gasificada 1.5 L,0,Online RM,Metropolitana,Santiago,2026-08-08,2026-08-08T00:26:34.304827
7ef3428dd02530be4d78789b2ff4a0df,santaisabel,6,agua mineral 1.5l,Agua Mineral Porvenir Gasificada 1.5 L,0,Online RM,Metropolitana,Santiago,2026-08-08,2026-08-08T00:26:34.304835
8917a20e5e6b8b6787712330f5c67c7d,santaisabel,7,agua mineral 1.5l,Agua Manantial Sin Gas 1.5 L,0,Online RM,Metropolitana,Santiago,2026-08-08,2026-08-08T00:26:34.304844
1442c79ce337ce8179838b10862d27a8,santaisabel,8,agua mineral 1.5l,Agua Manantial con Gas 1.5 L,0,Online RM,Metropolitana,Santiago,2026-08-08,2026-08-08T00:26:34.304852
a539b981414890bb99f1b54a6d586a55,santaisabel,9,agua mineral 1.5l,Agua Evian 1.5 L,0,Online RM,Metropolitana,Santiago,2026-08-08,2026-08-08T00:26:34.304859
40688bce6c434dad90b9242a3e9f67c3,santaisabel,10,agua mineral 1.5l,Agua Rizola Gasificada 1.5 L,0,Online RM,Metropolitana,Santiago,2026-08-08,2026-08-08T00:26:34.304868
6c3560efe0ad2f40988b74f48a6a3ec9,santaisabel,11,agua mineral 1.5l,Agua Rizola Sin Gas 1.5 L,0,Online RM,Metropolitana,Santiago,2026-08-08,2026-08-08T00:26:34.304882
477c5464b1b3e0c70d65aaa53789bbd5,santaisabel,1,bebida cola 2l,Bebida Coca-Cola sin azúcar retornable 2 L + Envase,0,Online RM,Metropolitana,Santiago,2026-08-08,2026-08-08T00:26:34.305325
57152ac398c1bb3fc86c932c4057ee04,santaisabel,2,bebida cola 2l,Bebida Coca-Cola Original 2 L,0,Online RM,Metropolitana,Santiago,2026-08-08,2026-08-08T00:26:34.305337
9a09e42718f60aca8ca4d50e936c559b,santaisabel,3,bebida cola 2l,Bebida Coca-Cola Zero 2 L,0,Online RM,Metropolitana,Santiago,2026-08-08,2026-08-08T00:26:34.305345
07790dee52a3a76b91cd6a22b3d2dc50,santaisabel,4,bebida cola 2l,Bebida Coca-Cola Light 2 L,0,Online RM,Metropolitana,Santiago,2026-08-08,2026-08-08T00:26:34.305353
6dd3005fbd5617fd25564981cdf1f566,santaisabel,1,jugo nectar 1.5l,Néctar del Valle Naranja 1.5 L,0,Online RM,Metropolitana,Santiago,2026-08-08,2026-08-08T00:26:34.308045
fce86850af4196f04293d3e47102a6e0,santaisabel,2,jugo nectar 1.5l,Néctar Watt's Naranja Sin Azúcar Añadida 1.5 L,0,Online RM,Metropolitana,Santiago,2026-08-08,2026-08-08T00:26:34.308066
616d98cdb1f5ad86d2c776645ac86ce4,santaisabel,3,jugo nectar 1.5l,Néctar Watt's Manzana Boca Ancha 1.5 L,0,Online RM,Metropolitana,Santiago,2026-08-08,2026-08-08T00:26:34.308081
f0b645199c768117a35f709bff81f9d8,santaisabel,4,jugo nectar 1.5l,Néctar Watt's Durazno 0% Azúcar Añadida 1.5 L,0,Online RM,Metropolitana,Santiago,2026-08-08,2026-08-08T00:26:34.308095
afa12f69a7209f19071f3bdc37e7a63e,santaisabel,5,jugo nectar 1.5l,Néctar Watt's 0% Azúcar Añadida Mango 1.5 L,0,Online RM,Metropolitana,Santiago,2026-08-08,2026-08-08T00:26:34.308109
4c2ff35a8083b41b53ac2d3213c7e67f,santaisabel,6,jugo nectar 1.5l,Néctar Watt's Piña 0% Azúcar Añadida 1.5 L,0,Online RM,Metropolitana,Santiago,2026-08-08,2026-08-08T00:26:34.308130
c4f199149695e4cc249abb5bbdf3029b,santaisabel,7,jugo nectar 1.5l,Néctar del Valle Naranja 0% Azúcar Añadida 1.5 L,0,Online RM,Metropolitana,Santiago,2026-08-08,2026-08-08T00:26:34.308144
c472342f4b66a30a171f95db9ef88680,santaisabel,8,jugo nectar 1.5l,Néctar Watt's Tuti Frutilla 1.5 L,0,Online RM,Metropolitana,Santiago,2026-08-08,2026-08-08T00:26:34.308158
7a6fc85abc38545ebeff3c6bf9c16ce3,santaisabel,9,jugo nectar 1.5l,Néctar Watt's Piña 1.5 L,0,Online RM,Metropolitana,Santiago,2026-08-08,2026-08-08T00:26:34.308172
b95a13297c8a021744ccf858ea304c96,santaisabel,10,jugo nectar 1.5l,Néctar Watt's Durazno 1.5 L,0,Online RM,Metropolitana,Santiago,2026-08-08,2026-08-08T00:26:34.308186
e5dea6861168427fb6356937fe12fd36,santaisabel,11,jugo nectar 1.5l,Néctar del Valle Durazno 0% Azúcar Añadida 1.5 L,0,Online RM,Metropolitana,Santiago,2026-08-08,2026-08-08T00:26:34.308200
aebd7d3ff56f85131289f75e2a3391d8,santaisabel,12,jugo nectar 1.5l,Néctar Watt's Tutti Kiwi 1.5 L,0,Online RM,Metropolitana,Santiago,2026-08-08,2026-08-08T00:26:34.308214
06b717e1cc9e4ee8dfe6bdad93fcd9c7,santaisabel,13,jugo nectar 1.5l,Néctar Watt's Tutti Arándano 1.5 L,0,Online RM,Metropolitana,Santiago,2026-08-08,2026-08-08T00:26:34.308227
487fa41951fecaea424b9f89984d55d7,santaisabel,14,jugo nectar 1.5l,Néctar Watt's Naranja 1.5 L,0,Online RM,Metropolitana,Santiago,2026-08-08,2026-08-08T00:26:34.308241
db98d583765e1b36b81906f055f4b6ce,santaisabel,15,jugo nectar 1.5l,Néctar Watt's Naranja-Plátano 1.5 L,0,Online RM,Metropolitana,Santiago,2026-08-08,2026-08-08T00:26:34.308254
8ddfe74590d5275ebc4558ce84ec9d4e,santaisabel,16,jugo nectar 1.5l,Néctar Watt's Damasco 1.5 L,0,Online RM,Metropolitana,Santiago,2026-08-08,2026-08-08T00:26:34.308272
5017a903f1a2b9088752c897dc30933e,santaisabel,17,jugo nectar 1.5l,Néctar Livean Piña 1.5 L,0,Online RM,Metropolitana,Santiago,2026-08-08,2026-08-08T00:26:34.308285
767ed06bf21746d670059be6ad4279b4,santaisabel,18,jugo nectar 1.5l,Néctar Livean Manzana 1.5 L,0,Online RM,Metropolitana,Santiago,2026-08-08,2026-08-08T00:26:34.308299
79190f921027f47f2004490bfaa9237c,santaisabel,19,jugo nectar 1.5l,Néctar Livean Durazno 1.5 L,0,Online RM,Metropolitana,Santiago,2026-08-08,2026-08-08T00:26:34.308312
614bb3874ee6870195059d64636bfa21,santaisabel,20,jugo nectar 1.5l,Néctar del Valle Piña 1.5 L,0,Online RM,Metropolitana,Santiago,2026-08-08,2026-08-08T00:26:34.308326
8cec9008f8b63918780433f9065c4b62,santaisabel,21,jugo nectar 1.5l,Néctar del Valle Manzana 1.5 L,0,Online RM,Metropolitana,Santiago,2026-08-08,2026-08-08T00:26:34.308346
0f1159d7617ab922b8837b3b464314ac,santaisabel,22,jugo nectar 1.5l,Néctar del Valle Durazno 1.5 L,0,Online RM,Metropolitana,Santiago,2026-08-08,2026-08-08T00:26:34.308359
bbb2b200a0e435604bac5e32d2377ab3,santaisabel,23,jugo nectar 1.5l,Néctar del Valle Damasco 1.5 L,0,Online RM,Metropolitana,Santiago,2026-08-08,2026-08-08T00:26:34.308373
48b7d3f4695760129b5225375c5d7c64,santaisabel,24,jugo nectar 1.5l,Néctar Natural Maqui Berry 1.5 L,0,Online RM,Metropolitana,Santiago,2026-08-08,2026-08-08T00:26:34.308386
549314e7e381adecbd034c558c58241e,santaisabel,25,jugo nectar 1.5l,Néctar del Valle Kiwi 0% Azúcar Añadida 1.5 L,0,Online RM,Metropolitana,Santiago,2026-08-08,2026-08-08T00:26:34.308400
8655f25b34c826eb7379a5e67b0da924,santaisabel,26,jugo nectar 1.5l,Néctar del Valle Piña 0% Azúcar Añadida 1.5 L,0,Online RM,Metropolitana,Santiago,2026-08-08,2026-08-08T00:26:34.308417
c59637c72582a90f5beec9397837bc16,santaisabel,27,jugo nectar 1.5l,Néctar Livean Limonada Clásica 1.5 L,0,Online RM,Metropolitana,Santiago,2026-08-08,2026-08-08T00:26:34.308430
9f5d573ce8571d6b6f18b7d4bcd3f3cb,santaisabel,28,jugo nectar 1.5l,Néctar del Valle Multi-Frutilla 0% Azúcar Añadida 1.5 L,0,Online RM,Metropolitana,Santiago,2026-08-08,2026-08-08T00:26:34.308444
5c653b4ffe81d21f8eb84a8d84ad6609,santaisabel,29,jugo nectar 1.5l,Néctar Livean Naranja 1.5 L,0,Online RM,Metropolitana,Santiago,2026-08-08,2026-08-08T00:26:34.308457
bf0518a9f2f74e2cc9b07f10e329b10e,santaisabel,30,jugo nectar 1.5l,Néctar Watt's Maracuyá 1.5 L,0,Online RM,Metropolitana,Santiago,2026-08-08,2026-08-08T00:26:34.308471
4997e0702c67378c7437ad710adf10b0,santaisabel,31,jugo nectar 1.5l,Néctar Natural Maqui Arándano-Naranja 1.5 L,0,Online RM,Metropolitana,Santiago,2026-08-08,2026-08-08T00:26:34.308485
501b538b65f84f7c8042101b9aac2d67,santaisabel,32,jugo nectar 1.5l,Néctar Natural Maqui Cranberry Maqui Light Gas 1.5 L,0,Online RM,Metropolitana,Santiago,2026-08-08,2026-08-08T00:26:34.308499
a1b49023a0cb4eb46cda3625d1babc7d,santaisabel,33,jugo nectar 1.5l,Néctar Watt´S Tutiarándano Light 1.5 L,0,Online RM,Metropolitana,Santiago,2026-08-08,2026-08-08T00:26:34.308512
b56c532945bffa002812a0a502e66e02,santaisabel,34,jugo nectar 1.5l,Néctar Multi-Frutilla 1.5 L,0,Online RM,Metropolitana,Santiago,2026-08-08,2026-08-08T00:26:34.308547
af08075fede578c7af731fa85379d4fc,santaisabel,35,jugo nectar 1.5l,Néctar Andina Fresh Naranja 1.5 L,0,Online RM,Metropolitana,Santiago,2026-08-08,2026-08-08T00:26:34.308561
24738a8163d439ba7b838514512e0d42,santaisabel,36,jugo nectar 1.5l,Jugo Quillayes Manzana 1.5 L,0,Online RM,Metropolitana,Santiago,2026-08-08,2026-08-08T00:26:34.308578
82941ea7ec9e4d71f16bc730e0fb6c25,santaisabel,37,jugo nectar 1.5l,Néctar Watt's Tutti Frutilla 0% Azúcar Añadida 1.5 L,0,Online RM,Metropolitana,Santiago,2026-08-08,2026-08-08T00:26:34.308593
dc723a076d6467e3bd529dcca782c889,santaisabel,38,jugo nectar 1.5l,Néctar Watt's Manzana 0% Azúcar Añadida 1.5 L,0,Online RM,Metropolitana,Santiago,2026-08-08,2026-08-08T00:26:34.308607
